{"v":"5.5.7","meta":{"g":"LottieFiles AE 0.1.20","a":"","k":"","d":"","tc":""},"fr":24,"ip":0,"op":360,"w":600,"h":600,"nm":"digital final","ddd":0,"assets":[{"id":"comp_0","layers":[{"ddd":0,"ind":1,"ty":4,"nm":"Shape Layer 4","sr":1,"ks":{"o":{"a":1,"k":[{"i":{"x":[0.833],"y":[0.833]},"o":{"x":[0.167],"y":[0.167]},"t":154,"s":[100]},{"t":260,"s":[0]}],"ix":11},"r":{"a":0,"k":0,"ix":10},"p":{"a":0,"k":[298.25,298.25,0],"ix":2},"a":{"a":0,"k":[0,0,0],"ix":1},"s":{"a":0,"k":[100,100,100],"ix":6}},"ao":0,"shapes":[{"ty":"gr","it":[{"ind":0,"ty":"sh","ix":1,"ks":{"a":1,"k":[{"i":{"x":0.667,"y":1},"o":{"x":0.333,"y":0},"t":64,"s":[{"i":[[0,0],[0,0],[-64,-2],[0,0],[0,0]],"o":[[0,0],[0,0],[64,2],[0,0],[0,0]],"v":[[-98,-214],[-74,170],[-2,210],[76,182],[112,-245.5]],"c":true}]},{"t":125,"s":[{"i":[[0,0],[0,0],[-64,-2],[0,0],[0,0]],"o":[[0,0],[0,0],[64,2],[0,0],[0,0]],"v":[[-270,-298],[-74,170],[-2,210],[76,182],[270,-296]],"c":true}]}],"ix":2},"nm":"Path 1","mn":"ADBE Vector Shape - Group","hd":false},{"ty":"st","c":{"a":0,"k":[1,1,1,1],"ix":3},"o":{"a":0,"k":100,"ix":4},"w":{"a":0,"k":0,"ix":5},"lc":1,"lj":1,"ml":4,"bm":0,"nm":"Stroke 1","mn":"ADBE Vector Graphic - Stroke","hd":false},{"ty":"gf","o":{"a":0,"k":100,"ix":10},"r":1,"bm":0,"g":{"p":3,"k":{"a":0,"k":[0,0.863,0.987,1,0.428,0.615,0.964,0.963,1,0.368,0.941,0.925,0,1,0.45,0.5,1,0],"ix":9}},"s":{"a":1,"k":[{"i":{"x":0.833,"y":0.833},"o":{"x":0.167,"y":0.167},"t":48,"s":[-43.508,246.922],"to":[10.437,-7.926],"ti":[0,0]},{"i":{"x":0.833,"y":0.833},"o":{"x":0.167,"y":0.167},"t":73,"s":[19.113,199.367],"to":[0,0],"ti":[10.437,-7.926]},{"t":103,"s":[-43.508,246.922]}],"ix":5},"e":{"a":1,"k":[{"i":{"x":0.833,"y":0.833},"o":{"x":0.167,"y":0.167},"t":48,"s":[-53.445,-113.016],"to":[13.102,-1.092],"ti":[0,0]},{"i":{"x":0.833,"y":0.833},"o":{"x":0.167,"y":0.167},"t":73,"s":[25.168,-119.57],"to":[0,0],"ti":[13.102,-1.092]},{"t":103,"s":[-53.445,-113.016]}],"ix":6},"t":1,"nm":"Gradient Fill 1","mn":"ADBE Vector Graphic - G-Fill","hd":false},{"ty":"tr","p":{"a":0,"k":[0,0],"ix":2},"a":{"a":0,"k":[0,0],"ix":1},"s":{"a":0,"k":[100,100],"ix":3},"r":{"a":0,"k":0,"ix":6},"o":{"a":1,"k":[{"i":{"x":[0.833],"y":[0.833]},"o":{"x":[0.167],"y":[0.167]},"t":48,"s":[0]},{"t":63,"s":[41]}],"ix":7},"sk":{"a":0,"k":0,"ix":4},"sa":{"a":0,"k":0,"ix":5},"nm":"Transform"}],"nm":"Shape 1","np":3,"cix":2,"bm":0,"ix":1,"mn":"ADBE Vector Group","hd":false}],"ip":48,"op":408,"st":48,"bm":0},{"ddd":0,"ind":2,"ty":0,"nm":"square","refId":"comp_1","sr":1,"ks":{"o":{"a":0,"k":100,"ix":11},"r":{"a":0,"k":0,"ix":10},"p":{"a":0,"k":[260,388,0],"ix":2},"a":{"a":0,"k":[20,40,0],"ix":1},"s":{"a":0,"k":[45,42.5,100],"ix":6}},"ao":0,"w":40,"h":80,"ip":20,"op":260,"st":20,"bm":0},{"ddd":0,"ind":3,"ty":0,"nm":"square","refId":"comp_1","sr":1,"ks":{"o":{"a":0,"k":100,"ix":11},"r":{"a":0,"k":0,"ix":10},"p":{"a":0,"k":[200,372,0],"ix":2},"a":{"a":0,"k":[20,40,0],"ix":1},"s":{"a":0,"k":[45,42.5,100],"ix":6}},"ao":0,"w":40,"h":80,"ip":40,"op":280,"st":40,"bm":0},{"ddd":0,"ind":4,"ty":0,"nm":"square","refId":"comp_1","sr":1,"ks":{"o":{"a":0,"k":100,"ix":11},"r":{"a":0,"k":0,"ix":10},"p":{"a":0,"k":[405,215,0],"ix":2},"a":{"a":0,"k":[20,40,0],"ix":1},"s":{"a":0,"k":[45,42.5,100],"ix":6}},"ao":0,"w":40,"h":80,"ip":51,"op":291,"st":51,"bm":0},{"ddd":0,"ind":5,"ty":0,"nm":"square","refId":"comp_1","sr":1,"ks":{"o":{"a":0,"k":100,"ix":11},"r":{"a":0,"k":0,"ix":10},"p":{"a":0,"k":[176,240,0],"ix":2},"a":{"a":0,"k":[20,40,0],"ix":1},"s":{"a":0,"k":[45,42.5,100],"ix":6}},"ao":0,"w":40,"h":80,"ip":56,"op":296,"st":56,"bm":0},{"ddd":0,"ind":6,"ty":0,"nm":"square","refId":"comp_1","sr":1,"ks":{"o":{"a":0,"k":100,"ix":11},"r":{"a":0,"k":0,"ix":10},"p":{"a":0,"k":[275,238,0],"ix":2},"a":{"a":0,"k":[20,40,0],"ix":1},"s":{"a":0,"k":[45,42.5,100],"ix":6}},"ao":0,"w":40,"h":80,"ip":41,"op":281,"st":41,"bm":0},{"ddd":0,"ind":7,"ty":0,"nm":"square","refId":"comp_1","sr":1,"ks":{"o":{"a":0,"k":100,"ix":11},"r":{"a":0,"k":0,"ix":10},"p":{"a":0,"k":[352,111,0],"ix":2},"a":{"a":0,"k":[20,40,0],"ix":1},"s":{"a":0,"k":[45,42.5,100],"ix":6}},"ao":0,"w":40,"h":80,"ip":33,"op":273,"st":33,"bm":0},{"ddd":0,"ind":8,"ty":0,"nm":"square","refId":"comp_1","sr":1,"ks":{"o":{"a":0,"k":100,"ix":11},"r":{"a":0,"k":0,"ix":10},"p":{"a":0,"k":[161,109,0],"ix":2},"a":{"a":0,"k":[20,40,0],"ix":1},"s":{"a":0,"k":[21.25,21.25,100],"ix":6}},"ao":0,"w":40,"h":80,"ip":67,"op":307,"st":67,"bm":0},{"ddd":0,"ind":9,"ty":0,"nm":"square","refId":"comp_1","sr":1,"ks":{"o":{"a":0,"k":100,"ix":11},"r":{"a":0,"k":0,"ix":10},"p":{"a":0,"k":[294,101,0],"ix":2},"a":{"a":0,"k":[20,40,0],"ix":1},"s":{"a":0,"k":[21.25,21.25,100],"ix":6}},"ao":0,"w":40,"h":80,"ip":29,"op":269,"st":29,"bm":0},{"ddd":0,"ind":10,"ty":0,"nm":"square","refId":"comp_1","sr":1,"ks":{"o":{"a":0,"k":100,"ix":11},"r":{"a":0,"k":0,"ix":10},"p":{"a":0,"k":[199,183,0],"ix":2},"a":{"a":0,"k":[20,40,0],"ix":1},"s":{"a":0,"k":[-28.75,-23.75,100],"ix":6}},"ao":0,"w":40,"h":80,"ip":55,"op":295,"st":55,"bm":0},{"ddd":0,"ind":11,"ty":0,"nm":"square","refId":"comp_1","sr":1,"ks":{"o":{"a":0,"k":100,"ix":11},"r":{"a":0,"k":0,"ix":10},"p":{"a":0,"k":[235,165,0],"ix":2},"a":{"a":0,"k":[20,40,0],"ix":1},"s":{"a":0,"k":[21.25,21.25,100],"ix":6}},"ao":0,"w":40,"h":80,"ip":32,"op":272,"st":32,"bm":0},{"ddd":0,"ind":12,"ty":0,"nm":"square","refId":"comp_1","sr":1,"ks":{"o":{"a":0,"k":100,"ix":11},"r":{"a":0,"k":0,"ix":10},"p":{"a":0,"k":[195,297,0],"ix":2},"a":{"a":0,"k":[20,40,0],"ix":1},"s":{"a":0,"k":[21.25,21.25,100],"ix":6}},"ao":0,"w":40,"h":80,"ip":42,"op":282,"st":42,"bm":0},{"ddd":0,"ind":13,"ty":0,"nm":"square","refId":"comp_1","sr":1,"ks":{"o":{"a":0,"k":100,"ix":11},"r":{"a":0,"k":0,"ix":10},"p":{"a":0,"k":[300,313,0],"ix":2},"a":{"a":0,"k":[20,40,0],"ix":1},"s":{"a":0,"k":[21.25,21.25,100],"ix":6}},"ao":0,"w":40,"h":80,"ip":54,"op":294,"st":54,"bm":0},{"ddd":0,"ind":14,"ty":0,"nm":"square","refId":"comp_1","sr":1,"ks":{"o":{"a":0,"k":100,"ix":11},"r":{"a":0,"k":0,"ix":10},"p":{"a":0,"k":[378,381,0],"ix":2},"a":{"a":0,"k":[20,40,0],"ix":1},"s":{"a":0,"k":[41.25,41.25,100],"ix":6}},"ao":0,"w":40,"h":80,"ip":37,"op":277,"st":37,"bm":0},{"ddd":0,"ind":15,"ty":0,"nm":"square","refId":"comp_1","sr":1,"ks":{"o":{"a":0,"k":100,"ix":11},"r":{"a":0,"k":0,"ix":10},"p":{"a":0,"k":[373,251,0],"ix":2},"a":{"a":0,"k":[20,40,0],"ix":1},"s":{"a":0,"k":[41.25,41.25,100],"ix":6}},"ao":0,"w":40,"h":80,"ip":88,"op":328,"st":88,"bm":0},{"ddd":0,"ind":16,"ty":0,"nm":"square","refId":"comp_1","sr":1,"ks":{"o":{"a":0,"k":100,"ix":11},"r":{"a":0,"k":0,"ix":10},"p":{"a":0,"k":[313,233,0],"ix":2},"a":{"a":0,"k":[20,40,0],"ix":1},"s":{"a":0,"k":[41.25,41.25,100],"ix":6}},"ao":0,"w":40,"h":80,"ip":32,"op":272,"st":32,"bm":0},{"ddd":0,"ind":17,"ty":0,"nm":"square","refId":"comp_1","sr":1,"ks":{"o":{"a":0,"k":100,"ix":11},"r":{"a":0,"k":0,"ix":10},"p":{"a":0,"k":[277,251,0],"ix":2},"a":{"a":0,"k":[20,40,0],"ix":1},"s":{"a":0,"k":[-8.75,-3.75,100],"ix":6}},"ao":0,"w":40,"h":80,"ip":38,"op":278,"st":38,"bm":0},{"ddd":0,"ind":18,"ty":0,"nm":"square","refId":"comp_1","sr":1,"ks":{"o":{"a":0,"k":100,"ix":11},"r":{"a":0,"k":0,"ix":10},"p":{"a":0,"k":[372,169,0],"ix":2},"a":{"a":0,"k":[20,40,0],"ix":1},"s":{"a":0,"k":[41.25,41.25,100],"ix":6}},"ao":0,"w":40,"h":80,"ip":58,"op":298,"st":58,"bm":0},{"ddd":0,"ind":19,"ty":0,"nm":"square","refId":"comp_1","sr":1,"ks":{"o":{"a":0,"k":100,"ix":11},"r":{"a":0,"k":0,"ix":10},"p":{"a":0,"k":[290,192,0],"ix":2},"a":{"a":0,"k":[20,40,0],"ix":1},"s":{"a":0,"k":[41.25,41.25,100],"ix":6}},"ao":0,"w":40,"h":80,"ip":19,"op":259,"st":19,"bm":0},{"ddd":0,"ind":20,"ty":0,"nm":"square","refId":"comp_1","sr":1,"ks":{"o":{"a":0,"k":100,"ix":11},"r":{"a":0,"k":0,"ix":10},"p":{"a":0,"k":[233,259,0],"ix":2},"a":{"a":0,"k":[20,40,0],"ix":1},"s":{"a":0,"k":[65,62.5,100],"ix":6}},"ao":0,"w":40,"h":80,"ip":76,"op":316,"st":76,"bm":0},{"ddd":0,"ind":21,"ty":0,"nm":"square","refId":"comp_1","sr":1,"ks":{"o":{"a":0,"k":100,"ix":11},"r":{"a":0,"k":0,"ix":10},"p":{"a":0,"k":[353,306,0],"ix":2},"a":{"a":0,"k":[20,40,0],"ix":1},"s":{"a":0,"k":[65,62.5,100],"ix":6}},"ao":0,"w":40,"h":80,"ip":41,"op":281,"st":41,"bm":0},{"ddd":0,"ind":22,"ty":0,"nm":"square","refId":"comp_1","sr":1,"ks":{"o":{"a":0,"k":100,"ix":11},"r":{"a":0,"k":0,"ix":10},"p":{"a":0,"k":[271,333,0],"ix":2},"a":{"a":0,"k":[20,40,0],"ix":1},"s":{"a":0,"k":[65,62.5,100],"ix":6}},"ao":0,"w":40,"h":80,"ip":25,"op":265,"st":25,"bm":0},{"ddd":0,"ind":23,"ty":0,"nm":"square","refId":"comp_1","sr":1,"ks":{"o":{"a":0,"k":100,"ix":11},"r":{"a":0,"k":0,"ix":10},"p":{"a":0,"k":[324,366,0],"ix":2},"a":{"a":0,"k":[20,40,0],"ix":1},"s":{"a":0,"k":[65,62.5,100],"ix":6}},"ao":0,"w":40,"h":80,"ip":51,"op":291,"st":51,"bm":0},{"ddd":0,"ind":24,"ty":0,"nm":"square","refId":"comp_1","sr":1,"ks":{"o":{"a":0,"k":100,"ix":11},"r":{"a":0,"k":0,"ix":10},"p":{"a":0,"k":[278,440,0],"ix":2},"a":{"a":0,"k":[20,40,0],"ix":1},"s":{"a":0,"k":[65,62.5,100],"ix":6}},"ao":0,"w":40,"h":80,"ip":71,"op":311,"st":71,"bm":0},{"ddd":0,"ind":25,"ty":0,"nm":"square","refId":"comp_1","sr":1,"ks":{"o":{"a":0,"k":100,"ix":11},"r":{"a":0,"k":0,"ix":10},"p":{"a":0,"k":[338,456,0],"ix":2},"a":{"a":0,"k":[20,40,0],"ix":1},"s":{"a":0,"k":[65,62.5,100],"ix":6}},"ao":0,"w":40,"h":80,"ip":20,"op":260,"st":20,"bm":0},{"ddd":0,"ind":26,"ty":4,"nm":"digital-engine Outlines","sr":1,"ks":{"o":{"a":0,"k":100,"ix":11},"r":{"a":0,"k":0,"ix":10},"p":{"a":0,"k":[302,294,0],"ix":2},"a":{"a":0,"k":[300,300,0],"ix":1},"s":{"a":0,"k":[100,100,100],"ix":6}},"ao":0,"shapes":[{"ty":"gr","it":[{"ind":0,"ty":"sh","ix":1,"ks":{"a":0,"k":{"i":[[0,0],[0,0],[0,0],[0,0],[0,0],[0,0]],"o":[[0,0],[0,0],[0,0],[0,0],[0,0],[0,0]],"v":[[260.25,550.5],[262.25,587.75],[285.742,590.905],[308,590],[308.75,553.75],[285.245,553.238]],"c":true},"ix":2},"nm":"Path 1","mn":"ADBE Vector Shape - Group","hd":false},{"ty":"st","c":{"a":0,"k":[1,1,1,1],"ix":3},"o":{"a":0,"k":100,"ix":4},"w":{"a":0,"k":0,"ix":5},"lc":1,"lj":1,"ml":4,"bm":0,"nm":"Stroke 1","mn":"ADBE Vector Graphic - Stroke","hd":false},{"ty":"fl","c":{"a":0,"k":[0.239215701234,0.768627510819,0.839215746113,1],"ix":4},"o":{"a":0,"k":100,"ix":5},"r":1,"bm":0,"nm":"Fill 1","mn":"ADBE Vector Graphic - Fill","hd":false},{"ty":"tr","p":{"a":0,"k":[0,0],"ix":2},"a":{"a":0,"k":[0,0],"ix":1},"s":{"a":0,"k":[100,100],"ix":3},"r":{"a":0,"k":0,"ix":6},"o":{"a":0,"k":100,"ix":7},"sk":{"a":0,"k":0,"ix":4},"sa":{"a":0,"k":0,"ix":5},"nm":"Transform"}],"nm":"Shape 8","np":3,"cix":2,"bm":0,"ix":1,"mn":"ADBE Vector Group","hd":false},{"ty":"gr","it":[{"ty":"st","c":{"a":0,"k":[1,1,1,1],"ix":3},"o":{"a":0,"k":100,"ix":4},"w":{"a":0,"k":0,"ix":5},"lc":1,"lj":1,"ml":4,"bm":0,"nm":"Stroke 1","mn":"ADBE Vector Graphic - Stroke","hd":false},{"ty":"fl","c":{"a":0,"k":[0.082352941176,0.580392156863,0.698039215686,1],"ix":4},"o":{"a":0,"k":100,"ix":5},"r":1,"bm":0,"nm":"Fill 1","mn":"ADBE Vector Graphic - Fill","hd":false},{"ty":"tr","p":{"a":0,"k":[0,0],"ix":2},"a":{"a":0,"k":[0,0],"ix":1},"s":{"a":0,"k":[100,100],"ix":3},"r":{"a":0,"k":0,"ix":6},"o":{"a":0,"k":100,"ix":7},"sk":{"a":0,"k":0,"ix":4},"sa":{"a":0,"k":0,"ix":5},"nm":"Transform"}],"nm":"Shape 7","np":2,"cix":2,"bm":0,"ix":2,"mn":"ADBE Vector Group","hd":false},{"ty":"gr","it":[{"ind":0,"ty":"sh","ix":1,"ks":{"a":0,"k":{"i":[[0,0],[0,0],[0,0],[0,0],[0,0],[0,0],[0,0]],"o":[[0,0],[0,0],[0,0],[0,0],[0,0],[0,0],[0,0]],"v":[[423,489.5],[415.571,502.064],[396.75,518.75],[410.5,525.75],[409.75,548.25],[419.553,536.532],[422.75,526.5]],"c":true},"ix":2},"nm":"Path 1","mn":"ADBE Vector Shape - Group","hd":false},{"ty":"st","c":{"a":0,"k":[1,1,1,1],"ix":3},"o":{"a":0,"k":100,"ix":4},"w":{"a":0,"k":0,"ix":5},"lc":1,"lj":1,"ml":4,"bm":0,"nm":"Stroke 1","mn":"ADBE Vector Graphic - Stroke","hd":false},{"ty":"fl","c":{"a":0,"k":[0.082352941176,0.580392156863,0.698039215686,1],"ix":4},"o":{"a":0,"k":100,"ix":5},"r":1,"bm":0,"nm":"Fill 1","mn":"ADBE Vector Graphic - Fill","hd":false},{"ty":"tr","p":{"a":0,"k":[0,0],"ix":2},"a":{"a":0,"k":[0,0],"ix":1},"s":{"a":0,"k":[100,100],"ix":3},"r":{"a":0,"k":0,"ix":6},"o":{"a":0,"k":100,"ix":7},"sk":{"a":0,"k":0,"ix":4},"sa":{"a":0,"k":0,"ix":5},"nm":"Transform"}],"nm":"Shape 6","np":3,"cix":2,"bm":0,"ix":3,"mn":"ADBE Vector Group","hd":false},{"ty":"gr","it":[{"ind":0,"ty":"sh","ix":1,"ks":{"a":0,"k":{"i":[[0,0],[0,0],[0,0],[0,0]],"o":[[0,0],[0,0],[0,0],[0,0]],"v":[[410,525],[371.75,543],[371.25,581],[410,562.75]],"c":true},"ix":2},"nm":"Path 1","mn":"ADBE Vector Shape - Group","hd":false},{"ty":"st","c":{"a":0,"k":[1,1,1,1],"ix":3},"o":{"a":0,"k":100,"ix":4},"w":{"a":0,"k":0,"ix":5},"lc":1,"lj":1,"ml":4,"bm":0,"nm":"Stroke 1","mn":"ADBE Vector Graphic - Stroke","hd":false},{"ty":"fl","c":{"a":0,"k":[0.239215701234,0.768627510819,0.839215746113,1],"ix":4},"o":{"a":0,"k":100,"ix":5},"r":1,"bm":0,"nm":"Fill 1","mn":"ADBE Vector Graphic - Fill","hd":false},{"ty":"tr","p":{"a":0,"k":[0,0],"ix":2},"a":{"a":0,"k":[0,0],"ix":1},"s":{"a":0,"k":[100,100],"ix":3},"r":{"a":0,"k":0,"ix":6},"o":{"a":0,"k":100,"ix":7},"sk":{"a":0,"k":0,"ix":4},"sa":{"a":0,"k":0,"ix":5},"nm":"Transform"}],"nm":"Shape 5","np":3,"cix":2,"bm":0,"ix":4,"mn":"ADBE Vector Group","hd":false},{"ty":"gr","it":[{"ind":0,"ty":"sh","ix":1,"ks":{"a":0,"k":{"i":[[0,0],[0,0],[0,0],[0,0]],"o":[[0,0],[0,0],[0,0],[0,0]],"v":[[362.5,533.75],[362.25,570],[371.25,580.25],[371.75,543.25]],"c":true},"ix":2},"nm":"Path 1","mn":"ADBE Vector Shape - Group","hd":false},{"ty":"st","c":{"a":0,"k":[1,1,1,1],"ix":3},"o":{"a":0,"k":100,"ix":4},"w":{"a":0,"k":0,"ix":5},"lc":1,"lj":1,"ml":4,"bm":0,"nm":"Stroke 1","mn":"ADBE Vector Graphic - Stroke","hd":false},{"ty":"fl","c":{"a":0,"k":[0,0.482352971096,0.627450980392,1],"ix":4},"o":{"a":0,"k":100,"ix":5},"r":1,"bm":0,"nm":"Fill 1","mn":"ADBE Vector Graphic - Fill","hd":false},{"ty":"tr","p":{"a":0,"k":[0,0],"ix":2},"a":{"a":0,"k":[0,0],"ix":1},"s":{"a":0,"k":[100,100],"ix":3},"r":{"a":0,"k":0,"ix":6},"o":{"a":0,"k":100,"ix":7},"sk":{"a":0,"k":0,"ix":4},"sa":{"a":0,"k":0,"ix":5},"nm":"Transform"}],"nm":"Shape 4","np":3,"cix":2,"bm":0,"ix":5,"mn":"ADBE Vector Group","hd":false},{"ty":"gr","it":[{"ind":0,"ty":"sh","ix":1,"ks":{"a":0,"k":{"i":[[0,0],[0,0],[0,0],[0,0]],"o":[[0,0],[0,0],[0,0],[0,0]],"v":[[215.75,524.5],[203.25,532.5],[203.25,569.75],[215.5,561.75]],"c":true},"ix":2},"nm":"Path 1","mn":"ADBE Vector Shape - Group","hd":false},{"ty":"st","c":{"a":0,"k":[1,1,1,1],"ix":3},"o":{"a":0,"k":100,"ix":4},"w":{"a":0,"k":0,"ix":5},"lc":1,"lj":1,"ml":4,"bm":0,"nm":"Stroke 1","mn":"ADBE Vector Graphic - Stroke","hd":false},{"ty":"fl","c":{"a":0,"k":[0,0.470588265213,0.619607843137,1],"ix":4},"o":{"a":0,"k":100,"ix":5},"r":1,"bm":0,"nm":"Fill 1","mn":"ADBE Vector Graphic - Fill","hd":false},{"ty":"tr","p":{"a":0,"k":[0,0],"ix":2},"a":{"a":0,"k":[0,0],"ix":1},"s":{"a":0,"k":[100,100],"ix":3},"r":{"a":0,"k":0,"ix":6},"o":{"a":0,"k":100,"ix":7},"sk":{"a":0,"k":0,"ix":4},"sa":{"a":0,"k":0,"ix":5},"nm":"Transform"}],"nm":"Shape 2","np":3,"cix":2,"bm":0,"ix":6,"mn":"ADBE Vector Group","hd":false},{"ty":"gr","it":[{"ind":0,"ty":"sh","ix":1,"ks":{"a":0,"k":{"i":[[0,0],[0,0],[0,0],[0,0]],"o":[[0,0],[0,0],[0,0],[0,0]],"v":[[172.75,511],[171.25,550.75],[203,569.25],[203.25,532.75]],"c":true},"ix":2},"nm":"Path 1","mn":"ADBE Vector Shape - Group","hd":false},{"ty":"st","c":{"a":0,"k":[1,1,1,1],"ix":3},"o":{"a":0,"k":100,"ix":4},"w":{"a":0,"k":0,"ix":5},"lc":1,"lj":1,"ml":4,"bm":0,"nm":"Stroke 1","mn":"ADBE Vector Graphic - Stroke","hd":false},{"ty":"fl","c":{"a":0,"k":[0.231372563979,0.752941236309,0.827451040231,1],"ix":4},"o":{"a":0,"k":100,"ix":5},"r":1,"bm":0,"nm":"Fill 1","mn":"ADBE Vector Graphic - Fill","hd":false},{"ty":"tr","p":{"a":0,"k":[0,0],"ix":2},"a":{"a":0,"k":[0,0],"ix":1},"s":{"a":0,"k":[100,100],"ix":3},"r":{"a":0,"k":0,"ix":6},"o":{"a":0,"k":100,"ix":7},"sk":{"a":0,"k":0,"ix":4},"sa":{"a":0,"k":0,"ix":5},"nm":"Transform"}],"nm":"Shape 1","np":3,"cix":2,"bm":0,"ix":7,"mn":"ADBE Vector Group","hd":false},{"ty":"gr","it":[{"ind":0,"ty":"sh","ix":1,"ks":{"a":0,"k":{"i":[[0,0],[0,0]],"o":[[0,0],[0,0]],"v":[[0.051,-18.1],[-0.05,18.1]],"c":true},"ix":2},"nm":"Path 1","mn":"ADBE Vector Shape - Group","hd":false},{"ind":1,"ty":"sh","ix":2,"ks":{"a":0,"k":{"i":[[0,0],[15.701,2.6]],"o":[[-16.5,0.6],[0,0]],"v":[[0.05,-18.1],[-48.551,-21.2]],"c":true},"ix":2},"nm":"Path 2","mn":"ADBE Vector Shape - Group","hd":false},{"ty":"mm","mm":4,"nm":"Merge Paths 1","mn":"ADBE Vector Filter - Merge","hd":false},{"ty":"fl","c":{"a":0,"k":[0.156999999402,0.517999985639,0.647000002394,1],"ix":4},"o":{"a":0,"k":100,"ix":5},"r":1,"bm":0,"nm":"Fill 1","mn":"ADBE Vector Graphic - Fill","hd":false},{"ty":"tr","p":{"a":0,"k":[309.107,572.1],"ix":2},"a":{"a":0,"k":[0,0],"ix":1},"s":{"a":0,"k":[100,100],"ix":3},"r":{"a":0,"k":0,"ix":6},"o":{"a":0,"k":100,"ix":7},"sk":{"a":0,"k":0,"ix":4},"sa":{"a":0,"k":0,"ix":5},"nm":"Transform"}],"nm":"Group 2","np":4,"cix":2,"bm":0,"ix":8,"mn":"ADBE Vector Group","hd":false},{"ty":"gr","it":[{"ind":0,"ty":"sh","ix":1,"ks":{"a":0,"k":{"i":[[2.941,-0.107],[0,0],[17.399,-5.601],[0,0],[9.3,-5.401],[1.9,-1.199],[0,0],[5.199,-10.602],[0,0],[-0.999,-9.5],[0,0],[-9.701,-10.1],[0,0],[-9.401,-5.4],[-2.2,-1.1],[0,0],[-18.3,-3],[0,0],[-16.5,0.6],[0,0],[-17.4,5.601],[0,0],[-9.199,5.399],[-1.9,1.299],[0,0],[-5.1,10.599],[0,0],[1.1,9.599],[0,0],[9.7,10.1],[0,0],[9.3,5.4],[2.1,1.1],[0,0],[18.3,3],[0,0],[13.536,0]],"o":[[0,0],[-18.6,0.7],[0,0],[-12.1,3.9],[-2,1.2],[0,0],[-12.9,8.4],[0,0],[-4.5,9],[0,0],[1.201,10.799],[0,0],[6.8,6.999],[2.099,1.199],[0,0],[14.599,7.5],[0,0],[15.701,2.6],[0,0],[18.601,-0.6],[0,0],[12,-3.802],[2.101,-1.2],[0,0],[12.799,-8.4],[0,0],[4.4,-9.099],[0,0],[-1.099,-10.7],[0,0],[-6.7,-6.999],[-2,-1.199],[0,0],[-14.6,-7.4],[0,0],[-12.819,-2.136],[-2.936,0]],"v":[[-8.951,-84.72],[-7.85,-74.22],[-62.45,-65.02],[-71.55,-74.02],[-103.65,-60.02],[-109.45,-56.421],[-95.85,-49.42],[-123.15,-20.519],[-140.65,-23.42],[-145.951,4.68],[-127.851,4.08],[-111.85,35.78],[-127.45,41.08],[-103.05,59.68],[-96.65,63.18],[-84.65,55.28],[-34.65,71.08],[-39.551,81.18],[9.05,84.28],[7.949,73.78],[62.55,64.58],[71.45,73.681],[103.449,59.68],[109.45,55.981],[96.051,48.88],[123.15,19.981],[140.65,22.879],[145.85,-5.319],[127.749,-4.72],[111.749,-36.32],[127.35,-41.52],[103.05,-60.12],[96.75,-63.52],[84.749,-55.72],[34.75,-71.52],[39.65,-81.62],[-0.132,-84.88]],"c":true},"ix":2},"nm":"Path 1","mn":"ADBE Vector Shape - Group","hd":false},{"ind":1,"ty":"sh","ix":2,"ks":{"a":0,"k":{"i":[[14.653,8.399],[3.6,3.7],[-23.7,13.8],[-6.4,2.1],[-23.901,-13.8],[-3.6,-3.7],[23.8,-13.8],[6.401,-2.1],[12.798,0]],"o":[[-4.9,-2.9],[-17.4,-17.9],[4.9,-2.801],[30.8,-10],[4.9,2.8],[17.4,17.899],[-4.9,2.8],[-11.955,3.869],[-20.281,0]],"v":[[-54.75,31.68],[-67.65,21.78],[-55.15,-31.82],[-38.15,-39.22],[54.35,-31.82],[67.25,-22.02],[54.75,31.58],[37.749,38.98],[0.024,44.682]],"c":true},"ix":2},"nm":"Path 2","mn":"ADBE Vector Shape - Group","hd":false},{"ty":"mm","mm":1,"nm":"Merge Paths 1","mn":"ADBE Vector Filter - Merge","hd":false},{"ty":"gf","o":{"a":0,"k":100,"ix":10},"r":1,"bm":0,"g":{"p":3,"k":{"a":0,"k":[0,0.397,0.931,0.989,0.558,0.689,0.731,0.994,1,0.981,0.53,1],"ix":9}},"s":{"a":1,"k":[{"i":{"x":0.667,"y":1},"o":{"x":0.333,"y":0},"t":0,"s":[57.859,101.988],"to":[-0.361,-0.134],"ti":[42.924,3.73]},{"i":{"x":0.667,"y":1},"o":{"x":0.333,"y":0},"t":31,"s":[116.328,-13.074],"to":[-20.264,-1.761],"ti":[50.564,4.394]},{"i":{"x":0.667,"y":1},"o":{"x":0.333,"y":0},"t":71,"s":[6.57,-104.555],"to":[-56.546,-4.914],"ti":[22.661,1.969]},{"i":{"x":0.667,"y":1},"o":{"x":0.333,"y":0},"t":117,"s":[-141.219,-35.457],"to":[-42.924,-3.73],"ti":[-0.16,-0.129]},{"i":{"x":0.667,"y":1},"o":{"x":0.333,"y":0},"t":154,"s":[6.242,92.855],"to":[0.16,0.129],"ti":[-0.436,-0.033]},{"t":189,"s":[163.406,-6.793]}],"ix":5},"e":{"a":1,"k":[{"i":{"x":0.667,"y":0.626},"o":{"x":0.333,"y":0},"t":0,"s":[14.168,-119.977],"to":[-0.109,0.038],"ti":[48.414,-39.307]},{"i":{"x":0.667,"y":1},"o":{"x":0.333,"y":0.439},"t":13,"s":[-148.037,-84.327],"to":[-72.893,59.182],"ti":[-40.707,3.983]},{"i":{"x":0.667,"y":1},"o":{"x":0.333,"y":0},"t":31,"s":[-193.566,80.961],"to":[31.98,-3.129],"ti":[-79.801,7.809]},{"i":{"x":0.667,"y":1},"o":{"x":0.333,"y":0},"t":71,"s":[0.478,125.024],"to":[89.241,-8.732],"ti":[-35.763,3.5]},{"i":{"x":0.667,"y":1},"o":{"x":0.333,"y":0},"t":117,"s":[212.895,41.188],"to":[37.092,-3.63],"ti":[63.93,40.184]},{"i":{"x":0.667,"y":1},"o":{"x":0.333,"y":0},"t":137,"s":[160.996,-72.108],"to":[-52.831,-33.207],"ti":[-0.062,0.005]},{"i":{"x":0.667,"y":1},"o":{"x":0.333,"y":0},"t":154,"s":[17.051,-110.828],"to":[0.073,-0.006],"ti":[55.069,-36.02]},{"i":{"x":0.667,"y":1},"o":{"x":0.333,"y":0},"t":173,"s":[-129.322,-105.075],"to":[-49.022,32.065],"ti":[0.051,-0.193]},{"t":189,"s":[-191.809,25.977]}],"ix":6},"t":1,"nm":"Gradient Fill 1","mn":"ADBE Vector Graphic - G-Fill","hd":false},{"ty":"tr","p":{"a":0,"k":[300.107,469.72],"ix":2},"a":{"a":0,"k":[0,0],"ix":1},"s":{"a":0,"k":[100,100],"ix":3},"r":{"a":0,"k":0,"ix":6},"o":{"a":0,"k":100,"ix":7},"sk":{"a":0,"k":0,"ix":4},"sa":{"a":0,"k":0,"ix":5},"nm":"Transform"}],"nm":"Group 3","np":4,"cix":2,"bm":0,"ix":9,"mn":"ADBE Vector Group","hd":false},{"ty":"gr","it":[{"ind":0,"ty":"sh","ix":1,"ks":{"a":0,"k":{"i":[[3.579,-0.895],[9.748,-1.004],[0.33,-0.036],[4.598,-0.106],[0.07,-0.002],[0,0],[-4.406,0.365],[-4.701,0.775],[-0.991,0.184],[-3.665,0.872],[-4.228,1.355],[0,0]],"o":[[-9.394,2.394],[-0.33,0.037],[-4.598,0.488],[-0.069,0.002],[0,0],[4.406,-0.189],[4.759,-0.449],[0.997,-0.17],[3.748,-0.686],[4.352,-1.052],[0,0],[-3.486,1.117]],"v":[[16.64,-19.638],[-12.16,-14.557],[-13.15,-14.448],[-26.942,-13.555],[-27.151,-13.548],[-27.25,22.648],[-14.031,21.817],[0.168,19.982],[3.15,19.452],[14.27,17.125],[27.149,13.516],[27.25,-22.647]],"c":true},"ix":2},"nm":"Path 1","mn":"ADBE Vector Shape - Group","hd":false},{"ty":"fl","c":{"a":0,"k":[0.062745098039,0.572549019608,0.694117647059,1],"ix":4},"o":{"a":0,"k":100,"ix":5},"r":1,"bm":0,"nm":"Fill 1","mn":"ADBE Vector Graphic - Fill","hd":false},{"ty":"tr","p":{"a":0,"k":[335.207,557.048],"ix":2},"a":{"a":0,"k":[0,0],"ix":1},"s":{"a":0,"k":[100,100],"ix":3},"r":{"a":0,"k":0,"ix":6},"o":{"a":0,"k":100,"ix":7},"sk":{"a":0,"k":0,"ix":4},"sa":{"a":0,"k":0,"ix":5},"nm":"Transform"}],"nm":"Group 4","np":2,"cix":2,"bm":0,"ix":10,"mn":"ADBE Vector Group","hd":false},{"ty":"gr","it":[{"ind":0,"ty":"sh","ix":1,"ks":{"a":0,"k":{"i":[[-0.101,0],[0,0],[0.101,-0.1],[0,0]],"o":[[0,0],[-0.099,0],[0,0],[0,-0.101]],"v":[[0.151,-18.15],[0.05,18.05],[-0.15,18.15],[-0.049,-18.049]],"c":true},"ix":2},"nm":"Path 1","mn":"ADBE Vector Shape - Group","hd":false},{"ind":1,"ty":"sh","ix":2,"ks":{"a":0,"k":{"i":[[18.601,-0.6],[0,0],[-17.4,5.6],[0,0]],"o":[[0,0],[18.6,-0.602],[0,0],[-17.4,5.601]],"v":[[-54.451,-8.95],[-54.55,27.251],[0.05,18.05],[0.15,-18.15]],"c":true},"ix":2},"nm":"Path 2","mn":"ADBE Vector Shape - Group","hd":false},{"ty":"mm","mm":4,"nm":"Merge Paths 1","mn":"ADBE Vector Filter - Merge","hd":false},{"ty":"fl","c":{"a":0,"k":[0.169000004787,0.564999988032,0.705999995213,1],"ix":4},"o":{"a":0,"k":100,"ix":5},"r":1,"bm":0,"nm":"Fill 1","mn":"ADBE Vector Graphic - Fill","hd":false},{"ty":"tr","p":{"a":0,"k":[362.507,552.45],"ix":2},"a":{"a":0,"k":[0,0],"ix":1},"s":{"a":0,"k":[100,100],"ix":3},"r":{"a":0,"k":0,"ix":6},"o":{"a":0,"k":100,"ix":7},"sk":{"a":0,"k":0,"ix":4},"sa":{"a":0,"k":0,"ix":5},"nm":"Transform"}],"nm":"Group 5","np":4,"cix":2,"bm":0,"ix":11,"mn":"ADBE Vector Group","hd":false},{"ty":"gr","it":[{"ind":0,"ty":"sh","ix":1,"ks":{"a":0,"k":{"i":[[0,0],[-17.973,-3.014],[-0.252,-0.036],[0,0],[0.195,0.033],[2.486,0.554],[0.487,0.108],[3.606,1.002],[0.333,0.091],[5.001,1.9],[4,2.101]],"o":[[14.377,7.37],[0.252,0.038],[0,0],[-0.196,-0.032],[-2.643,-0.383],[-0.49,-0.106],[-3.745,-0.802],[-0.334,-0.09],[-5.4,-1.5],[-4.399,-1.7],[0,0]],"v":[[-25,10.209],[24.144,25.832],[24.9,25.943],[25,-10.242],[24.415,-10.339],[16.8,-11.743],[15.334,-12.065],[4.301,-14.771],[3.3,-15.042],[-12.201,-20.242],[-24.9,-25.943]],"c":true},"ix":2},"nm":"Path 1","mn":"ADBE Vector Shape - Group","hd":false},{"ty":"fl","c":{"a":0,"k":[0.070588235294,0.576470588235,0.694117647059,1],"ix":4},"o":{"a":0,"k":100,"ix":5},"r":1,"bm":0,"nm":"Fill 1","mn":"ADBE Vector Graphic - Fill","hd":false},{"ty":"tr","p":{"a":0,"k":[240.357,551.042],"ix":2},"a":{"a":0,"k":[0,0],"ix":1},"s":{"a":0,"k":[100,100],"ix":3},"r":{"a":0,"k":0,"ix":6},"o":{"a":0,"k":100,"ix":7},"sk":{"a":0,"k":0,"ix":4},"sa":{"a":0,"k":0,"ix":5},"nm":"Transform"}],"nm":"Group 8","np":2,"cix":2,"bm":0,"ix":12,"mn":"ADBE Vector Group","hd":false},{"ty":"gr","it":[{"ind":0,"ty":"sh","ix":1,"ks":{"a":0,"k":{"i":[[0,0],[0,0],[0,0],[0,0]],"o":[[0,0],[0,0],[0,0],[0,0]],"v":[[-8.05,-33.95],[-8.05,33.95],[8.05,33.95],[8.05,-33.95]],"c":true},"ix":2},"nm":"Path 1","mn":"ADBE Vector Shape - Group","hd":false},{"ind":1,"ty":"sh","ix":2,"ks":{"a":0,"k":{"i":[[0,0],[-9.7,-10.1],[0,0],[1.101,10.799]],"o":[[1.2,10.8],[0,0],[-9.7,-10.1],[0,0]],"v":[[-8.05,2.25],[7.95,33.95],[8.05,-2.25],[-7.951,-33.95]],"c":true},"ix":2},"nm":"Path 2","mn":"ADBE Vector Shape - Group","hd":false},{"ty":"mm","mm":4,"nm":"Merge Paths 1","mn":"ADBE Vector Filter - Merge","hd":false},{"ty":"fl","c":{"a":0,"k":[0.086274509804,0.580392156863,0.698039215686,1],"ix":4},"o":{"a":0,"k":100,"ix":5},"r":1,"bm":0,"nm":"Fill 1","mn":"ADBE Vector Graphic - Fill","hd":false},{"ty":"tr","p":{"a":0,"k":[180.107,507.75],"ix":2},"a":{"a":0,"k":[0,0],"ix":1},"s":{"a":0,"k":[100,100],"ix":3},"r":{"a":0,"k":0,"ix":6},"o":{"a":0,"k":100,"ix":7},"sk":{"a":0,"k":0,"ix":4},"sa":{"a":0,"k":0,"ix":5},"nm":"Transform"}],"nm":"Group 12","np":4,"cix":2,"bm":0,"ix":13,"mn":"ADBE Vector Group","hd":false},{"ty":"gr","it":[{"ind":0,"ty":"sh","ix":1,"ks":{"a":0,"k":{"i":[[0.494,-2.664],[1.1,-2.799],[0.8,-1.7],[0,0],[0,7.628],[0,0]],"o":[[-0.599,2.8],[-0.6,1.701],[0,0],[3.535,-7.238],[0,0],[-0.105,2.667]],"v":[[1.85,-20.551],[-0.548,-12.25],[-2.65,-7.25],[-2.747,28.643],[2.65,6.148],[2.747,-28.643]],"c":true},"ix":2},"nm":"Path 1","mn":"ADBE Vector Shape - Group","hd":false},{"ty":"fl","c":{"a":0,"k":[0.235294132607,0.756862804936,0.831372608858,1],"ix":4},"o":{"a":0,"k":100,"ix":5},"r":1,"bm":0,"nm":"Fill 1","mn":"ADBE Vector Graphic - Fill","hd":false},{"ty":"tr","p":{"a":0,"k":[443.206,499.951],"ix":2},"a":{"a":0,"k":[0,0],"ix":1},"s":{"a":0,"k":[100,100],"ix":3},"r":{"a":0,"k":0,"ix":6},"o":{"a":0,"k":100,"ix":7},"sk":{"a":0,"k":0,"ix":4},"sa":{"a":0,"k":0,"ix":5},"nm":"Transform"}],"nm":"Group 13","np":2,"cix":2,"bm":0,"ix":14,"mn":"ADBE Vector Group","hd":false},{"ty":"gr","it":[{"ind":0,"ty":"sh","ix":1,"ks":{"a":0,"k":{"i":[[0,0],[0,0],[0,0],[0,0]],"o":[[0,0],[0,0],[0,0],[0,0]],"v":[[0,-0.232],[-0.101,35.967],[-0.101,37.268],[0,1.068]],"c":true},"ix":2},"nm":"Path 1","mn":"ADBE Vector Shape - Group","hd":false},{"ty":"gr","it":[{"ind":0,"ty":"sh","ix":1,"ks":{"a":0,"k":{"i":[[0,0],[0,0.078]],"o":[[0,-0.077],[0,0]],"v":[[0,0],[0,-0.232]],"c":true},"ix":2},"nm":"Path 1","mn":"ADBE Vector Shape - Group","hd":false},{"ind":1,"ty":"sh","ix":2,"ks":{"a":0,"k":{"i":[[3.563,-7.226],[0,0],[0,7.701],[0,0]],"o":[[0,0],[3.6,-7.3],[0,0],[-0.038,7.622]],"v":[[-5.5,22.467],[-5.6,58.668],[-0.101,35.967],[0,0]],"c":true},"ix":2},"nm":"Path 2","mn":"ADBE Vector Shape - Group","hd":false},{"ty":"tr","p":{"a":0,"k":[0,0],"ix":2},"a":{"a":0,"k":[0,0],"ix":1},"s":{"a":0,"k":[100,100],"ix":3},"r":{"a":0,"k":0,"ix":6},"o":{"a":0,"k":100,"ix":7},"sk":{"a":0,"k":0,"ix":4},"sa":{"a":0,"k":0,"ix":5},"nm":"Transform"}],"nm":"Group 1","np":2,"cix":2,"bm":0,"ix":2,"mn":"ADBE Vector Group","hd":false},{"ty":"mm","mm":4,"nm":"Merge Paths 1","mn":"ADBE Vector Filter - Merge","hd":false},{"ty":"fl","c":{"a":0,"k":[0.136999990426,0.455000005984,0.569000004787,1],"ix":4},"o":{"a":0,"k":100,"ix":5},"r":1,"bm":0,"nm":"Fill 1","mn":"ADBE Vector Graphic - Fill","hd":false},{"ty":"tr","p":{"a":0,"k":[445.957,470.132],"ix":2},"a":{"a":0,"k":[0,0],"ix":1},"s":{"a":0,"k":[100,100],"ix":3},"r":{"a":0,"k":0,"ix":6},"o":{"a":0,"k":100,"ix":7},"sk":{"a":0,"k":0,"ix":4},"sa":{"a":0,"k":0,"ix":5},"nm":"Transform"}],"nm":"Group 14","np":4,"cix":2,"bm":0,"ix":15,"mn":"ADBE Vector Group","hd":false},{"ty":"gr","it":[{"ind":0,"ty":"sh","ix":1,"ks":{"a":0,"k":{"i":[[0,0],[0,0],[0,0],[0,0]],"o":[[0,0],[0,0],[0,0],[0,0]],"v":[[-8.799,16.701],[8.701,19.5],[8.799,-16.701],[-8.699,-19.5]],"c":true},"ix":2},"nm":"Path 1","mn":"ADBE Vector Shape - Group","hd":false},{"ty":"fl","c":{"a":0,"k":[0,0.490196108351,0.635294117647,1],"ix":4},"o":{"a":0,"k":100,"ix":5},"r":1,"bm":0,"nm":"Fill 1","mn":"ADBE Vector Graphic - Fill","hd":false},{"ty":"tr","p":{"a":0,"k":[431.757,509.299],"ix":2},"a":{"a":0,"k":[0,0],"ix":1},"s":{"a":0,"k":[100,100],"ix":3},"r":{"a":0,"k":0,"ix":6},"o":{"a":0,"k":100,"ix":7},"sk":{"a":0,"k":0,"ix":4},"sa":{"a":0,"k":0,"ix":5},"nm":"Transform"}],"nm":"Group 15","np":2,"cix":2,"bm":0,"ix":16,"mn":"ADBE Vector Group","hd":false},{"ty":"gr","it":[{"ind":0,"ty":"sh","ix":1,"ks":{"a":0,"k":{"i":[[0,0],[0,0],[0,0],[0,0]],"o":[[0,0],[0,0],[0,0],[0,0]],"v":[[-9.1,-18.4],[-9.1,18.399],[9.1,18.399],[9.1,-18.4]],"c":true},"ix":2},"nm":"Path 1","mn":"ADBE Vector Shape - Group","hd":false},{"ind":1,"ty":"sh","ix":2,"ks":{"a":0,"k":{"i":[[0,0],[0,0],[0,0],[0,0]],"o":[[0,0],[0,0],[0,0],[0,0]],"v":[[-8.999,-17.8],[-9.099,18.399],[9.001,17.8],[9.1,-18.4]],"c":true},"ix":2},"nm":"Path 2","mn":"ADBE Vector Shape - Group","hd":false},{"ty":"mm","mm":4,"nm":"Merge Paths 1","mn":"ADBE Vector Filter - Merge","hd":false},{"ty":"fl","c":{"a":0,"k":[0,0.466666696586,0.619607843137,1],"ix":4},"o":{"a":0,"k":100,"ix":5},"r":1,"bm":0,"nm":"Fill 1","mn":"ADBE Vector Graphic - Fill","hd":false},{"ty":"tr","p":{"a":0,"k":[163.056,492.2],"ix":2},"a":{"a":0,"k":[0,0],"ix":1},"s":{"a":0,"k":[100,100],"ix":3},"r":{"a":0,"k":0,"ix":6},"o":{"a":0,"k":100,"ix":7},"sk":{"a":0,"k":0,"ix":4},"sa":{"a":0,"k":0,"ix":5},"nm":"Transform"}],"nm":"Group 16","np":4,"cix":2,"bm":0,"ix":17,"mn":"ADBE Vector Group","hd":false},{"ty":"gr","it":[{"ind":0,"ty":"sh","ix":1,"ks":{"a":0,"k":{"i":[[-0.2,-1.7],[0,0],[0,1.699],[0,0]],"o":[[0,0],[-0.2,-1.699],[0,0],[0,1.7]],"v":[[0.2,-15.499],[0.1,20.7],[-0.2,15.501],[-0.1,-20.699]],"c":true},"ix":2},"nm":"Path 1","mn":"ADBE Vector Shape - Group","hd":false},{"ind":1,"ty":"sh","ix":2,"ks":{"a":0,"k":{"i":[[0,0],[-0.2,-1.699],[0,0],[0,1.7]],"o":[[0,1.699],[0,0],[-0.2,-1.7],[0,0]],"v":[[-0.2,15.5],[0.1,20.699],[0.2,-15.5],[-0.1,-20.7]],"c":true},"ix":2},"nm":"Path 2","mn":"ADBE Vector Shape - Group","hd":false},{"ty":"mm","mm":4,"nm":"Merge Paths 1","mn":"ADBE Vector Filter - Merge","hd":false},{"ty":"fl","c":{"a":0,"k":[0.122000002394,0.40800000359,0.510000011968,1],"ix":4},"o":{"a":0,"k":100,"ix":5},"r":1,"bm":0,"nm":"Fill 1","mn":"ADBE Vector Graphic - Fill","hd":false},{"ty":"tr","p":{"a":0,"k":[153.857,489.9],"ix":2},"a":{"a":0,"k":[0,0],"ix":1},"s":{"a":0,"k":[100,100],"ix":3},"r":{"a":0,"k":0,"ix":6},"o":{"a":0,"k":100,"ix":7},"sk":{"a":0,"k":0,"ix":4},"sa":{"a":0,"k":0,"ix":5},"nm":"Transform"}],"nm":"Group 17","np":4,"cix":2,"bm":0,"ix":18,"mn":"ADBE Vector Group","hd":false},{"ty":"gr","it":[{"ind":0,"ty":"sh","ix":1,"ks":{"a":0,"k":{"i":[[0,0],[0,0],[0,0],[0,0]],"o":[[0,0],[0,0],[0,0],[0,0]],"v":[[0.05,-18.449],[-0.05,17.751],[-0.05,18.449],[0.05,-17.749]],"c":true},"ix":2},"nm":"Path 1","mn":"ADBE Vector Shape - Group","hd":false},{"ty":"fl","c":{"a":0,"k":[0.136999990426,0.455000005984,0.569000004787,1],"ix":4},"o":{"a":0,"k":100,"ix":5},"r":1,"bm":0,"nm":"Fill 1","mn":"ADBE Vector Graphic - Fill","hd":false},{"ty":"tr","p":{"a":0,"k":[222.407,487.15],"ix":2},"a":{"a":0,"k":[0,0],"ix":1},"s":{"a":0,"k":[100,100],"ix":3},"r":{"a":0,"k":0,"ix":6},"o":{"a":0,"k":100,"ix":7},"sk":{"a":0,"k":0,"ix":4},"sa":{"a":0,"k":0,"ix":5},"nm":"Transform"}],"nm":"Group 18","np":2,"cix":2,"bm":0,"ix":19,"mn":"ADBE Vector Group","hd":false},{"ty":"gr","it":[{"ind":0,"ty":"sh","ix":1,"ks":{"a":0,"k":{"i":[[0,0],[0,0],[0,0],[2.901,-0.301],[0,0],[0.6,0],[2.6,-0.501],[0.7,-0.099],[0.8,-0.199],[3.301,-1.1],[0.1,0],[4.9,-2.8],[0.399,-0.2],[2.8,-2.6],[0.499,-0.4],[0.8,-0.899],[0.3,-0.4],[0.901,-1.6],[0.6,-1.501],[0.3,-1.501],[0,0],[0,-0.399],[0.1,-1],[0,0],[0,0],[0,0],[-0.293,1.47],[0,0],[-0.6,1.499],[0,0],[-0.9,1.5],[0,0.1],[-1.1,1.4],[-1.3,1.2],[-0.5,0.4],[-0.8,0.7],[-0.7,0.599],[-1,0.6],[-1.101,0.6],[-6.4,2],[-3.6,0.799],[-0.7,0.198],[-3.301,0.4],[-0.6,0],[-3.6,0],[0,0],[-3.599,-0.301],[-0.198,-0.099],[-3.3,-0.499],[-0.8,-0.099],[-3.3,-1],[-0.5,-0.199],[-5.599,-3.301],[-3.601,-3.701],[0,-7.501],[0,0],[6.8,7.001],[4.9,2.799],[3.901,1.499],[0,0],[2.7,0.8],[0.5,0.199],[0,0],[2.8,0.599],[0.7,0.101],[0.8,0.098],[1.101,0.201],[2.3,0.2],[0.198,0.1],[0,0],[2.601,0.1]],"o":[[0,0],[0,0],[-2.8,0.1],[0,0],[-0.601,0.1],[-2.6,0.3],[-0.7,0.098],[-0.701,0.101],[-3.5,0.801],[-0.1,0],[-6.4,2.1],[-0.3,0.2],[-3.7,2.199],[-0.5,0.4],[-0.9,0.9],[-0.301,0.401],[-1.201,1.5],[-0.799,1.5],[-0.501,1.399],[0,0],[-0.101,0.4],[-0.199,1],[0,0],[0,0],[0,0],[0.008,-1.568],[0,0],[0.301,-1.601],[0,0],[0.6,-1.599],[0.1,-0.1],[0.9,-1.499],[1.099,-1.301],[0.399,-0.399],[0.699,-0.7],[0.7,-0.6],[0.9,-0.602],[0.9,-0.6],[4.9,-2.899],[3.5,-1.101],[0.699,-0.201],[3.2,-0.601],[0.6,-0.1],[3.7,-0.4],[0,0],[3.7,0],[0.201,0],[3.501,0.299],[0.799,0.101],[3.5,0.7],[0.499,0.1],[6.9,2.1],[4.901,2.899],[6.8,6.999],[0,0],[0.3,-7.899],[-3.6,-3.699],[-3.4,-2.001],[0,0],[-2.5,-1],[-0.5,-0.1],[0,0],[-2.7,-0.8],[-0.6,-0.101],[-0.8,-0.199],[-1.1,-0.201],[-2.299,-0.299],[-0.2,0],[0,0],[-2.5,-0.2],[0,0]],"v":[[0,-40.75],[-2.4,-40.75],[-4.7,-40.75],[-13.201,-40.15],[-13.5,-40.15],[-15.2,-39.95],[-23,-38.849],[-25,-38.451],[-27.2,-37.95],[-37.501,-35.25],[-37.9,-35.15],[-54.9,-27.75],[-55.9,-27.15],[-65.6,-19.95],[-66.9,-18.65],[-69.4,-15.951],[-70.5,-14.75],[-73.601,-10.05],[-75.7,-5.649],[-77,-1.25],[-77,-1.05],[-77.101,0.049],[-77.5,3.15],[-77.5,3.75],[-77.5,3.85],[-77.6,39.953],[-77.101,35.35],[-77.101,35.15],[-75.7,30.351],[-75.7,30.25],[-73.4,25.65],[-73.2,25.35],[-70.2,21.05],[-66.6,17.25],[-65.3,16.05],[-62.9,14.05],[-60.8,12.351],[-58,10.55],[-55.1,8.75],[-38.1,1.351],[-27.4,-1.449],[-25.2,-1.949],[-15.4,-3.45],[-13.7,-3.65],[-2.7,-4.25],[-0.3,-4.25],[10.599,-3.849],[11.099,-3.75],[21.3,-2.451],[23.7,-2.05],[34,0.35],[35.4,0.85],[54.299,8.85],[67.2,18.651],[77.2,40.75],[77.3,4.549],[67.6,-17.951],[54.7,-27.75],[43.599,-32.95],[43.599,-33.05],[35.7,-35.65],[34.3,-36.15],[34.2,-36.15],[26,-38.149],[24,-38.451],[21.6,-38.849],[18.299,-39.451],[11.4,-40.25],[10.901,-40.35],[10.7,-40.35],[3.099,-40.75]],"c":true},"ix":2},"nm":"Path 1","mn":"ADBE Vector Shape - Group","hd":false},{"ind":1,"ty":"sh","ix":2,"ks":{"a":0,"k":{"i":[[0,-0.032],[0,0]],"o":[[0,0],[0,0.033]],"v":[[-77.6,40.05],[-77.6,39.953]],"c":true},"ix":2},"nm":"Path 2","mn":"ADBE Vector Shape - Group","hd":false},{"ty":"mm","mm":1,"nm":"Merge Paths 1","mn":"ADBE Vector Filter - Merge","hd":false},{"ty":"fl","c":{"a":0,"k":[0,0.498039245605,0.643137254902,1],"ix":4},"o":{"a":0,"k":100,"ix":5},"r":1,"bm":0,"nm":"Fill 1","mn":"ADBE Vector Graphic - Fill","hd":false},{"ty":"tr","p":{"a":0,"k":[299.757,465.55],"ix":2},"a":{"a":0,"k":[0,0],"ix":1},"s":{"a":0,"k":[100,100],"ix":3},"r":{"a":0,"k":0,"ix":6},"o":{"a":0,"k":100,"ix":7},"sk":{"a":0,"k":0,"ix":4},"sa":{"a":0,"k":0,"ix":5},"nm":"Transform"}],"nm":"Group 19","np":4,"cix":2,"bm":0,"ix":20,"mn":"ADBE Vector Group","hd":false},{"ty":"gr","it":[{"ind":0,"ty":"sh","ix":1,"ks":{"a":0,"k":{"i":[[0.1,-7.5],[0,0],[6.8,7],[4.9,2.8],[3.9,1.5],[0,0],[-3.4,-2],[-3.6,-3.699]],"o":[[0,0],[0,-7.5],[-3.6,-3.701],[-3.4,-2],[0,0],[3.9,1.599],[4.9,2.9],[6.9,7]],"v":[[17,0.5],[16.9,36.7],[6.9,14.6],[-6,4.8],[-17.1,-0.5],[-17,-36.7],[-5.9,-31.4],[7,-21.601]],"c":true},"ix":2},"nm":"Path 1","mn":"ADBE Vector Shape - Group","hd":false},{"ty":"fl","c":{"a":0,"k":[0.122000002394,0.40800000359,0.510000011968,1],"ix":4},"o":{"a":0,"k":100,"ix":5},"r":1,"bm":0,"nm":"Fill 1","mn":"ADBE Vector Graphic - Fill","hd":false},{"ty":"tr","p":{"a":0,"k":[360.257,469.2],"ix":2},"a":{"a":0,"k":[0,0],"ix":1},"s":{"a":0,"k":[100,100],"ix":3},"r":{"a":0,"k":0,"ix":6},"o":{"a":0,"k":100,"ix":7},"sk":{"a":0,"k":0,"ix":4},"sa":{"a":0,"k":0,"ix":5},"nm":"Transform"}],"nm":"Group 20","np":2,"cix":2,"bm":0,"ix":21,"mn":"ADBE Vector Group","hd":false},{"ty":"gr","it":[{"ind":0,"ty":"sh","ix":1,"ks":{"a":0,"k":{"i":[[0,0],[0,0],[0,0],[0,0]],"o":[[0,0],[0,0],[0,0],[0,0]],"v":[[-7.85,-20.75],[-7.85,20.75],[7.85,20.75],[7.85,-20.75]],"c":true},"ix":2},"nm":"Path 1","mn":"ADBE Vector Shape - Group","hd":false},{"ind":1,"ty":"sh","ix":2,"ks":{"a":0,"k":{"i":[[0,0],[0,0],[0,0],[0,0]],"o":[[0,0],[0,0],[0,0],[0,0]],"v":[[-7.751,-15.45],[-7.85,20.75],[7.749,15.451],[7.85,-20.75]],"c":true},"ix":2},"nm":"Path 2","mn":"ADBE Vector Shape - Group","hd":false},{"ty":"mm","mm":4,"nm":"Merge Paths 1","mn":"ADBE Vector Filter - Merge","hd":false},{"ty":"fl","c":{"a":0,"k":[0,0.505882352941,0.647058823529,1],"ix":4},"o":{"a":0,"k":100,"ix":5},"r":1,"bm":0,"nm":"Fill 1","mn":"ADBE Vector Graphic - Fill","hd":false},{"ty":"tr","p":{"a":0,"k":[419.307,448.95],"ix":2},"a":{"a":0,"k":[0,0],"ix":1},"s":{"a":0,"k":[100,100],"ix":3},"r":{"a":0,"k":0,"ix":6},"o":{"a":0,"k":100,"ix":7},"sk":{"a":0,"k":0,"ix":4},"sa":{"a":0,"k":0,"ix":5},"nm":"Transform"}],"nm":"Group 21","np":4,"cix":2,"bm":0,"ix":22,"mn":"ADBE Vector Group","hd":false},{"ty":"gr","it":[{"ind":0,"ty":"sh","ix":1,"ks":{"a":0,"k":{"i":[[0,0],[0,0],[0,0],[0,0]],"o":[[0,0],[0,0],[0,0],[0,0]],"v":[[6.85,-14.65],[6.75,21.55],[-6.85,14.65],[-6.75,-21.55]],"c":true},"ix":2},"nm":"Path 1","mn":"ADBE Vector Shape - Group","hd":false},{"ty":"fl","c":{"a":0,"k":[0.128999986836,0.430999995213,0.536999990426,1],"ix":4},"o":{"a":0,"k":100,"ix":5},"r":1,"bm":0,"nm":"Fill 1","mn":"ADBE Vector Graphic - Fill","hd":false},{"ty":"tr","p":{"a":0,"k":[197.107,434.85],"ix":2},"a":{"a":0,"k":[0,0],"ix":1},"s":{"a":0,"k":[100,100],"ix":3},"r":{"a":0,"k":0,"ix":6},"o":{"a":0,"k":100,"ix":7},"sk":{"a":0,"k":0,"ix":4},"sa":{"a":0,"k":0,"ix":5},"nm":"Transform"}],"nm":"Group 22","np":2,"cix":2,"bm":0,"ix":23,"mn":"ADBE Vector Group","hd":false},{"ty":"gr","it":[{"ind":0,"ty":"sh","ix":1,"ks":{"a":0,"k":{"i":[[0,0],[0,0],[0,0],[0,0]],"o":[[0,0],[0,0],[0,0],[0,0]],"v":[[2.5,-23.2],[2.399,13],[-2.5,23.2],[-2.4,-13]],"c":true},"ix":2},"nm":"Path 1","mn":"ADBE Vector Shape - Group","hd":false},{"ty":"fl","c":{"a":0,"k":[0.156999999402,0.525,0.658999992819,1],"ix":4},"o":{"a":0,"k":100,"ix":5},"r":1,"bm":0,"nm":"Fill 1","mn":"ADBE Vector Graphic - Fill","hd":false},{"ty":"tr","p":{"a":0,"k":[336.957,411.3],"ix":2},"a":{"a":0,"k":[0,0],"ix":1},"s":{"a":0,"k":[100,100],"ix":3},"r":{"a":0,"k":0,"ix":6},"o":{"a":0,"k":100,"ix":7},"sk":{"a":0,"k":0,"ix":4},"sa":{"a":0,"k":0,"ix":5},"nm":"Transform"}],"nm":"Group 23","np":2,"cix":2,"bm":0,"ix":24,"mn":"ADBE Vector Group","hd":false},{"ty":"gr","it":[{"ind":0,"ty":"sh","ix":1,"ks":{"a":0,"k":{"i":[[0,0],[0,0],[0,0],[0,0]],"o":[[0,0],[0,0],[0,0],[0,0]],"v":[[0.6,-12.85],[0.5,23.35],[-0.6,12.85],[-0.5,-23.35]],"c":true},"ix":2},"nm":"Path 1","mn":"ADBE Vector Shape - Group","hd":false},{"ty":"fl","c":{"a":0,"k":[0.118000000598,0.39199999641,0.490000017952,1],"ix":4},"o":{"a":0,"k":100,"ix":5},"r":1,"bm":0,"nm":"Fill 1","mn":"ADBE Vector Graphic - Fill","hd":false},{"ty":"tr","p":{"a":0,"k":[291.357,408.35],"ix":2},"a":{"a":0,"k":[0,0],"ix":1},"s":{"a":0,"k":[100,100],"ix":3},"r":{"a":0,"k":0,"ix":6},"o":{"a":0,"k":100,"ix":7},"sk":{"a":0,"k":0,"ix":4},"sa":{"a":0,"k":0,"ix":5},"nm":"Transform"}],"nm":"Group 24","np":2,"cix":2,"bm":0,"ix":25,"mn":"ADBE Vector Group","hd":false},{"ty":"gr","it":[{"ty":"tr","p":{"a":0,"k":[-0.274,1.194],"ix":2},"a":{"a":0,"k":[0,0],"ix":1},"s":{"a":0,"k":[100,100],"ix":3},"r":{"a":0,"k":0,"ix":6},"o":{"a":0,"k":100,"ix":7},"sk":{"a":0,"k":0,"ix":4},"sa":{"a":0,"k":0,"ix":5},"nm":"Transform"}],"nm":"Group 26","np":0,"cix":2,"bm":0,"ix":26,"mn":"ADBE Vector Group","hd":false},{"ty":"tm","s":{"a":0,"k":0,"ix":1},"e":{"a":0,"k":100,"ix":2},"o":{"a":0,"k":0,"ix":3},"m":1,"ix":27,"nm":"Trim Paths 1","mn":"ADBE Vector Filter - Trim","hd":false}],"ip":0,"op":360,"st":0,"bm":0}]},{"id":"comp_1","layers":[{"ddd":0,"ind":1,"ty":4,"nm":"Shape Layer 1","sr":1,"ks":{"o":{"a":1,"k":[{"i":{"x":[0.667],"y":[1]},"o":{"x":[0.333],"y":[0]},"t":0,"s":[0]},{"t":42,"s":[100]}],"ix":11},"r":{"a":0,"k":0,"ix":10},"p":{"a":1,"k":[{"i":{"x":0.667,"y":1},"o":{"x":0.333,"y":0},"t":0,"s":[20,40,0],"to":[0,-4.75,0],"ti":[0,3,0]},{"i":{"x":0.667,"y":1},"o":{"x":0.167,"y":0},"t":42,"s":[20,11.5,0],"to":[0,-3,0],"ti":[0,-1.25,0]},{"i":{"x":0.667,"y":1},"o":{"x":0.167,"y":0},"t":65,"s":[20,22,0],"to":[0,1.25,0],"ti":[0,0.5,0]},{"t":80,"s":[20,19,0]}],"ix":2},"a":{"a":0,"k":[0,0,0],"ix":1},"s":{"a":0,"k":[100,100,100],"ix":6}},"ao":0,"shapes":[{"ty":"gr","it":[{"ty":"rc","d":1,"s":{"a":0,"k":[31.27,31.27],"ix":2},"p":{"a":0,"k":[0,0],"ix":3},"r":{"a":0,"k":0,"ix":4},"nm":"Rectangle Path 1","mn":"ADBE Vector Shape - Rect","hd":false},{"ty":"st","c":{"a":0,"k":[1,1,1,1],"ix":3},"o":{"a":0,"k":100,"ix":4},"w":{"a":0,"k":0,"ix":5},"lc":1,"lj":1,"ml":4,"bm":0,"nm":"Stroke 1","mn":"ADBE Vector Graphic - Stroke","hd":false},{"ty":"gf","o":{"a":0,"k":100,"ix":10},"r":1,"bm":0,"g":{"p":3,"k":{"a":0,"k":[0,0.031,0.905,1,0.784,0.515,0.953,1,1,1,1,1,0,1,0.45,0.5,1,0],"ix":9}},"s":{"a":1,"k":[{"i":{"x":0.667,"y":1},"o":{"x":0.333,"y":0},"t":27,"s":[2.028,-100.593],"to":[-0.223,5.956],"ti":[-0.46,4.179]},{"i":{"x":0.667,"y":1},"o":{"x":0.333,"y":0},"t":47,"s":[0.69,-64.856],"to":[0.46,-4.179],"ti":[0.21,4.701]},{"i":{"x":0.667,"y":1},"o":{"x":0.333,"y":0},"t":70,"s":[4.788,-125.665],"to":[-0.21,-4.701],"ti":[1.394,2.272]},{"i":{"x":0.667,"y":1},"o":{"x":0.333,"y":0},"t":90,"s":[-0.571,-93.063],"to":[-1.394,-2.272],"ti":[-0.713,0.16]},{"i":{"x":0.667,"y":1},"o":{"x":0.333,"y":0},"t":126,"s":[-3.575,-139.298],"to":[0.713,-0.16],"ti":[-0.085,16.706]},{"i":{"x":0.667,"y":1},"o":{"x":0.333,"y":0},"t":150,"s":[3.706,-94.021],"to":[0.085,-16.706],"ti":[1.128,24.252]},{"t":168,"s":[-3.063,-239.532]}],"ix":5},"e":{"a":1,"k":[{"i":{"x":0.667,"y":1},"o":{"x":0.333,"y":0},"t":27,"s":[1.642,20.507],"to":[-0.032,-0.374],"ti":[-0.043,-0.795]},{"i":{"x":0.667,"y":1},"o":{"x":0.333,"y":0},"t":47,"s":[1.448,18.263],"to":[0.043,0.795],"ti":[0.096,0.701]},{"i":{"x":0.667,"y":1},"o":{"x":0.333,"y":0},"t":90,"s":[1.901,25.274],"to":[-0.096,-0.701],"ti":[0.333,0.219]},{"i":{"x":0.667,"y":1},"o":{"x":0.333,"y":0},"t":126,"s":[0.87,14.06],"to":[-0.333,-0.219],"ti":[0.161,-1.65]},{"t":150,"s":[-0.099,23.962]}],"ix":6},"t":1,"nm":"Gradient Fill 1","mn":"ADBE Vector Graphic - G-Fill","hd":false},{"ty":"tr","p":{"a":0,"k":[0.552,18.586],"ix":2},"a":{"a":0,"k":[0,0],"ix":1},"s":{"a":0,"k":[100,100],"ix":3},"r":{"a":0,"k":0,"ix":6},"o":{"a":0,"k":100,"ix":7},"sk":{"a":0,"k":0,"ix":4},"sa":{"a":0,"k":0,"ix":5},"nm":"Transform"}],"nm":"Rectangle 1","np":3,"cix":2,"bm":0,"ix":1,"mn":"ADBE Vector Group","hd":false}],"ip":0,"op":240,"st":0,"bm":0}]}],"layers":[{"ddd":0,"ind":1,"ty":4,"nm":"Shape Layer 7","sr":1,"ks":{"o":{"a":0,"k":100,"ix":11},"r":{"a":0,"k":0,"ix":10},"p":{"a":0,"k":[299,470,0],"ix":2},"a":{"a":0,"k":[-1,170,0],"ix":1},"s":{"a":0,"k":[100,103.922,100],"ix":6}},"ao":0,"shapes":[{"ty":"gr","it":[{"ind":0,"ty":"sh","ix":1,"ks":{"a":0,"k":{"i":[[0,0],[0,0],[0,0],[0,0],[0,0],[0,0],[0,0],[0,0],[0,0],[0,0],[0,0],[0,0],[0,0],[0,0],[0,0],[0,0],[0,0],[0,0],[0,0],[0,0],[0,0],[0,0],[0,0],[0,0],[0,0],[0,0],[0,0],[0,0],[0,0],[0,0],[0,0],[0,0]],"o":[[0,0],[0,0],[0,0],[0,0],[0,0],[0,0],[0,0],[0,0],[0,0],[0,0],[0,0],[0,0],[0,0],[0,0],[0,0],[0,0],[0,0],[0,0],[0,0],[0,0],[0,0],[0,0],[0,0],[0,0],[0,0],[0,0],[0,0],[0,0],[0,0],[0,0],[0,0],[0,0]],"v":[[-6.25,79.75],[-6.25,90.75],[-60,99],[-67.75,90.25],[-106.75,107.25],[-95.25,114.25],[-120.75,142.75],[-138,139],[-143.75,166.5],[-127,167],[-110.75,199.25],[-125,204],[-95.25,227],[-82.75,219.5],[-34.25,235.5],[-37,243],[9.5,246.5],[10.25,237],[65.25,228.5],[73.75,238],[112.25,220.25],[97,212],[124.75,184.75],[141,187],[147.5,158.25],[129,158],[113.25,127],[129,122],[98,98],[88,107.5],[37.25,92.5],[41.5,82.5]],"c":true},"ix":2},"nm":"Path 1","mn":"ADBE Vector Shape - Group","hd":false},{"ty":"tm","s":{"a":1,"k":[{"i":{"x":[0.833],"y":[1]},"o":{"x":[0.167],"y":[0]},"t":178,"s":[0]},{"t":213,"s":[50]}],"ix":1},"e":{"a":1,"k":[{"i":{"x":[0.667],"y":[1]},"o":{"x":[0.333],"y":[0]},"t":169,"s":[0]},{"t":204,"s":[50]}],"ix":2},"o":{"a":0,"k":0,"ix":3},"m":1,"ix":2,"nm":"Trim Paths 1","mn":"ADBE Vector Filter - Trim","hd":false},{"ty":"st","c":{"a":0,"k":[1,1,1,1],"ix":3},"o":{"a":0,"k":100,"ix":4},"w":{"a":0,"k":3,"ix":5},"lc":2,"lj":2,"bm":0,"nm":"Stroke 1","mn":"ADBE Vector Graphic - Stroke","hd":false},{"ty":"tr","p":{"a":0,"k":[0,0],"ix":2},"a":{"a":0,"k":[0,0],"ix":1},"s":{"a":0,"k":[100,100],"ix":3},"r":{"a":0,"k":0,"ix":6},"o":{"a":0,"k":100,"ix":7},"sk":{"a":0,"k":0,"ix":4},"sa":{"a":0,"k":0,"ix":5},"nm":"Transform"}],"nm":"Shape 1","np":4,"cix":2,"bm":0,"ix":1,"mn":"ADBE Vector Group","hd":false}],"ip":167,"op":527,"st":167,"bm":0},{"ddd":0,"ind":2,"ty":4,"nm":"Shape Layer 4","sr":1,"ks":{"o":{"a":0,"k":100,"ix":11},"r":{"a":0,"k":0,"ix":10},"p":{"a":0,"k":[300,300,0],"ix":2},"a":{"a":0,"k":[0,0,0],"ix":1},"s":{"a":0,"k":[100,100,100],"ix":6}},"ao":0,"shapes":[{"ty":"gr","it":[{"ind":0,"ty":"sh","ix":1,"ks":{"a":0,"k":{"i":[[0,0],[0,0],[0,0],[0,0],[0,0],[0,0],[0,0],[0,0],[0,0],[0,0],[0,0],[0,0],[0,0],[0,0],[0,0],[0,0],[0,0],[0,0],[0,0],[0,0],[0,0],[0,0],[0,0],[0,0],[0,0],[0,0],[0,0],[0,0],[0,0],[0,0],[0,0],[0,0]],"o":[[0,0],[0,0],[0,0],[0,0],[0,0],[0,0],[0,0],[0,0],[0,0],[0,0],[0,0],[0,0],[0,0],[0,0],[0,0],[0,0],[0,0],[0,0],[0,0],[0,0],[0,0],[0,0],[0,0],[0,0],[0,0],[0,0],[0,0],[0,0],[0,0],[0,0],[0,0],[0,0]],"v":[[-6.25,79.75],[-6.25,90.75],[-60,99],[-67.75,90.25],[-106.75,107.25],[-95.25,114.25],[-120.75,142.75],[-138,139],[-143.75,166.5],[-127,167],[-110.75,199.25],[-125,204],[-95.25,227],[-82.75,219.5],[-34.25,235.5],[-37,243],[9.5,246.5],[10.25,237],[65.25,228.5],[73.75,238],[112.25,220.25],[97,212],[124.75,184.75],[141,187],[147.5,158.25],[129,158],[113.25,127],[129,122],[98,98],[88,107.5],[37.25,92.5],[41.5,82.5]],"c":true},"ix":2},"nm":"Path 1","mn":"ADBE Vector Shape - Group","hd":false},{"ty":"tm","s":{"a":1,"k":[{"i":{"x":[0.833],"y":[1]},"o":{"x":[0.333],"y":[0]},"t":138,"s":[30]},{"t":166,"s":[60]}],"ix":1},"e":{"a":1,"k":[{"i":{"x":[0.667],"y":[1]},"o":{"x":[0.333],"y":[0]},"t":129,"s":[30]},{"t":159,"s":[60]}],"ix":2},"o":{"a":0,"k":0,"ix":3},"m":1,"ix":2,"nm":"Trim Paths 1","mn":"ADBE Vector Filter - Trim","hd":false},{"ty":"st","c":{"a":0,"k":[1,1,1,1],"ix":3},"o":{"a":0,"k":100,"ix":4},"w":{"a":0,"k":3,"ix":5},"lc":2,"lj":2,"bm":0,"nm":"Stroke 1","mn":"ADBE Vector Graphic - Stroke","hd":false},{"ty":"tr","p":{"a":0,"k":[0,0],"ix":2},"a":{"a":0,"k":[0,0],"ix":1},"s":{"a":0,"k":[100,100],"ix":3},"r":{"a":0,"k":0,"ix":6},"o":{"a":0,"k":100,"ix":7},"sk":{"a":0,"k":0,"ix":4},"sa":{"a":0,"k":0,"ix":5},"nm":"Transform"}],"nm":"Shape 1","np":4,"cix":2,"bm":0,"ix":1,"mn":"ADBE Vector Group","hd":false}],"ip":127,"op":487,"st":127,"bm":0},{"ddd":0,"ind":3,"ty":4,"nm":"Shape Layer 6","sr":1,"ks":{"o":{"a":0,"k":100,"ix":11},"r":{"a":0,"k":179.467,"ix":10},"p":{"a":0,"k":[302.933,489.154,0],"ix":2},"a":{"a":0,"k":[-0.067,168.793,0],"ix":1},"s":{"a":0,"k":[100,84.551,100],"ix":6}},"ao":0,"shapes":[{"ty":"gr","it":[{"d":1,"ty":"el","s":{"a":0,"k":[165.035,96.34],"ix":2},"p":{"a":0,"k":[0,0],"ix":3},"nm":"Ellipse Path 1","mn":"ADBE Vector Shape - Ellipse","hd":false},{"ty":"tm","s":{"a":1,"k":[{"i":{"x":[0.667],"y":[1]},"o":{"x":[0.333],"y":[0]},"t":21,"s":[30]},{"t":50,"s":[70]}],"ix":1},"e":{"a":1,"k":[{"i":{"x":[0.667],"y":[1]},"o":{"x":[0.333],"y":[0]},"t":7,"s":[30]},{"t":44,"s":[70]}],"ix":2},"o":{"a":0,"k":0,"ix":3},"m":1,"ix":2,"nm":"Trim Paths 1","mn":"ADBE Vector Filter - Trim","hd":false},{"ty":"st","c":{"a":0,"k":[1,1,1,1],"ix":3},"o":{"a":0,"k":100,"ix":4},"w":{"a":0,"k":3,"ix":5},"lc":1,"lj":2,"bm":0,"nm":"Stroke 1","mn":"ADBE Vector Graphic - Stroke","hd":false},{"ty":"tr","p":{"a":0,"k":[0.518,163.17],"ix":2},"a":{"a":0,"k":[0,0],"ix":1},"s":{"a":0,"k":[93.037,93.125],"ix":3},"r":{"a":0,"k":0,"ix":6},"o":{"a":0,"k":100,"ix":7},"sk":{"a":0,"k":0,"ix":4},"sa":{"a":0,"k":0,"ix":5},"nm":"Transform"}],"nm":"Ellipse 1","np":4,"cix":2,"bm":0,"ix":1,"mn":"ADBE Vector Group","hd":false}],"ip":2,"op":362,"st":2,"bm":0},{"ddd":0,"ind":4,"ty":4,"nm":"Shape Layer 5","sr":1,"ks":{"o":{"a":0,"k":100,"ix":11},"r":{"a":0,"k":179.467,"ix":10},"p":{"a":0,"k":[302.933,489.154,0],"ix":2},"a":{"a":0,"k":[-0.067,168.793,0],"ix":1},"s":{"a":0,"k":[100,84.551,100],"ix":6}},"ao":0,"shapes":[{"ty":"gr","it":[{"d":1,"ty":"el","s":{"a":0,"k":[165.035,96.34],"ix":2},"p":{"a":0,"k":[0,0],"ix":3},"nm":"Ellipse Path 1","mn":"ADBE Vector Shape - Ellipse","hd":false},{"ty":"tm","s":{"a":1,"k":[{"i":{"x":[0.667],"y":[1]},"o":{"x":[0.333],"y":[0]},"t":104,"s":[30]},{"t":133,"s":[70]}],"ix":1},"e":{"a":1,"k":[{"i":{"x":[0.667],"y":[1]},"o":{"x":[0.333],"y":[0]},"t":90,"s":[30]},{"t":127,"s":[70]}],"ix":2},"o":{"a":0,"k":0,"ix":3},"m":1,"ix":2,"nm":"Trim Paths 1","mn":"ADBE Vector Filter - Trim","hd":false},{"ty":"st","c":{"a":0,"k":[1,1,1,1],"ix":3},"o":{"a":0,"k":100,"ix":4},"w":{"a":0,"k":3,"ix":5},"lc":1,"lj":2,"bm":0,"nm":"Stroke 1","mn":"ADBE Vector Graphic - Stroke","hd":false},{"ty":"tr","p":{"a":0,"k":[0.518,163.17],"ix":2},"a":{"a":0,"k":[0,0],"ix":1},"s":{"a":0,"k":[93.037,93.125],"ix":3},"r":{"a":0,"k":0,"ix":6},"o":{"a":0,"k":100,"ix":7},"sk":{"a":0,"k":0,"ix":4},"sa":{"a":0,"k":0,"ix":5},"nm":"Transform"}],"nm":"Ellipse 1","np":4,"cix":2,"bm":0,"ix":1,"mn":"ADBE Vector Group","hd":false}],"ip":85,"op":445,"st":85,"bm":0},{"ddd":0,"ind":5,"ty":4,"nm":"Shape Layer 3","sr":1,"ks":{"o":{"a":0,"k":100,"ix":11},"r":{"a":0,"k":0,"ix":10},"p":{"a":0,"k":[300,300,0],"ix":2},"a":{"a":0,"k":[0,0,0],"ix":1},"s":{"a":0,"k":[100,100,100],"ix":6}},"ao":0,"shapes":[{"ty":"gr","it":[{"d":1,"ty":"el","s":{"a":0,"k":[165.035,96.34],"ix":2},"p":{"a":0,"k":[0,0],"ix":3},"nm":"Ellipse Path 1","mn":"ADBE Vector Shape - Ellipse","hd":false},{"ty":"tm","s":{"a":1,"k":[{"i":{"x":[0.667],"y":[1]},"o":{"x":[0.333],"y":[0]},"t":104,"s":[30]},{"t":133,"s":[80]}],"ix":1},"e":{"a":1,"k":[{"i":{"x":[0.667],"y":[1]},"o":{"x":[0.333],"y":[0]},"t":90,"s":[30]},{"t":127,"s":[80]}],"ix":2},"o":{"a":0,"k":0,"ix":3},"m":1,"ix":2,"nm":"Trim Paths 1","mn":"ADBE Vector Filter - Trim","hd":false},{"ty":"st","c":{"a":0,"k":[1,1,1,1],"ix":3},"o":{"a":0,"k":100,"ix":4},"w":{"a":0,"k":3,"ix":5},"lc":1,"lj":2,"bm":0,"nm":"Stroke 1","mn":"ADBE Vector Graphic - Stroke","hd":false},{"ty":"tr","p":{"a":0,"k":[0.518,163.17],"ix":2},"a":{"a":0,"k":[0,0],"ix":1},"s":{"a":0,"k":[93.037,93.125],"ix":3},"r":{"a":0,"k":0,"ix":6},"o":{"a":0,"k":100,"ix":7},"sk":{"a":0,"k":0,"ix":4},"sa":{"a":0,"k":0,"ix":5},"nm":"Transform"}],"nm":"Ellipse 1","np":4,"cix":2,"bm":0,"ix":1,"mn":"ADBE Vector Group","hd":false}],"ip":85,"op":445,"st":85,"bm":0},{"ddd":0,"ind":6,"ty":4,"nm":"Shape Layer 2","sr":1,"ks":{"o":{"a":0,"k":100,"ix":11},"r":{"a":0,"k":0,"ix":10},"p":{"a":0,"k":[300,300,0],"ix":2},"a":{"a":0,"k":[0,0,0],"ix":1},"s":{"a":0,"k":[100,100,100],"ix":6}},"ao":0,"shapes":[{"ty":"gr","it":[{"d":1,"ty":"el","s":{"a":0,"k":[165.035,96.34],"ix":2},"p":{"a":0,"k":[0,0],"ix":3},"nm":"Ellipse Path 1","mn":"ADBE Vector Shape - Ellipse","hd":false},{"ty":"tm","s":{"a":1,"k":[{"i":{"x":[0.667],"y":[1]},"o":{"x":[0.333],"y":[0]},"t":21,"s":[0]},{"t":60,"s":[100]}],"ix":1},"e":{"a":1,"k":[{"i":{"x":[0.667],"y":[1]},"o":{"x":[0.333],"y":[0]},"t":5,"s":[0]},{"t":41,"s":[100]}],"ix":2},"o":{"a":0,"k":0,"ix":3},"m":1,"ix":2,"nm":"Trim Paths 1","mn":"ADBE Vector Filter - Trim","hd":false},{"ty":"st","c":{"a":0,"k":[1,1,1,1],"ix":3},"o":{"a":0,"k":100,"ix":4},"w":{"a":0,"k":3,"ix":5},"lc":1,"lj":2,"bm":0,"nm":"Stroke 1","mn":"ADBE Vector Graphic - Stroke","hd":false},{"ty":"tr","p":{"a":0,"k":[0.518,163.17],"ix":2},"a":{"a":0,"k":[0,0],"ix":1},"s":{"a":0,"k":[93.037,93.125],"ix":3},"r":{"a":0,"k":0,"ix":6},"o":{"a":0,"k":100,"ix":7},"sk":{"a":0,"k":0,"ix":4},"sa":{"a":0,"k":0,"ix":5},"nm":"Transform"}],"nm":"Ellipse 1","np":4,"cix":2,"bm":0,"ix":1,"mn":"ADBE Vector Group","hd":false}],"ip":0,"op":360,"st":0,"bm":0},{"ddd":0,"ind":7,"ty":4,"nm":"Shape Layer 1","sr":1,"ks":{"o":{"a":0,"k":100,"ix":11},"r":{"a":0,"k":0,"ix":10},"p":{"a":0,"k":[300,300,0],"ix":2},"a":{"a":0,"k":[0,0,0],"ix":1},"s":{"a":0,"k":[100,100,100],"ix":6}},"ao":0,"shapes":[{"ty":"gr","it":[{"ind":0,"ty":"sh","ix":1,"ks":{"a":0,"k":{"i":[[0,0],[0,0],[0,0],[0,0],[0,0],[0,0],[0,0],[0,0],[0,0],[0,0],[0,0],[0,0],[0,0],[0,0],[0,0],[0,0],[0,0],[0,0],[0,0],[0,0],[0,0],[0,0],[0,0],[0,0],[0,0],[0,0],[0,0],[0,0],[0,0],[0,0],[0,0],[0,0]],"o":[[0,0],[0,0],[0,0],[0,0],[0,0],[0,0],[0,0],[0,0],[0,0],[0,0],[0,0],[0,0],[0,0],[0,0],[0,0],[0,0],[0,0],[0,0],[0,0],[0,0],[0,0],[0,0],[0,0],[0,0],[0,0],[0,0],[0,0],[0,0],[0,0],[0,0],[0,0],[0,0]],"v":[[-6.25,79.75],[-6.25,90.75],[-60,99],[-67.75,90.25],[-106.75,107.25],[-95.25,114.25],[-120.75,142.75],[-138,139],[-143.75,166.5],[-127,167],[-110.75,199.25],[-125,204],[-95.25,227],[-82.75,219.5],[-34.25,235.5],[-37,243],[9.5,246.5],[10.25,237],[65.25,228.5],[73.75,238],[112.25,220.25],[97,212],[124.75,184.75],[141,187],[147.5,158.25],[129,158],[113.25,127],[129,122],[98,98],[88,107.5],[37.25,92.5],[41.5,82.5]],"c":true},"ix":2},"nm":"Path 1","mn":"ADBE Vector Shape - Group","hd":false},{"ty":"tm","s":{"a":1,"k":[{"i":{"x":[0.667],"y":[1]},"o":{"x":[0.333],"y":[0]},"t":15,"s":[0]},{"t":50,"s":[100]}],"ix":1},"e":{"a":1,"k":[{"i":{"x":[0.667],"y":[1]},"o":{"x":[0.333],"y":[0]},"t":2,"s":[0]},{"t":38,"s":[100]}],"ix":2},"o":{"a":0,"k":0,"ix":3},"m":1,"ix":2,"nm":"Trim Paths 1","mn":"ADBE Vector Filter - Trim","hd":false},{"ty":"st","c":{"a":0,"k":[1,1,1,1],"ix":3},"o":{"a":0,"k":100,"ix":4},"w":{"a":0,"k":3,"ix":5},"lc":2,"lj":2,"bm":0,"nm":"Stroke 1","mn":"ADBE Vector Graphic - Stroke","hd":false},{"ty":"tr","p":{"a":0,"k":[0,0],"ix":2},"a":{"a":0,"k":[0,0],"ix":1},"s":{"a":0,"k":[100,100],"ix":3},"r":{"a":0,"k":0,"ix":6},"o":{"a":0,"k":100,"ix":7},"sk":{"a":0,"k":0,"ix":4},"sa":{"a":0,"k":0,"ix":5},"nm":"Transform"}],"nm":"Shape 1","np":4,"cix":2,"bm":0,"ix":1,"mn":"ADBE Vector Group","hd":false}],"ip":0,"op":360,"st":0,"bm":0},{"ddd":0,"ind":8,"ty":0,"nm":"digital","refId":"comp_0","sr":1,"ks":{"o":{"a":1,"k":[{"i":{"x":[0.833],"y":[0.833]},"o":{"x":[0.167],"y":[0.167]},"t":31,"s":[0]},{"t":55,"s":[100]}],"ix":11},"r":{"a":0,"k":0,"ix":10},"p":{"a":0,"k":[300,300,0],"ix":2},"a":{"a":0,"k":[300,300,0],"ix":1},"s":{"a":0,"k":[100,100,100],"ix":6}},"ao":0,"w":600,"h":600,"ip":28,"op":388,"st":28,"bm":0}],"markers":[]}