{"v":"5.5.7","meta":{"g":"LottieFiles AE 0.1.20","a":"","k":"","d":"","tc":"none"},"fr":24,"ip":0,"op":74,"w":1300,"h":300,"nm":"OnEducation","ddd":0,"assets":[],"layers":[{"ddd":0,"ind":1,"ty":4,"nm":"logo Outlines 2","sr":1,"ks":{"o":{"a":0,"k":100,"ix":11},"r":{"a":0,"k":0,"ix":10},"p":{"a":0,"k":[650,150,0],"ix":2},"a":{"a":0,"k":[685.5,161,0],"ix":1},"s":{"a":0,"k":[93.859,93.859,100],"ix":6}},"ao":0,"shapes":[{"ty":"gr","it":[{"ind":0,"ty":"sh","ix":1,"ks":{"a":1,"k":[{"i":{"x":0.667,"y":1},"o":{"x":0.333,"y":0},"t":35,"s":[{"i":[[5.5,16.7],[1.9,5.6],[-7.4,3.7],[-3.7,-11.2],[-3.633,-9.991],[0.071,0.013],[-3.214,5.015],[-0.493,-7.138],[0.264,-0.907],[3.55,4.373]],"o":[[-3.2,-9.5],[-1.8,-5.5],[7.4,-3.7],[3.7,11.1],[2.493,2.794],[3.345,-8.394],[1.563,1.424],[-5.573,14.45],[0,0],[-2.688,-3.311]],"v":[[-55.378,27.17],[-56.45,25.35],[-50.85,10.55],[-39.477,19.584],[-39.395,20.48],[-39.903,21.93],[-39.282,21.322],[-39.32,23.474],[-55.812,27.911],[-53.925,28.716]],"c":true}]},{"i":{"x":0.667,"y":1},"o":{"x":0.333,"y":0},"t":38,"s":[{"i":[[5.5,16.7],[1.9,5.6],[-7.4,3.7],[-3.7,-11.2],[-3.633,-9.991],[0.071,0.013],[-3.214,5.015],[-0.493,-7.138],[7.4,-16.7],[5.6,-0.6]],"o":[[-3.2,-9.5],[-1.8,-5.5],[7.4,-3.7],[3.7,11.1],[2.493,2.794],[3.345,-8.394],[1.563,1.424],[-5.573,14.45],[0,0],[-5.8,0.6]],"v":[[-50.85,43.95],[-56.45,25.35],[-50.85,10.55],[-39.477,19.584],[-32.736,35.663],[-27.651,36.846],[-22.768,29.579],[-18.811,37.324],[-27.312,53.747],[-32.35,56.95]],"c":true}]},{"i":{"x":0.667,"y":1},"o":{"x":0.333,"y":0},"t":41,"s":[{"i":[[5.5,16.7],[1.9,5.6],[-7.4,3.7],[-3.7,-11.2],[-7.4,11.2],[-8.7,8],[-4.6,0.3],[14.6,-17.2],[7.4,-16.7],[5.6,-0.6]],"o":[[-3.2,-9.5],[-1.8,-5.5],[7.4,-3.7],[3.7,11.1],[7.4,-11.1],[8.8,-8],[3.7,0],[-7.1,8.4],[0,0],[-5.8,0.6]],"v":[[-50.85,43.95],[-56.45,25.35],[-50.85,10.55],[-34.15,19.85],[-21.15,17.95],[-13.667,6.481],[-4.789,-1.984],[2.098,9.623],[-23.05,51.35],[-32.35,56.95]],"c":true}]},{"t":44,"s":[{"i":[[5.5,16.7],[1.9,5.6],[-7.4,3.7],[-3.7,-11.2],[-7.4,11.2],[-8.7,8],[-4.6,0.3],[14.6,-17.2],[7.4,-16.7],[5.6,-0.6]],"o":[[-3.2,-9.5],[-1.8,-5.5],[7.4,-3.7],[3.7,11.1],[7.4,-11.1],[8.8,-8],[3.7,0],[-7.1,8.4],[0,0],[-5.8,0.6]],"v":[[-50.85,43.95],[-56.45,25.35],[-50.85,10.55],[-34.15,19.85],[-21.15,17.95],[28.95,-52.65],[47.95,-60.05],[43.65,-42.05],[-23.05,51.35],[-32.35,56.95]],"c":true}]}],"ix":2},"nm":"Path 1","mn":"ADBE Vector Shape - Group","hd":false},{"ty":"fl","c":{"a":0,"k":[0.102000000898,0.102000000898,0.093999997307,1],"ix":4},"o":{"a":0,"k":100,"ix":5},"r":1,"bm":0,"nm":"Fill 1","mn":"ADBE Vector Graphic - Fill","hd":false},{"ty":"tr","p":{"a":0,"k":[109.25,88.45],"ix":2},"a":{"a":0,"k":[0,0],"ix":1},"s":{"a":0,"k":[100,100],"ix":3},"r":{"a":0,"k":0,"ix":6},"o":{"a":0,"k":100,"ix":7},"sk":{"a":0,"k":0,"ix":4},"sa":{"a":0,"k":0,"ix":5},"nm":"Transform"}],"nm":"Group 24","np":2,"cix":2,"bm":0,"ix":1,"mn":"ADBE Vector Group","hd":false}],"ip":35,"op":2890,"st":10,"bm":0},{"ddd":0,"ind":2,"ty":4,"nm":"Shape Layer 2","sr":1,"ks":{"o":{"a":0,"k":100,"ix":11},"r":{"a":0,"k":0,"ix":10},"p":{"a":0,"k":[650,150,0],"ix":2},"a":{"a":0,"k":[0,0,0],"ix":1},"s":{"a":0,"k":[100,100,100],"ix":6}},"ao":0,"shapes":[{"ty":"gr","it":[{"ind":0,"ty":"sh","ix":1,"ks":{"a":0,"k":{"i":[[0,0],[0,0]],"o":[[0,0],[0,0]],"v":[[-573.5,-82],[-573.5,-36.5]],"c":false},"ix":2},"nm":"Path 1","mn":"ADBE Vector Shape - Group","hd":false},{"ty":"st","c":{"a":0,"k":[1,1,1,1],"ix":3},"o":{"a":0,"k":100,"ix":4},"w":{"a":0,"k":32,"ix":5},"lc":2,"lj":1,"ml":4,"bm":0,"nm":"Stroke 1","mn":"ADBE Vector Graphic - Stroke","hd":false},{"ty":"tr","p":{"a":0,"k":[0,0],"ix":2},"a":{"a":0,"k":[0,0],"ix":1},"s":{"a":0,"k":[100,100],"ix":3},"r":{"a":0,"k":0,"ix":6},"o":{"a":0,"k":100,"ix":7},"sk":{"a":0,"k":0,"ix":4},"sa":{"a":0,"k":0,"ix":5},"nm":"Transform"}],"nm":"Shape 1","np":3,"cix":2,"bm":0,"ix":1,"mn":"ADBE Vector Group","hd":false},{"ty":"tm","s":{"a":1,"k":[{"i":{"x":[0.667],"y":[1]},"o":{"x":[0.333],"y":[0]},"t":16,"s":[0]},{"i":{"x":[0.667],"y":[1]},"o":{"x":[0.333],"y":[0]},"t":24,"s":[0]},{"t":37,"s":[100]}],"ix":1},"e":{"a":1,"k":[{"i":{"x":[0.667],"y":[1]},"o":{"x":[0.333],"y":[0]},"t":0,"s":[0]},{"i":{"x":[0.667],"y":[1]},"o":{"x":[0.333],"y":[0]},"t":16,"s":[100]},{"i":{"x":[0.667],"y":[1]},"o":{"x":[0.333],"y":[0]},"t":24,"s":[100]},{"t":37,"s":[100]}],"ix":2},"o":{"a":0,"k":0,"ix":3},"m":1,"ix":2,"nm":"Trim Paths 1","mn":"ADBE Vector Filter - Trim","hd":false}],"ip":-38,"op":74,"st":0,"bm":0},{"ddd":0,"ind":3,"ty":4,"nm":"Shape Layer 1","sr":1,"ks":{"o":{"a":1,"k":[{"i":{"x":[0.667],"y":[1]},"o":{"x":[0.333],"y":[0]},"t":41,"s":[100]},{"t":47,"s":[0]}],"ix":11},"r":{"a":0,"k":0,"ix":10},"p":{"a":0,"k":[650,150,0],"ix":2},"a":{"a":0,"k":[0,0,0],"ix":1},"s":{"a":0,"k":[100,100,100],"ix":6}},"ao":0,"shapes":[{"ty":"gr","it":[{"d":1,"ty":"el","s":{"a":0,"k":[108.951,108.951],"ix":2},"p":{"a":0,"k":[0,0],"ix":3},"nm":"Ellipse Path 1","mn":"ADBE Vector Shape - Ellipse","hd":false},{"ty":"tm","s":{"a":1,"k":[{"i":{"x":[0.667],"y":[1]},"o":{"x":[0.333],"y":[0]},"t":0,"s":[50]},{"i":{"x":[0.667],"y":[1]},"o":{"x":[0.333],"y":[0]},"t":16,"s":[21]},{"i":{"x":[0.833],"y":[1]},"o":{"x":[0.333],"y":[0]},"t":24,"s":[21]},{"t":38,"s":[0]}],"ix":1},"e":{"a":1,"k":[{"i":{"x":[0.667],"y":[1]},"o":{"x":[0.333],"y":[0]},"t":0,"s":[50]},{"i":{"x":[0.667],"y":[1]},"o":{"x":[0.333],"y":[0]},"t":16,"s":[80]},{"i":{"x":[0.833],"y":[1]},"o":{"x":[0.333],"y":[0]},"t":24,"s":[80]},{"t":38,"s":[100]}],"ix":2},"o":{"a":0,"k":0,"ix":3},"m":1,"ix":2,"nm":"Trim Paths 1","mn":"ADBE Vector Filter - Trim","hd":false},{"ty":"st","c":{"a":0,"k":[1,1,1,1],"ix":3},"o":{"a":0,"k":100,"ix":4},"w":{"a":0,"k":32,"ix":5},"lc":2,"lj":1,"ml":4,"bm":0,"nm":"Stroke 1","mn":"ADBE Vector Graphic - Stroke","hd":false},{"ty":"tr","p":{"a":0,"k":[-574.071,-36.108],"ix":2},"a":{"a":0,"k":[0,0],"ix":1},"s":{"a":0,"k":[88.734,88.734],"ix":3},"r":{"a":0,"k":0,"ix":6},"o":{"a":0,"k":100,"ix":7},"sk":{"a":0,"k":0,"ix":4},"sa":{"a":0,"k":0,"ix":5},"nm":"Transform"}],"nm":"Ellipse 1","np":4,"cix":2,"bm":0,"ix":1,"mn":"ADBE Vector Group","hd":false},{"ty":"gr","it":[{"ty":"tm","s":{"a":0,"k":21,"ix":1},"e":{"a":0,"k":80,"ix":2},"o":{"a":0,"k":0,"ix":3},"m":1,"ix":1,"nm":"Trim Paths 1","mn":"ADBE Vector Filter - Trim","hd":false},{"ty":"tr","p":{"a":0,"k":[0,0],"ix":2},"a":{"a":0,"k":[0,0],"ix":1},"s":{"a":0,"k":[100,100],"ix":3},"r":{"a":0,"k":0,"ix":6},"o":{"a":0,"k":100,"ix":7},"sk":{"a":0,"k":0,"ix":4},"sa":{"a":0,"k":0,"ix":5},"nm":"Transform"}],"nm":"Group 1","np":1,"cix":2,"bm":0,"ix":2,"mn":"ADBE Vector Group","hd":false}],"ip":0,"op":74,"st":0,"bm":0},{"ddd":0,"ind":4,"ty":4,"nm":"On","sr":1,"ks":{"o":{"a":1,"k":[{"i":{"x":[0.667],"y":[1]},"o":{"x":[0.333],"y":[0]},"t":39,"s":[0]},{"t":47,"s":[100]}],"ix":11},"r":{"a":0,"k":0,"ix":10},"p":{"a":0,"k":[650,150,0],"ix":2},"a":{"a":0,"k":[685.5,161,0],"ix":1},"s":{"a":0,"k":[93.859,93.859,100],"ix":6}},"ao":0,"shapes":[{"ty":"gr","it":[{"ind":0,"ty":"sh","ix":1,"ks":{"a":0,"k":{"i":[[0,-5.1],[-1.7,-4.4],[-3.1,-3.3],[-4.3,-1.8],[-5.1,0],[-4.3,1.9],[-3.1,3.3],[-1.7,4.4],[0,5],[1.7,4.4],[3.1,3.3],[4.2,1.9],[5.1,0],[4.3,-1.9],[3.1,-3.3],[1.7,-4.4]],"o":[[0,5.1],[1.7,4.4],[3.1,3.3],[4.2,1.9],[5.1,0],[4.3,-1.9],[3.1,-3.3],[1.7,-4.4],[0,-5],[-1.7,-4.4],[-3.1,-3.3],[-4.2,-1.9],[-5.1,0],[-4.2,1.9],[-3.1,3.3],[-1.8,4.4]],"v":[[-96.65,-0.05],[-94.05,14.15],[-86.85,25.65],[-75.85,33.35],[-61.85,36.15],[-47.85,33.35],[-36.85,25.65],[-29.65,14.15],[-27.05,-0.05],[-29.65,-14.25],[-36.85,-25.85],[-47.85,-33.65],[-61.85,-36.45],[-75.85,-33.65],[-86.85,-25.85],[-94.05,-14.25]],"c":true},"ix":2},"nm":"Path 1","mn":"ADBE Vector Shape - Group","hd":false},{"ind":1,"ty":"sh","ix":2,"ks":{"a":0,"k":{"i":[[0,6.5],[-1.7,6],[-3.1,5.2],[-4.3,4.3],[-5.2,3.1],[-6,1.7],[-6.5,0],[-6,-1.6],[-5.2,-3.1],[-4.3,-4.3],[-3,-5.2],[-1.7,-6],[0,-6.5],[1.6,-6],[3.1,-5.2],[4.3,-4.3],[5.2,-3.1],[6,-1.7],[6.4,0],[5.9,1.7],[5.2,3.1],[4.2,4.3],[3.1,5.2],[1.6,6]],"o":[[0,-6.5],[1.7,-6],[3.1,-5.2],[4.3,-4.3],[5.2,-3],[6,-1.7],[6.4,0],[6,1.7],[5.2,3],[4.3,4.3],[3,5.2],[1.7,6],[0,6.5],[-1.7,6],[-3,5.2],[-4.3,4.3],[-5.2,3.1],[-6,1.7],[-6.5,0],[-6,-1.7],[-5.2,-3.1],[-4.3,-4.3],[-3.1,-5.2],[-1.7,-6]],"v":[[-132.35,0.05],[-129.85,-18.65],[-122.75,-35.45],[-111.75,-49.75],[-97.55,-60.75],[-80.75,-67.85],[-62.05,-70.35],[-43.35,-67.85],[-26.55,-60.75],[-12.25,-49.75],[-1.25,-35.45],[5.85,-18.65],[8.35,0.05],[5.85,18.75],[-1.25,35.55],[-12.25,49.75],[-26.55,60.75],[-43.35,67.85],[-62.05,70.35],[-80.75,67.85],[-97.55,60.75],[-111.75,49.75],[-122.75,35.55],[-129.85,18.75]],"c":true},"ix":2},"nm":"Path 2","mn":"ADBE Vector Shape - Group","hd":false},{"ind":2,"ty":"sh","ix":3,"ks":{"a":0,"k":{"i":[[0,0],[-0.8,0.2],[-0.8,0],[0,0],[-0.7,-0.4],[-0.5,-0.7],[-0.3,-0.9],[-0.3,-1],[0,0],[-1.7,2.5],[-2.6,2.1],[-3.7,1.4],[-4.9,0],[-5.7,-2.7],[-4,-4.7],[-2.2,-6.3],[0,-7.1],[0,0],[1,-1.2],[2.2,0],[0,0],[1,0.8],[0,2.6],[0,0],[1.2,2.4],[1.9,1.8],[2.4,1.1],[2.6,0],[2.3,-1],[1.9,-1.8],[1.3,-2.4],[0.2,-2.8],[0,0],[0.4,-1],[0.8,-0.6],[0.7,-0.2],[1,0],[0,0],[1.2,1.3],[0,2.1],[0,0],[-0.5,1],[-0.9,0.6]],"o":[[0.8,-0.7],[0.9,-0.2],[0,0],[1.1,0],[0.8,0.4],[0.6,0.7],[0.3,0.9],[0,0],[0.9,-1.9],[1.7,-2.4],[2.7,-2.1],[3.7,-1.4],[7,0],[5.7,2.7],[4,4.6],[2.2,6.2],[0,0],[0,2.3],[-1,1.2],[0,0],[-2.6,0],[-1,-0.9],[0,0],[0,-2.6],[-1.2,-2.4],[-2,-1.8],[-2.5,-1],[-2.2,0],[-2.3,1],[-1.9,1.7],[-1.3,2.4],[0,0],[0,1],[-0.4,1],[-0.8,0.5],[-0.7,0.2],[0,0],[-2.6,0],[-1.2,-1.3],[0,0],[0,-1.2],[0.5,-1],[0,0]],"v":[[24.35,-46.95],[26.85,-48.25],[29.35,-48.55],[43.25,-48.55],[46.05,-47.95],[48.05,-46.35],[49.35,-44.05],[50.25,-41.35],[53.05,-29.65],[57.05,-36.15],[63.65,-42.95],[73.25,-48.25],[86.15,-50.35],[105.15,-46.35],[119.75,-35.35],[129.05,-19.05],[132.35,0.85],[132.35,61.05],[130.85,66.35],[126.05,68.15],[105.05,68.15],[99.65,66.85],[98.15,61.65],[98.15,1.85],[96.35,-5.65],[91.65,-11.85],[85.05,-16.15],[77.45,-17.75],[70.75,-16.25],[64.45,-12.15],[59.55,-5.95],[57.25,1.75],[57.25,61.45],[56.65,64.55],[54.85,66.95],[52.65,67.95],[50.15,68.25],[29.35,68.25],[23.65,66.35],[21.95,61.25],[21.95,-41.75],[22.75,-44.95],[24.85,-47.25]],"c":true},"ix":2},"nm":"Path 3","mn":"ADBE Vector Shape - Group","hd":false},{"ty":"mm","mm":1,"nm":"Merge Paths 1","mn":"ADBE Vector Filter - Merge","hd":false},{"ty":"fl","c":{"a":0,"k":[1,1,1,1],"ix":4},"o":{"a":0,"k":100,"ix":5},"r":1,"bm":0,"nm":"Fill 1","mn":"ADBE Vector Graphic - Fill","hd":false},{"ty":"tr","p":{"a":0,"k":[135.95,122.45],"ix":2},"a":{"a":0,"k":[0,0],"ix":1},"s":{"a":0,"k":[100,100],"ix":3},"r":{"a":0,"k":0,"ix":6},"o":{"a":0,"k":100,"ix":7},"sk":{"a":0,"k":0,"ix":4},"sa":{"a":0,"k":0,"ix":5},"nm":"Transform"}],"nm":"Group 25","np":5,"cix":2,"bm":0,"ix":1,"mn":"ADBE Vector Group","hd":false}],"ip":37,"op":85,"st":0,"bm":0},{"ddd":0,"ind":5,"ty":4,"nm":"Education","sr":1,"ks":{"o":{"a":1,"k":[{"i":{"x":[0.667],"y":[1]},"o":{"x":[0.333],"y":[0]},"t":38,"s":[0]},{"t":48,"s":[100]}],"ix":11},"r":{"a":0,"k":0,"ix":10},"p":{"a":1,"k":[{"i":{"x":0.667,"y":1},"o":{"x":0.333,"y":0},"t":38,"s":[604,150,0],"to":[7.667,0,0],"ti":[-7.667,0,0]},{"t":48,"s":[650,150,0]}],"ix":2},"a":{"a":0,"k":[685.5,161,0],"ix":1},"s":{"a":0,"k":[93.859,93.859,100],"ix":6}},"ao":0,"shapes":[{"ty":"gr","it":[{"ind":0,"ty":"sh","ix":1,"ks":{"a":0,"k":{"i":[[0,0],[-2.7,0],[0,0],[-0.7,-0.7],[0,-1.3],[0,0],[0.7,-1],[1.2,0],[0,0],[0,2.9],[0,0]],"o":[[0,-2.7],[0,0],[1.1,0],[0.8,0.7],[0,0],[0,0.9],[-0.7,1],[0,0],[-2.7,0],[0,0],[0,0]],"v":[[-539.65,15.55],[-535.65,11.55],[-472.95,11.55],[-470.15,12.65],[-468.95,15.65],[-468.95,34.35],[-470.05,37.25],[-472.95,38.75],[-535.55,38.75],[-539.55,34.35],[-539.55,15.55]],"c":true},"ix":2},"nm":"Path 1","mn":"ADBE Vector Shape - Group","hd":false},{"ind":1,"ty":"sh","ix":2,"ks":{"a":0,"k":{"i":[[0,0],[-0.7,0.8],[-1.3,0],[0,0],[-0.7,-0.8],[0,-1.3],[0,0],[0.7,-1],[1.4,0],[0,0],[0,0],[0,0],[-0.8,-0.5],[0,-1.3],[0,0],[0.7,-0.8],[1.2,0],[0,0],[0,0],[0,0],[0,-2.8],[0,0],[0.5,-0.5],[2.3,0],[0,0],[0.7,0.701],[0,1.4],[0,0]],"o":[[0,-1.3],[0.7,-0.8],[0,0],[1.3,0],[0.7,0.8],[0,0],[0,1],[-0.7,0.9],[0,0],[0,0],[0,0],[1.2,0],[0.8,0.6],[0,0],[0,0.9],[-0.7,0.8],[0,0],[0,0],[0,0],[2.8,0],[0,0],[0,0.599],[-0.2,1.7],[0,0],[-1.2,0],[-0.7,-0.6],[0,0],[0,0]],"v":[[-449.05,-51.95],[-447.95,-55.05],[-444.95,-56.25],[-353.65,-56.25],[-350.55,-55.05],[-349.45,-51.85],[-349.45,-29.05],[-350.55,-26.05],[-353.75,-24.65],[-413.35,-24.65],[-413.35,-1.85],[-367.35,-1.85],[-364.45,-1.05],[-363.35,1.75],[-363.35,21.75],[-364.35,24.25],[-367.25,25.45],[-413.25,25.45],[-413.25,48.75],[-351.45,48.75],[-347.35,52.95],[-347.35,76.151],[-348.05,77.85],[-351.85,80.45],[-444.85,80.45],[-447.75,79.45],[-448.85,76.45],[-448.85,-51.95]],"c":true},"ix":2},"nm":"Path 2","mn":"ADBE Vector Shape - Group","hd":false},{"ind":2,"ty":"sh","ix":3,"ks":{"a":0,"k":{"i":[[0,0],[2,-1.899],[2.4,-1.6],[2.7,-1.1],[3.2,0],[7,3.1],[5.1,5.4],[2.9,7.4],[0,8.4],[-2.9,7.4],[-5.1,5.4],[-7,3.1],[-8.3,0],[-2.8,-1],[-2.3,-1.6],[-1.9,-2],[-1.8,-1.9],[0,0],[-1.2,1.4],[-2.4,0],[0,0],[-0.8,-0.3],[-0.7,-0.6],[-0.5,-0.9],[0,-1],[0,0],[4.9,0],[0,0],[0.6,0.301],[0.5,0.601],[0.4,0.9],[0.6,1.2]],"o":[[-1.7,1.699],[-2,1.9],[-2.4,1.7],[-2.8,1.1],[-8.3,0],[-7,-3.1],[-5.1,-5.399],[-2.8,-7.4],[0,-8.5],[2.9,-7.3],[5.1,-5.4],[7,-3.1],[3.4,0],[2.8,1],[2.3,1.5],[1.9,1.9],[0,0],[0,-2],[1.2,-1.3],[0,0],[0.8,0],[0.9,0.3],[0.7,0.6],[0.5,0.9],[0,0],[0,4.7],[0,0],[-1.2,0],[-0.7,-0.3],[-0.5,-0.6],[-0.4,-0.9],[0,0]],"v":[[-251.65,66.151],[-257.15,71.55],[-263.75,76.85],[-271.45,80.95],[-280.35,82.55],[-303.35,77.85],[-321.45,65.05],[-333.35,45.85],[-337.65,22.15],[-333.35,-1.65],[-321.45,-20.75],[-303.35,-33.55],[-280.35,-38.25],[-271.05,-36.75],[-263.45,-32.95],[-257.15,-27.75],[-251.65,-22.05],[-251.65,-64.05],[-249.85,-69.05],[-244.45,-71.05],[-223.75,-71.05],[-221.25,-70.55],[-218.85,-69.15],[-217.05,-66.95],[-216.35,-64.15],[-216.35,73.25],[-223.75,80.35],[-241.75,80.35],[-244.55,79.85],[-246.25,78.55],[-247.55,76.35],[-248.95,73.25]],"c":true},"ix":2},"nm":"Path 3","mn":"ADBE Vector Shape - Group","hd":false},{"ind":3,"ty":"sh","ix":4,"ks":{"a":0,"k":{"i":[[0,-3.9],[-1.3,-3.5],[-2.4,-2.5],[-3.3,-1.5],[-4,0],[-3.5,1.4],[-2.5,2.5],[-1.5,3.4],[-0.2,3.8],[0,0],[1.5,3.6],[2.6,2.6],[3.5,1.6],[4.1,0],[3.3,-1.5],[2.3,-2.7],[1.3,-3.5]],"o":[[0,4],[1.3,3.5],[2.3,2.6],[3.3,1.5],[3.9,0],[3.5,-1.4],[2.6,-2.5],[1.6,-3.4],[0,0],[0,-3.9],[-1.5,-3.6],[-2.6,-2.7],[-3.5,-1.6],[-4,0],[-3.3,1.6],[-2.3,2.7],[-1.2,3.7]],"v":[[-304.45,22.15],[-302.55,33.45],[-297.15,42.55],[-288.75,48.65],[-277.85,50.85],[-266.75,48.75],[-257.75,42.95],[-251.55,34.15],[-248.95,23.35],[-248.95,22.05],[-251.15,10.85],[-257.25,1.55],[-266.45,-4.85],[-277.95,-7.15],[-288.85,-4.85],[-297.25,1.55],[-302.65,10.85]],"c":true},"ix":2},"nm":"Path 4","mn":"ADBE Vector Shape - Group","hd":false},{"ind":4,"ty":"sh","ix":5,"ks":{"a":0,"k":{"i":[[0,0],[0.9,-0.201],[0.8,0],[0,0],[0.7,0.4],[0.5,0.7],[0.4,0.9],[0.2,1],[0,0],[1.8,-2.5],[2.7,-2.1],[3.8,-1.401],[4.9,0],[5.7,2.7],[4.1,4.6],[2.2,6.201],[0,7.1],[0,0],[-1,1.2],[-2.2,0],[0,0],[-1,-0.8],[0,-2.6],[0,0],[-1.2,-2.4],[-1.9,-1.8],[-2.5,-1.1],[-2.6,0],[-2.4,1.1],[-2,1.7],[-1.3,2.4],[0,2.6],[0,0],[-0.4,1],[-0.8,0.6],[-0.7,0.2],[-0.9,0],[0,0],[-1.2,-1.3],[0,-2.1],[0,0],[0.6,-1],[0.9,-0.6]],"o":[[-0.8,0.7],[-0.9,0.199],[0,0],[-1.1,0],[-0.8,-0.4],[-0.6,-0.7],[-0.4,-0.9],[0,0],[-0.9,1.9],[-1.7,2.4],[-2.7,2.1],[-3.7,1.399],[-7,0],[-5.7,-2.7],[-4,-4.7],[-2.2,-6.2],[0,0],[0,-2.3],[1,-1.2],[0,0],[2.6,0],[1,0.9],[0,0],[0,2.6],[1.2,2.4],[2,1.8],[2.5,1],[2.2,0],[2.4,-1],[2,-1.7],[1.3,-2.4],[0,0],[0,-1],[0.4,-1],[0.8,-0.5],[0.7,-0.2],[0,0],[2.6,0],[1.2,1.3],[0,0],[0,1.201],[-0.5,1],[0,0]],"v":[[-88.55,78.85],[-91.05,80.151],[-93.55,80.45],[-107.45,80.45],[-110.25,79.85],[-112.25,78.25],[-113.65,75.95],[-114.55,73.25],[-117.35,61.55],[-121.35,68.05],[-128.05,74.85],[-137.75,80.151],[-150.65,82.25],[-169.65,78.25],[-184.25,67.25],[-193.55,50.95],[-196.85,31.05],[-196.85,-29.25],[-195.35,-34.55],[-190.55,-36.35],[-169.35,-36.35],[-163.95,-35.05],[-162.45,-29.85],[-162.45,30.05],[-160.65,37.55],[-155.95,43.75],[-149.25,48.05],[-141.65,49.65],[-134.75,48.05],[-128.25,43.85],[-123.35,37.65],[-121.45,30.15],[-121.45,-29.55],[-120.85,-32.65],[-119.05,-35.05],[-116.75,-36.05],[-114.35,-36.35],[-93.55,-36.35],[-87.85,-34.45],[-86.15,-29.35],[-86.15,73.45],[-86.95,76.651],[-89.15,78.95]],"c":true},"ix":2},"nm":"Path 5","mn":"ADBE Vector Shape - Group","hd":false},{"ind":5,"ty":"sh","ix":6,"ks":{"a":0,"k":{"i":[[-2.8,1.9],[-0.8,0.2],[-0.5,0],[-0.8,-0.4],[-1,-1.5],[0,0],[-0.3,-0.7],[0,-0.4],[0.9,-0.9],[1,-0.701],[6,-2.1],[6.7,0],[5.1,1.399],[4.4,2.599],[3.6,3.7],[2.6,4.5],[1.4,5.2],[0,5.6],[-1.5,5.2],[-2.6,4.5],[-3.7,3.6],[-4.4,2.5],[-5.1,1.4],[-5.5,0],[-5.6,-1.8],[-4.9,-3.5],[0,0],[-0.8,-1.1],[0,-1.6],[0.7,-1.2],[0,0],[2.4,0],[0.8,0.2],[1,0.7],[3.1,1.2],[3.5,0],[3.3,-1.5],[2.3,-2.7],[1.3,-3.5],[0,-3.9],[-1.3,-3.5],[-2.3,-2.5],[-3.2,-1.5],[-3.9,0],[-3,1.2]],"o":[[0.9,-0.6],[0.8,-0.2],[1,0],[0.9,0.4],[0,0],[0.3,0.5],[0.3,0.7],[0,1.401],[-0.9,0.901],[-5,3.5],[-6,2.101],[-5.5,0],[-5.1,-1.401],[-4.4,-2.601],[-3.7,-3.599],[-2.6,-4.5],[-1.4,-5.2],[0,-5.6],[1.4,-5.2],[2.6,-4.4],[3.7,-3.6],[4.4,-2.6],[5.1,-1.4],[6.7,0],[5.7,1.8],[0,0],[1.3,0.8],[0.8,1.1],[0,1.1],[0,0],[-1.7,3],[-0.6,0],[-0.8,-0.3],[-2.7,-1.8],[-3.1,-1.1],[-3.9,0],[-3.2,1.6],[-2.3,2.7],[-1.3,3.6],[0,4],[1.3,3.5],[2.3,2.6],[3.2,1.5],[3.5,0],[3.1,-1.2]],"v":[[5.65,44.45],[8.15,43.25],[9.95,43.05],[12.75,43.65],[15.45,46.45],[25.75,62.05],[26.65,63.75],[27.05,65.25],[25.75,68.75],[22.85,71.151],[6.35,79.55],[-12.65,82.75],[-28.55,80.651],[-42.85,74.651],[-54.95,65.25],[-64.35,53.05],[-70.35,38.55],[-72.55,22.35],[-70.35,6.05],[-64.35,-8.45],[-54.95,-20.55],[-42.85,-29.85],[-28.55,-35.85],[-12.65,-37.95],[5.85,-35.25],[21.75,-27.35],[21.45,-27.65],[24.65,-24.85],[25.85,-20.85],[24.75,-17.45],[16.55,-3.55],[10.35,0.95],[8.35,0.55],[5.65,-0.85],[-3.05,-5.25],[-12.95,-6.95],[-23.65,-4.65],[-31.95,1.75],[-37.35,11.05],[-39.25,22.25],[-37.35,33.55],[-31.95,42.65],[-23.65,48.75],[-12.95,50.95],[-3.15,49.15]],"c":true},"ix":2},"nm":"Path 6","mn":"ADBE Vector Shape - Group","hd":false},{"ind":6,"ty":"sh","ix":7,"ks":{"a":0,"k":{"i":[[0,0],[0.4,-0.901],[0.8,-0.5],[0.9,-0.201],[0.7,0],[0,0],[0.8,0.3],[0.5,0.601],[0.3,0.9],[0.4,1],[0,0],[1.9,-1.9],[2.4,-1.6],[2.8,-1.1],[3.1,0],[5.1,1.4],[4.4,2.601],[3.6,3.699],[2.6,4.5],[1.4,5.2],[0,5.6],[-3.1,7.4],[-5.4,5.4],[-7.3,3.1],[-8.3,0],[-3.2,-1.1],[-2.6,-1.9],[-2.1,-2.3],[-1.6,-2.4],[0,0],[-0.4,1],[-0.5,0.4],[-0.7,0.1],[-1.2,0],[0,0],[-0.9,-0.2],[-0.7,-0.7],[-0.3,-0.9],[0,-1.1],[0,0]],"o":[[0,1],[-0.4,0.899],[-0.7,0.7],[-0.9,0.199],[0,0],[-1.3,0],[-0.8,-0.299],[-0.5,-0.6],[-0.3,-0.9],[0,0],[-1.7,1.7],[-2,1.9],[-2.4,1.601],[-2.8,1.101],[-5.6,0],[-5.1,-1.399],[-4.4,-2.6],[-3.6,-3.601],[-2.6,-4.5],[-1.4,-5.2],[0,-8.5],[3.1,-7.3],[5.4,-5.4],[7.3,-3.1],[3.8,0],[3.2,1.1],[2.6,1.8],[2.1,2.3],[0,0],[0.6,-1.6],[0.4,-0.9],[0.5,-0.5],[0.7,-0.2],[0,0],[0.7,0],[0.9,0.2],[0.9,0.7],[0.4,0.9],[0,0],[0,0]],"v":[[155.65,73.651],[155.05,76.651],[153.25,78.85],[150.85,80.151],[148.45,80.45],[130.45,80.45],[127.35,79.95],[125.45,78.55],[124.25,76.35],[123.15,73.45],[120.45,66.55],[115.05,71.85],[108.55,77.05],[100.85,81.05],[92.05,82.651],[76.05,80.55],[61.75,74.55],[49.65,65.151],[40.35,52.95],[34.35,38.45],[32.25,22.25],[36.95,-1.55],[49.75,-20.65],[68.75,-33.45],[92.15,-38.15],[102.65,-36.45],[111.35,-31.95],[118.45,-25.75],[124.05,-18.65],[127.65,-29.85],[129.15,-33.65],[130.45,-35.75],[132.15,-36.65],[134.95,-36.85],[148.65,-36.85],[151.05,-36.55],[153.45,-35.25],[155.25,-32.95],[155.85,-30.05],[155.85,73.651]],"c":true},"ix":2},"nm":"Path 7","mn":"ADBE Vector Shape - Group","hd":false},{"ind":7,"ty":"sh","ix":8,"ks":{"a":0,"k":{"i":[[0,-3.9],[-1.3,-3.5],[-2.4,-2.5],[-3.3,-1.5],[-4,0],[-3.6,1.5],[-2.6,2.5],[-1.5,3.5],[0,4],[1.5,3.6],[2.6,2.6],[3.5,1.6],[4.1,0],[3.3,-1.5],[2.3,-2.7],[1.3,-3.5]],"o":[[0,4],[1.3,3.5],[2.3,2.6],[3.3,1.5],[4.1,0],[3.5,-1.5],[2.6,-2.5],[1.5,-3.5],[0,-3.9],[-1.5,-3.6],[-2.6,-2.7],[-3.5,-1.6],[-4,0],[-3.3,1.6],[-2.3,2.7],[-1.3,3.6]],"v":[[65.15,22.15],[67.05,33.45],[72.45,42.55],[80.85,48.65],[91.75,50.85],[103.25,48.65],[112.45,42.55],[118.55,33.45],[120.75,22.15],[118.55,10.95],[112.45,1.65],[103.25,-4.75],[91.75,-7.05],[80.85,-4.75],[72.45,1.65],[67.05,10.95]],"c":true},"ix":2},"nm":"Path 8","mn":"ADBE Vector Shape - Group","hd":false},{"ind":8,"ty":"sh","ix":9,"ks":{"a":0,"k":{"i":[[0,0],[-1.3,1],[-2.4,0.9],[0,0],[-0.3,0],[0,0],[-0.799,-1.4],[0,-2.1],[0,0],[0,0],[-1.2,-1.1],[0,-2.3],[0,0],[1.2,-1.2],[2,0],[0,0],[0,0],[1.3,-1.199],[2.4,0],[0,0],[0,4.7],[0,0],[0,0],[0,4.9],[0,0],[-4.7,0],[0,0]],"o":[[0,-1.9],[1.3,-1],[0,0],[0.3,-0.1],[0,0],[2.301,0],[0.8,1.3],[0,0],[0,0],[2,0],[1.2,1.2],[0,0],[0,2.6],[-1.199,1.2],[0,0],[0,0],[0,2.3],[-1.3,1.2],[0,0],[-4.701,0],[0,0],[0,0],[-4.7,0],[0,0],[0,-4.7],[0,0],[0,0]],"v":[[179.85,-54.55],[181.75,-58.85],[187.15,-61.55],[208.05,-68.85],[208.95,-68.95],[209.75,-68.95],[214.35,-66.95],[215.45,-61.75],[215.35,-32.85],[230.65,-32.85],[235.45,-31.15],[237.251,-25.95],[237.251,-8.25],[235.45,-2.65],[230.65,-0.85],[215.35,-0.85],[215.45,73.05],[213.45,78.35],[207.85,80.151],[187.051,80.151],[179.95,73.05],[179.85,-0.85],[173.15,-0.85],[166.051,-8.25],[166.051,-25.75],[173.15,-32.75],[179.85,-32.75]],"c":true},"ix":2},"nm":"Path 9","mn":"ADBE Vector Shape - Group","hd":false},{"ind":9,"ty":"sh","ix":10,"ks":{"a":0,"k":{"i":[[0,0],[-1.1,1.5],[-2.3,0],[0,0],[-0.9,-0.3],[-0.7,-0.7],[-0.5,-0.9],[0,-1.1],[0,0],[1.3,-1.201],[2.4,0],[0,0],[0,4.7]],"o":[[0,-2],[1.1,-1.4],[0,0],[0.7,0],[0.9,0.3],[0.7,0.6],[0.5,0.9],[0,0],[0,2.301],[-1.3,1.199],[0,0],[-4.5,0],[0,0]],"v":[[246.55,-29.15],[248.25,-34.25],[253.35,-36.35],[274.35,-36.35],[276.75,-35.85],[279.15,-34.35],[281.05,-32.05],[281.85,-29.15],[281.85,73.35],[279.95,78.651],[274.45,80.45],[253.45,80.45],[246.65,73.35]],"c":true},"ix":2},"nm":"Path 10","mn":"ADBE Vector Shape - Group","hd":false},{"ind":10,"ty":"sh","ix":11,"ks":{"a":0,"k":{"i":[[0,0],[-1.1,1.1],[-2.3,0],[0,0],[-1.3,-1.1],[0,-2.6],[0,0],[0.3,-0.9],[0.6,-0.8],[0.9,-0.6],[1.1,0],[0,0],[0,5.1]],"o":[[0,-2.6],[1.1,-1.1],[0,0],[2.1,0],[1.3,1.1],[0,0],[0,0.7],[-0.3,0.9],[-0.6,0.8],[-0.9,0.5],[0,0],[-4.5,0],[0,0]],"v":[[246.55,-75.65],[248.25,-81.15],[253.35,-82.75],[274.65,-82.75],[279.85,-81.15],[281.85,-75.65],[281.85,-57.75],[281.35,-55.35],[279.95,-52.85],[277.75,-50.85],[274.75,-50.05],[253.45,-50.05],[246.65,-57.65]],"c":true},"ix":2},"nm":"Path 11","mn":"ADBE Vector Shape - Group","hd":false},{"ind":11,"ty":"sh","ix":12,"ks":{"a":0,"k":{"i":[[0,5.7],[-1.5,5.2],[-2.6,4.5],[-3.7,3.6],[-4.5,2.5],[-5.2,1.4],[-5.6,0],[-7.3,-3.1],[-5.4,-5.4],[-3.2,-7.3],[0,-8.5],[1.4,-5.1],[2.6,-4.5],[3.7,-3.701],[4.5,-2.6],[5.1,-1.399],[5.6,0],[5.2,1.4],[4.5,2.601],[3.7,3.699],[2.6,4.5],[1.5,5.2]],"o":[[0,-5.6],[1.4,-5.2],[2.6,-4.4],[3.6,-3.6],[4.5,-2.6],[5.2,-1.4],[8.3,0],[7.3,3.1],[5.4,5.4],[3.2,7.4],[0,5.7],[-1.4,5.2],[-2.6,4.5],[-3.6,3.599],[-4.5,2.601],[-5.1,1.4],[-5.6,0],[-5.2,-1.399],[-4.5,-2.6],[-3.6,-3.601],[-2.6,-4.5],[-1.4,-5.2]],"v":[[295.35,22.15],[297.55,5.85],[303.65,-8.65],[313.05,-20.75],[325.25,-30.05],[339.75,-36.05],[355.95,-38.15],[379.45,-33.45],[398.55,-20.65],[411.45,-1.55],[416.15,22.25],[414.05,38.45],[407.95,52.95],[398.55,65.151],[386.35,74.55],[371.95,80.55],[355.85,82.651],[339.65,80.55],[325.15,74.55],[312.95,65.151],[303.55,52.95],[297.45,38.45]],"c":true},"ix":2},"nm":"Path 12","mn":"ADBE Vector Shape - Group","hd":false},{"ind":12,"ty":"sh","ix":13,"ks":{"a":0,"k":{"i":[[0,-3.9],[-1.3,-3.5],[-2.3,-2.5],[-3.3,-1.5],[-4.1,0],[-3.2,1.5],[-2.3,2.5],[-1.1,3.5],[0,4],[1.2,3.6],[2.2,2.6],[3.2,1.6],[4,0],[3.3,-1.5],[2.3,-2.7],[1.2,-3.5]],"o":[[0,4],[1.3,3.5],[2.3,2.6],[3.3,1.5],[4,0],[3.2,-1.5],[2.2,-2.5],[1.2,-3.5],[0,-3.9],[-1.2,-3.6],[-2.2,-2.7],[-3.2,-1.6],[-4.1,0],[-3.3,1.6],[-2.3,2.7],[-1.2,3.6]],"v":[[328.85,22.15],[330.75,33.45],[336.05,42.55],[344.45,48.65],[355.55,50.85],[366.35,48.65],[374.55,42.55],[379.65,33.45],[381.45,22.15],[379.65,10.95],[374.55,1.65],[366.35,-4.75],[355.55,-7.05],[344.45,-4.75],[336.05,1.65],[330.75,10.95]],"c":true},"ix":2},"nm":"Path 13","mn":"ADBE Vector Shape - Group","hd":false},{"ind":13,"ty":"sh","ix":14,"ks":{"a":0,"k":{"i":[[0,0],[-0.8,0.2],[-0.8,0],[0,0],[-0.7,-0.4],[-0.5,-0.7],[-0.3,-0.9],[-0.3,-1],[0,0],[-1.7,2.5],[-2.6,2.1],[-3.7,1.4],[-4.9,0],[-5.7,-2.7],[-4,-4.7],[-2.2,-6.3],[0,-7.1],[0,0],[1,-1.2],[2.201,0],[0,0],[1,0.8],[0,2.6],[0,0],[1.2,2.4],[1.9,1.8],[2.4,1.1],[2.6,0],[2.3,-1],[1.9,-1.8],[1.3,-2.4],[0.2,-2.8],[0,0],[0.4,-1],[0.8,-0.601],[0.7,-0.201],[1,0],[0,0],[1.2,1.3],[0,2.1],[0,0],[-0.5,1],[-0.9,0.6]],"o":[[0.8,-0.7],[0.9,-0.2],[0,0],[1.1,0],[0.8,0.4],[0.6,0.7],[0.3,0.9],[0,0],[0.9,-1.9],[1.7,-2.4],[2.7,-2.1],[3.7,-1.4],[7,0],[5.7,2.7],[4,4.6],[2.2,6.2],[0,0],[0,2.3],[-1,1.2],[0,0],[-2.6,0],[-1,-0.899],[0,0],[0,-2.6],[-1.2,-2.4],[-2,-1.8],[-2.5,-1],[-2.2,0],[-2.3,1],[-1.9,1.7],[-1.3,2.4],[0,0],[0,1],[-0.4,1],[-0.8,0.5],[-0.7,0.199],[0,0],[-2.6,0],[-1.2,-1.3],[0,0],[0,-1.2],[0.5,-1],[0,0]],"v":[[431.65,-34.75],[434.15,-36.05],[436.65,-36.35],[450.55,-36.35],[453.35,-35.75],[455.35,-34.15],[456.65,-31.85],[457.55,-29.15],[460.35,-17.45],[464.35,-23.95],[470.95,-30.75],[480.55,-36.05],[493.45,-38.15],[512.45,-34.15],[527.05,-23.15],[536.35,-6.85],[539.65,13.05],[539.65,73.25],[538.15,78.55],[533.35,80.35],[512.45,80.35],[507.05,79.05],[505.55,73.85],[505.55,14.05],[503.75,6.55],[499.05,0.35],[492.45,-3.95],[484.85,-5.55],[478.15,-4.05],[471.85,0.05],[466.95,6.25],[464.65,13.95],[464.65,73.651],[464.05,76.75],[462.25,79.151],[460.05,80.151],[457.55,80.45],[436.75,80.45],[431.05,78.55],[429.35,73.45],[429.35,-29.55],[430.15,-32.75],[432.25,-35.05]],"c":true},"ix":2},"nm":"Path 14","mn":"ADBE Vector Shape - Group","hd":false},{"ty":"mm","mm":1,"nm":"Merge Paths 1","mn":"ADBE Vector Filter - Merge","hd":false},{"ty":"fl","c":{"a":0,"k":[1,1,1,1],"ix":4},"o":{"a":0,"k":100,"ix":5},"r":1,"bm":0,"nm":"Fill 1","mn":"ADBE Vector Graphic - Fill","hd":false},{"ty":"tr","p":{"a":0,"k":[824.55,110.25],"ix":2},"a":{"a":0,"k":[0,0],"ix":1},"s":{"a":0,"k":[100,100],"ix":3},"r":{"a":0,"k":0,"ix":6},"o":{"a":0,"k":100,"ix":7},"sk":{"a":0,"k":0,"ix":4},"sa":{"a":0,"k":0,"ix":5},"nm":"Transform"}],"nm":"Group 26","np":16,"cix":2,"bm":0,"ix":1,"mn":"ADBE Vector Group","hd":false}],"ip":35,"op":74,"st":35,"bm":0},{"ddd":0,"ind":6,"ty":4,"nm":"Activa","sr":1,"ks":{"o":{"a":1,"k":[{"i":{"x":[0.667],"y":[1]},"o":{"x":[0.333],"y":[0]},"t":62,"s":[0]},{"t":72,"s":[100]}],"ix":11},"r":{"a":0,"k":0,"ix":10},"p":{"a":1,"k":[{"i":{"x":0.667,"y":1},"o":{"x":0.333,"y":0},"t":62,"s":[650,162,0],"to":[0,-2,0],"ti":[0,2,0]},{"t":72,"s":[650,150,0]}],"ix":2},"a":{"a":0,"k":[685.5,161,0],"ix":1},"s":{"a":0,"k":[93.859,93.859,100],"ix":6}},"ao":0,"shapes":[{"ty":"gr","it":[{"ind":0,"ty":"sh","ix":1,"ks":{"a":0,"k":{"i":[[2.199,-1.1],[1.201,0.3],[-0.1,2.201],[-1.801,0.399],[-1.2,0],[-0.601,-2.3]],"o":[[-1.101,0.601],[-2,-0.399],[0,-2.1],[0.8,-0.201],[1,0.5],[0.5,2.401]],"v":[[1.5,11.45],[-2.101,11.95],[-5.4,8.35],[-2,5.051],[0.899,5.051],[4.5,6.15]],"c":true},"ix":2},"nm":"Path 1","mn":"ADBE Vector Shape - Group","hd":false},{"ind":1,"ty":"sh","ix":2,"ks":{"a":0,"k":{"i":[[0.5,8.4],[8.799,2.299],[2,0.199],[7.3,-3.2],[-0.799,-1.599],[-1.399,-3.199],[-1.3,0.701],[-3.8,-0.099],[-0.399,-3.9],[2.5,0.1],[2.5,-0.399],[0.401,-6.099],[-7.7,-1.801],[-5,5.5],[-0.3,0],[-4,0],[-3.8,-0.1],[0,1.8]],"o":[[-0.7,-11],[-1.901,-0.5],[-8,-0.701],[-1.3,0.6],[1.601,3.2],[0.701,1.5],[3.299,-1.9],[3.3,0.1],[-2.599,0],[-2.601,-0.1],[-7.6,1.2],[-0.5,7.901],[6.599,1.599],[0.099,-0.1],[0.2,4.2],[3.8,0],[1.8,0.101],[-0.3,-8.4]],"v":[[23.8,-4.55],[9.1,-22.949],[3.199,-23.949],[-19.7,-20.15],[-21.101,-17.35],[-16.601,-7.75],[-13.9,-7.15],[-3.2,-9.85],[4.399,-4.65],[-3.2,-4.65],[-10.9,-4.05],[-23.801,7.65],[-12.7,23.051],[5.3,18.85],[6.1,18.75],[10.3,22.95],[21.8,22.95],[24.1,20.65]],"c":true},"ix":2},"nm":"Path 2","mn":"ADBE Vector Shape - Group","hd":false},{"ty":"mm","mm":1,"nm":"Merge Paths 1","mn":"ADBE Vector Filter - Merge","hd":false},{"ty":"fl","c":{"a":0,"k":[1,1,1,1],"ix":4},"o":{"a":0,"k":100,"ix":5},"r":1,"bm":0,"nm":"Fill 1","mn":"ADBE Vector Graphic - Fill","hd":false},{"ty":"tr","p":{"a":0,"k":[992.9,266.85],"ix":2},"a":{"a":0,"k":[0,0],"ix":1},"s":{"a":0,"k":[100,100],"ix":3},"r":{"a":0,"k":0,"ix":6},"o":{"a":0,"k":100,"ix":7},"sk":{"a":0,"k":0,"ix":4},"sa":{"a":0,"k":0,"ix":5},"nm":"Transform"}],"nm":"Group 1","np":4,"cix":2,"bm":0,"ix":1,"mn":"ADBE Vector Group","hd":false},{"ty":"gr","it":[{"ind":0,"ty":"sh","ix":1,"ks":{"a":0,"k":{"i":[[2.101,-1],[0.9,-0.101],[0,2],[-2.7,0.199],[0,0],[-0.5,-2.299]],"o":[[-0.8,0.4],[-2.6,0.199],[-0.1,-2],[0,0],[1,0.599],[0.6,2.3]],"v":[[2.1,11.149],[-0.6,11.95],[-5.4,8.549],[-1,4.95],[1.201,4.95],[4.8,6.049]],"c":true},"ix":2},"nm":"Path 1","mn":"ADBE Vector Shape - Group","hd":false},{"ind":1,"ty":"sh","ix":2,"ks":{"a":0,"k":{"i":[[0.4,8.7],[7.7,2.401],[10.1,-4.3],[-0.901,-1.6],[-1.1,-2.7],[-2.599,1.3],[-5.199,-2.8],[0.3,-1.201],[1,0],[5.4,-2],[0.699,-5.2],[-5,-3.3],[-6.9,6.7],[0.1,-0.599],[-2.4,0.099],[-4.3,-0.101],[0,1.5]],"o":[[-0.3,-8.601],[-10.599,-3.299],[-1.8,0.8],[1.399,2.5],[0.9,2.3],[4.8,-2.401],[1.301,0.7],[-0.2,1.299],[-5.6,0],[-4.5,1.7],[-0.701,5.599],[7.701,5.101],[0.8,0.5],[-0.4,2.5],[4.301,-0.2],[1.5,0],[0,-8.801]],"v":[[24.1,-5.25],[11.3,-22.451],[-19.7,-20.151],[-20.799,-16.851],[-17,-9.151],[-12.7,-7.55],[2.4,-8.351],[4.6,-5.25],[1.6,-4.651],[-15.1,-2.851],[-23.799,6.95],[-18,20.649],[6,18.25],[6.3,20.049],[9.4,22.95],[22.3,22.95],[24.3,20.95]],"c":true},"ix":2},"nm":"Path 2","mn":"ADBE Vector Shape - Group","hd":false},{"ty":"mm","mm":1,"nm":"Merge Paths 1","mn":"ADBE Vector Filter - Merge","hd":false},{"ty":"fl","c":{"a":0,"k":[1,1,1,1],"ix":4},"o":{"a":0,"k":100,"ix":5},"r":1,"bm":0,"nm":"Fill 1","mn":"ADBE Vector Graphic - Fill","hd":false},{"ty":"tr","p":{"a":0,"k":[879.7,266.951],"ix":2},"a":{"a":0,"k":[0,0],"ix":1},"s":{"a":0,"k":[100,100],"ix":3},"r":{"a":0,"k":0,"ix":6},"o":{"a":0,"k":100,"ix":7},"sk":{"a":0,"k":0,"ix":4},"sa":{"a":0,"k":0,"ix":5},"nm":"Transform"}],"nm":"Group 2","np":4,"cix":2,"bm":0,"ix":2,"mn":"ADBE Vector Group","hd":false},{"ty":"gr","it":[{"ind":0,"ty":"sh","ix":1,"ks":{"a":0,"k":{"i":[[1.9,-0.8],[1.8,1.4],[-0.3,1.2],[-1.5,0.2],[-2.1,0],[-0.1,-1]],"o":[[-2,0.9],[-0.9,-0.7],[0.4,-1.5],[2.1,-0.2],[1.3,0],[-0.1,2.2]],"v":[[2.75,11.85],[-3.15,11.35],[-4.35,8.35],[-1.45,5.549],[4.85,5.35],[6.05,7.35]],"c":true},"ix":2},"nm":"Path 1","mn":"ADBE Vector Shape - Group","hd":false},{"ind":1,"ty":"sh","ix":2,"ks":{"a":0,"k":{"i":[[0.3,8.4],[5.9,3.601],[4,0.5],[7.7,-3.1],[-1,-1.8],[-1.3,-2.8],[-1.7,1],[-3.8,-0.2],[-0.9,-3.199],[5,-0.799],[-3.3,-9.1],[-7.5,0.3],[-2.7,3.801],[-0.4,0],[0.1,-0.5],[-2.7,0.101],[-4.1,-0.1],[0.1,1.7]],"o":[[-0.2,-6.6],[-3.4,-2.1],[-8.3,-1.099],[-1.8,0.7],[1.5,2.7],[0.7,1.7],[3.3,-1.9],[4.1,0.2],[-5.1,0.301],[-10.5,1.701],[2.6,7],[4.4,-0.2],[0.1,-0.1],[0,0.5],[-0.4,2.6],[4.1,-0.2],[1.8,0.101],[0.1,-8.4]],"v":[[25.15,-4.25],[16.45,-20.15],[5.25,-23.451],[-18.55,-19.85],[-19.85,-16.35],[-15.65,-7.951],[-12.55,-6.85],[-1.85,-9.451],[5.55,-4.35],[-9.55,-3.75],[-22.15,14.75],[-4.45,24.25],[6.65,18.65],[7.35,18.65],[7.35,20.049],[10.65,23.35],[22.95,23.35],[25.15,21.049]],"c":true},"ix":2},"nm":"Path 2","mn":"ADBE Vector Shape - Group","hd":false},{"ty":"mm","mm":1,"nm":"Merge Paths 1","mn":"ADBE Vector Filter - Merge","hd":false},{"ty":"fl","c":{"a":0,"k":[1,1,1,1],"ix":4},"o":{"a":0,"k":100,"ix":5},"r":1,"bm":0,"nm":"Fill 1","mn":"ADBE Vector Graphic - Fill","hd":false},{"ty":"tr","p":{"a":0,"k":[398.55,266.45],"ix":2},"a":{"a":0,"k":[0,0],"ix":1},"s":{"a":0,"k":[100,100],"ix":3},"r":{"a":0,"k":0,"ix":6},"o":{"a":0,"k":100,"ix":7},"sk":{"a":0,"k":0,"ix":4},"sa":{"a":0,"k":0,"ix":5},"nm":"Transform"}],"nm":"Group 3","np":4,"cix":2,"bm":0,"ix":3,"mn":"ADBE Vector Group","hd":false},{"ty":"gr","it":[{"ind":0,"ty":"sh","ix":1,"ks":{"a":0,"k":{"i":[[1.8,-1.2],[1.4,0.1],[0.1,2.5],[-2.1,0.199],[-1.1,0],[-0.5,-1.899]],"o":[[-1.1,0.8],[-2.3,-0.2],[0,-2.399],[0.8,-0.101],[1,0.399],[0.7,2.101]],"v":[[4.05,11.9],[0.25,12.9],[-3.75,9.299],[0.05,5.9],[2.85,5.9],[6.25,6.799]],"c":true},"ix":2},"nm":"Path 1","mn":"ADBE Vector Shape - Group","hd":false},{"ind":1,"ty":"sh","ix":2,"ks":{"a":0,"k":{"i":[[8,2.9],[10.6,-4.5],[-0.8,-1.4],[-1.3,-3],[-1.6,0.901],[-3.8,-0.201],[-0.8,-3.3],[5,-0.899],[-5.8,-9],[-6.6,0.3],[-3.1,4.2],[0.1,-0.5],[-2.5,0.1],[-4.2,-0.101],[0,1.701],[0.4,8.4]],"o":[[-11,-4],[-1.7,0.701],[1.5,2.899],[0.7,1.7],[3.3,-1.899],[4.2,0.099],[-5,0.401],[-11.4,1.901],[3.9,5.901],[4.5,-0.2],[0,1.101],[-0.4,2.599],[4.2,-0.2],[1.6,0],[-0.1,-8.399],[-0.2,-8]],"v":[[14.05,-21],[-18.35,-19.201],[-19.35,-16.1],[-15.05,-7.3],[-12.05,-6.401],[-1.35,-9],[5.95,-3.901],[-9.15,-3.201],[-20.25,17.799],[-3.65,24.7],[7.85,18.599],[7.85,20.7],[10.95,23.9],[23.55,23.9],[25.75,21.799],[25.65,-3.5]],"c":true},"ix":2},"nm":"Path 2","mn":"ADBE Vector Shape - Group","hd":false},{"ty":"mm","mm":1,"nm":"Merge Paths 1","mn":"ADBE Vector Filter - Merge","hd":false},{"ty":"fl","c":{"a":0,"k":[1,1,1,1],"ix":4},"o":{"a":0,"k":100,"ix":5},"r":1,"bm":0,"nm":"Fill 1","mn":"ADBE Vector Graphic - Fill","hd":false},{"ty":"tr","p":{"a":0,"k":[624.55,266],"ix":2},"a":{"a":0,"k":[0,0],"ix":1},"s":{"a":0,"k":[100,100],"ix":3},"r":{"a":0,"k":0,"ix":6},"o":{"a":0,"k":100,"ix":7},"sk":{"a":0,"k":0,"ix":4},"sa":{"a":0,"k":0,"ix":5},"nm":"Transform"}],"nm":"Group 4","np":4,"cix":2,"bm":0,"ix":4,"mn":"ADBE Vector Group","hd":false},{"ty":"gr","it":[{"ind":0,"ty":"sh","ix":1,"ks":{"a":0,"k":{"i":[[1.8,-1.2],[1,-0.2],[0.1,2.301],[-2.9,0.1],[0,0],[-0.6,-1.799]],"o":[[-0.8,0.5],[-2.8,0.399],[-0.1,-2.199],[0,0],[1,0.399],[0.7,2.101]],"v":[[2.3,11.15],[-0.4,12.15],[-5.5,8.849],[-1.1,5.15],[1.1,5.15],[4.6,6.049]],"c":true},"ix":2},"nm":"Path 1","mn":"ADBE Vector Shape - Group","hd":false},{"ind":1,"ty":"sh","ix":2,"ks":{"a":0,"k":{"i":[[0.3,8.099],[8.4,3.101],[10.6,-4.399],[-0.9,-1.601],[-1.2,-2.9],[-2,1],[-5.2,-2.5],[0.4,-1.401],[1.1,-0.101],[2,0],[3.2,-1.201],[0.4,-5.599],[-5.4,-2.899],[-6.4,6.901],[0.1,-0.4],[-2.3,0.1],[-4.4,-0.101],[0,1.5]],"o":[[-0.3,-8.201],[-11,-4.099],[-1.5,0.601],[1.5,2.8],[0.8,1.899],[4.8,-2.401],[1.3,0.601],[-0.3,1.5],[-2,0.099],[-3.5,0],[-5,1.799],[-0.4,5.901],[6.1,3.3],[0.5,0.301],[-0.4,2.5],[4.4,-0.2],[1.4,0],[0.1,-8.3]],"v":[[24.1,-3.25],[12.4,-21.651],[-20,-19.951],[-21.1,-16.85],[-17,-8.35],[-13.4,-7.25],[1.7,-8.451],[4.1,-5.25],[0.9,-4.55],[-5.1,-4.55],[-15.2,-2.75],[-24,7.849],[-17.1,21.549],[5.6,18.849],[5.9,20.15],[8.9,23.15],[22.1,23.15],[24.1,21.25]],"c":true},"ix":2},"nm":"Path 2","mn":"ADBE Vector Shape - Group","hd":false},{"ty":"mm","mm":1,"nm":"Merge Paths 1","mn":"ADBE Vector Filter - Merge","hd":false},{"ty":"fl","c":{"a":0,"k":[1,1,1,1],"ix":4},"o":{"a":0,"k":100,"ix":5},"r":1,"bm":0,"nm":"Fill 1","mn":"ADBE Vector Graphic - Fill","hd":false},{"ty":"tr","p":{"a":0,"k":[1312.2,266.75],"ix":2},"a":{"a":0,"k":[0,0],"ix":1},"s":{"a":0,"k":[100,100],"ix":3},"r":{"a":0,"k":0,"ix":6},"o":{"a":0,"k":100,"ix":7},"sk":{"a":0,"k":0,"ix":4},"sa":{"a":0,"k":0,"ix":5},"nm":"Transform"}],"nm":"Group 5","np":4,"cix":2,"bm":0,"ix":5,"mn":"ADBE Vector Group","hd":false},{"ty":"gr","it":[{"ind":0,"ty":"sh","ix":1,"ks":{"a":0,"k":{"i":[[4.8,0.3],[1,0.9],[-3.5,3.5],[-2.6,-1.1],[-0.201,-3]],"o":[[-1.399,-0.1],[-3.799,-3.1],[2,-2],[3.5,1.6],[-0.101,6.3]],"v":[[0.649,16.45],[-2.951,14.95],[-3.551,0.65],[4.149,-0.85],[8.75,6.85]],"c":true},"ix":2},"nm":"Path 1","mn":"ADBE Vector Shape - Group","hd":false},{"ind":1,"ty":"sh","ix":2,"ks":{"a":0,"k":{"i":[[-0.101,19.4],[1.7,0],[4.899,0.1],[-0.101,-1.9],[0,-5.4],[5.899,-7.3],[-6.899,-9.4],[-5.8,-0.9],[-5.1,3.8],[-2.199,0.1],[-4.3,-0.1],[0,1.9]],"o":[[0,-1.8],[-4.9,0.1],[-2.101,-0.1],[0.099,5.3],[-10.701,-5],[-7.601,9.4],[3.5,4.8],[5.8,0.9],[-0.799,3.3],[4.301,-0.1],[1.6,0],[-0.101,-19.4]],"v":[[27.75,-29.75],[25.449,-32.05],[10.75,-32.05],[8.25,-29.45],[8.25,-13.35],[-19.75,-9.25],[-20.851,22.95],[-6.651,31.25],[9.549,27.25],[12.449,30.65],[25.349,30.65],[27.75,28.55]],"c":true},"ix":2},"nm":"Path 2","mn":"ADBE Vector Shape - Group","hd":false},{"ty":"mm","mm":1,"nm":"Merge Paths 1","mn":"ADBE Vector Filter - Merge","hd":false},{"ty":"fl","c":{"a":0,"k":[1,1,1,1],"ix":4},"o":{"a":0,"k":100,"ix":5},"r":1,"bm":0,"nm":"Fill 1","mn":"ADBE Vector Graphic - Fill","hd":false},{"ty":"tr","p":{"a":0,"k":[1101.151,259.05],"ix":2},"a":{"a":0,"k":[0,0],"ix":1},"s":{"a":0,"k":[100,100],"ix":3},"r":{"a":0,"k":0,"ix":6},"o":{"a":0,"k":100,"ix":7},"sk":{"a":0,"k":0,"ix":4},"sa":{"a":0,"k":0,"ix":5},"nm":"Transform"}],"nm":"Group 6","np":4,"cix":2,"bm":0,"ix":6,"mn":"ADBE Vector Group","hd":false},{"ty":"gr","it":[{"ind":0,"ty":"sh","ix":1,"ks":{"a":0,"k":{"i":[[4.399,0],[0,4.099],[-4.3,0.099],[0,-4]],"o":[[-4.5,0],[0,-4],[4.301,-0.101],[0.101,4.3]],"v":[[1.351,-1.1],[-6.649,-8.299],[1.05,-15.499],[8.75,-8.4]],"c":true},"ix":2},"nm":"Path 1","mn":"ADBE Vector Shape - Group","hd":false},{"ind":1,"ty":"sh","ix":2,"ks":{"a":0,"k":{"i":[[1.601,0],[3.901,0],[0.5,-4.199],[5.699,-5.599],[-6.601,-9.6],[-10,7.3],[4.599,-0.8],[5.199,2.8],[0.7,-1.601],[1.599,-2.8],[-2,-0.9],[-7.199,-0.099],[-0.5,16.5],[0,12.2]],"o":[[-3.899,0.099],[-4.299,0],[-8.8,-8.3],[-8.4,8.2],[5.399,7.801],[0.2,4.8],[-5.901,1],[-1.7,-0.901],[-1.3,3],[-1.101,2],[6.5,3.201],[17.7,0.3],[0.401,-12.099],[0.099,-1.399]],"v":[[26.05,-29.799],[14.25,-29.799],[9.451,-25.6],[-19.149,-24.9],[-21.849,5.4],[8.451,10.1],[1.451,18.9],[-15.149,15.701],[-18.049,16.701],[-22.349,25.4],[-21.049,29.3],[-0.45,33.6],[28.05,8.6],[28.151,-27.9]],"c":true},"ix":2},"nm":"Path 2","mn":"ADBE Vector Shape - Group","hd":false},{"ty":"mm","mm":1,"nm":"Merge Paths 1","mn":"ADBE Vector Filter - Merge","hd":false},{"ty":"fl","c":{"a":0,"k":[1,1,1,1],"ix":4},"o":{"a":0,"k":100,"ix":5},"r":1,"bm":0,"nm":"Fill 1","mn":"ADBE Vector Graphic - Fill","hd":false},{"ty":"tr","p":{"a":0,"k":[1188.05,273.2],"ix":2},"a":{"a":0,"k":[0,0],"ix":1},"s":{"a":0,"k":[100,100],"ix":3},"r":{"a":0,"k":0,"ix":6},"o":{"a":0,"k":100,"ix":7},"sk":{"a":0,"k":0,"ix":4},"sa":{"a":0,"k":0,"ix":5},"nm":"Transform"}],"nm":"Group 7","np":4,"cix":2,"bm":0,"ix":7,"mn":"ADBE Vector Group","hd":false},{"ty":"gr","it":[{"ind":0,"ty":"sh","ix":1,"ks":{"a":0,"k":{"i":[[4.601,0.399],[0.801,-4.899],[-7.6,0],[2.3,6.7]],"o":[[-5.8,-0.5],[-1.1,6.8],[8,0],[-1.7,-5.199]],"v":[[-0.1,-9.65],[-11.8,-1.751],[-0.6,10.15],[10.6,-2.951]],"c":true},"ix":2},"nm":"Path 1","mn":"ADBE Vector Shape - Group","hd":false},{"ty":"fl","c":{"a":0,"k":[1,1,1,1],"ix":4},"o":{"a":0,"k":100,"ix":5},"r":1,"bm":0,"nm":"Fill 1","mn":"ADBE Vector Graphic - Fill","hd":false},{"ty":"tr","p":{"a":0,"k":[1234.4,230.05],"ix":2},"a":{"a":0,"k":[0,0],"ix":1},"s":{"a":0,"k":[100,100],"ix":3},"r":{"a":0,"k":0,"ix":6},"o":{"a":0,"k":100,"ix":7},"sk":{"a":0,"k":0,"ix":4},"sa":{"a":0,"k":0,"ix":5},"nm":"Transform"}],"nm":"Group 8","np":2,"cix":2,"bm":0,"ix":8,"mn":"ADBE Vector Group","hd":false},{"ty":"gr","it":[{"ind":0,"ty":"sh","ix":1,"ks":{"a":0,"k":{"i":[[4.601,0.1],[-0.399,-6.1],[-6.2,-1],[2.3,7.6]],"o":[[-7,-0.2],[0,5.5],[8.5,1.3],[-1.7,-5.2]],"v":[[-0.4,-10.35],[-12.2,-0.65],[-2.7,9.25],[10.3,-3.75]],"c":true},"ix":2},"nm":"Path 1","mn":"ADBE Vector Shape - Group","hd":false},{"ty":"fl","c":{"a":0,"k":[1,1,1,1],"ix":4},"o":{"a":0,"k":100,"ix":5},"r":1,"bm":0,"nm":"Fill 1","mn":"ADBE Vector Graphic - Fill","hd":false},{"ty":"tr","p":{"a":0,"k":[1147.5,230.85],"ix":2},"a":{"a":0,"k":[0,0],"ix":1},"s":{"a":0,"k":[100,100],"ix":3},"r":{"a":0,"k":0,"ix":6},"o":{"a":0,"k":100,"ix":7},"sk":{"a":0,"k":0,"ix":4},"sa":{"a":0,"k":0,"ix":5},"nm":"Transform"}],"nm":"Group 9","np":2,"cix":2,"bm":0,"ix":9,"mn":"ADBE Vector Group","hd":false},{"ty":"gr","it":[{"ind":0,"ty":"sh","ix":1,"ks":{"a":0,"k":{"i":[[3.7,1.199],[3.8,-1.5],[0,-4.699],[-2.4,-1.799],[-4.1,2.8],[0.3,3.801]],"o":[[-3.8,-1.301],[-4,1.599],[-0.2,2.901],[3.9,3],[3.3,-2.2],[-0.2,-3.899]],"v":[[5.5,-9.15],[-5.9,-8.85],[-11.8,0.049],[-8.1,7.249],[7.4,7.65],[11.7,-1.451]],"c":true},"ix":2},"nm":"Path 1","mn":"ADBE Vector Shape - Group","hd":false},{"ty":"fl","c":{"a":0,"k":[1,1,1,1],"ix":4},"o":{"a":0,"k":100,"ix":5},"r":1,"bm":0,"nm":"Fill 1","mn":"ADBE Vector Graphic - Fill","hd":false},{"ty":"tr","p":{"a":0,"k":[534,230.55],"ix":2},"a":{"a":0,"k":[0,0],"ix":1},"s":{"a":0,"k":[100,100],"ix":3},"r":{"a":0,"k":0,"ix":6},"o":{"a":0,"k":100,"ix":7},"sk":{"a":0,"k":0,"ix":4},"sa":{"a":0,"k":0,"ix":5},"nm":"Transform"}],"nm":"Group 10","np":2,"cix":2,"bm":0,"ix":10,"mn":"ADBE Vector Group","hd":false},{"ty":"gr","it":[{"ind":0,"ty":"sh","ix":1,"ks":{"a":0,"k":{"i":[[0,6.801],[-0.1,7],[1.8,0],[4.8,0.101],[0,-1.901],[0.1,-13.8],[-1.8,0],[-4.6,-0.101],[0.1,2.399]],"o":[[0,-7],[0,-1.8],[-4.8,0.101],[-1.8,0],[0.1,13.899],[0,2],[4.6,-0.101],[2.2,0.099],[-0.1,-6.7]],"v":[[9.55,0.05],[9.55,-20.95],[7.25,-23.25],[-7.15,-23.25],[-9.65,-20.849],[-9.65,20.75],[-7.15,23.151],[6.65,23.151],[9.55,20.351]],"c":true},"ix":2},"nm":"Path 1","mn":"ADBE Vector Shape - Group","hd":false},{"ty":"fl","c":{"a":0,"k":[1,1,1,1],"ix":4},"o":{"a":0,"k":100,"ix":5},"r":1,"bm":0,"nm":"Fill 1","mn":"ADBE Vector Graphic - Fill","hd":false},{"ty":"tr","p":{"a":0,"k":[1146.45,266.55],"ix":2},"a":{"a":0,"k":[0,0],"ix":1},"s":{"a":0,"k":[100,100],"ix":3},"r":{"a":0,"k":0,"ix":6},"o":{"a":0,"k":100,"ix":7},"sk":{"a":0,"k":0,"ix":4},"sa":{"a":0,"k":0,"ix":5},"nm":"Transform"}],"nm":"Group 11","np":2,"cix":2,"bm":0,"ix":11,"mn":"ADBE Vector Group","hd":false},{"ty":"gr","it":[{"ind":0,"ty":"sh","ix":1,"ks":{"a":0,"k":{"i":[[0,6.899],[-0.101,6.9],[2.199,0],[4.799,0.1],[0,-1.9],[0.101,-13.801],[-1.799,0.1],[-4.801,-0.101],[0,1.9]],"o":[[0,-6.9],[0,-1.901],[-4.801,0.2],[-1.901,0],[0.101,13.9],[0,1.699],[4.901,-0.101],[1.899,0],[0,-6.8]],"v":[[9.651,0.15],[9.651,-20.55],[7.151,-23.25],[-7.25,-23.25],[-9.651,-20.75],[-9.651,20.85],[-7.451,23.15],[7.151,23.15],[9.549,20.75]],"c":true},"ix":2},"nm":"Path 1","mn":"ADBE Vector Shape - Group","hd":false},{"ty":"fl","c":{"a":0,"k":[1,1,1,1],"ix":4},"o":{"a":0,"k":100,"ix":5},"r":1,"bm":0,"nm":"Fill 1","mn":"ADBE Vector Graphic - Fill","hd":false},{"ty":"tr","p":{"a":0,"k":[1233.75,266.55],"ix":2},"a":{"a":0,"k":[0,0],"ix":1},"s":{"a":0,"k":[100,100],"ix":3},"r":{"a":0,"k":0,"ix":6},"o":{"a":0,"k":100,"ix":7},"sk":{"a":0,"k":0,"ix":4},"sa":{"a":0,"k":0,"ix":5},"nm":"Transform"}],"nm":"Group 12","np":2,"cix":2,"bm":0,"ix":12,"mn":"ADBE Vector Group","hd":false},{"ty":"gr","it":[{"ind":0,"ty":"sh","ix":1,"ks":{"a":0,"k":{"i":[[1.9,0],[4.9,0.1],[0,-1.799],[0,-7],[0,0],[-1.9,0.101],[-5.2,-0.099],[0,1.701],[-0.1,13.8]],"o":[[-5,0.1],[-1.9,0],[0.1,7],[0,0],[0,1.7],[5.2,-0.099],[2.1,0.101],[-0.1,-13.799],[0,-2.101]],"v":[[7.3,-23.25],[-7.6,-23.25],[-10,-20.851],[-10,0.149],[-10,20.85],[-7.8,23.149],[7.7,23.149],[10,20.649],[10,-20.75]],"c":true},"ix":2},"nm":"Path 1","mn":"ADBE Vector Shape - Group","hd":false},{"ty":"fl","c":{"a":0,"k":[1,1,1,1],"ix":4},"o":{"a":0,"k":100,"ix":5},"r":1,"bm":0,"nm":"Fill 1","mn":"ADBE Vector Graphic - Fill","hd":false},{"ty":"tr","p":{"a":0,"k":[534,266.65],"ix":2},"a":{"a":0,"k":[0,0],"ix":1},"s":{"a":0,"k":[100,100],"ix":3},"r":{"a":0,"k":0,"ix":6},"o":{"a":0,"k":100,"ix":7},"sk":{"a":0,"k":0,"ix":4},"sa":{"a":0,"k":0,"ix":5},"nm":"Transform"}],"nm":"Group 13","np":2,"cix":2,"bm":0,"ix":13,"mn":"ADBE Vector Group","hd":false},{"ty":"gr","it":[{"ind":0,"ty":"sh","ix":1,"ks":{"a":0,"k":{"i":[[0,9.5],[-0.1,9.7],[2,0],[4.7,0.1],[0,-1.9],[0.1,-19.299],[-1.7,0.101],[-4.7,-0.099],[0.1,2]],"o":[[0,-9.699],[0,-2],[-4.8,0.1],[-1.9,0],[0,19.3],[0,2],[4.8,-0.099],[2,0.101],[0.1,-9.5]],"v":[[9.7,0.15],[9.7,-28.85],[7.1,-31.45],[-7.2,-31.45],[-9.7,-28.95],[-9.7,29.049],[-7.2,31.35],[7.1,31.35],[9.6,28.751]],"c":true},"ix":2},"nm":"Path 1","mn":"ADBE Vector Shape - Group","hd":false},{"ty":"fl","c":{"a":0,"k":[1,1,1,1],"ix":4},"o":{"a":0,"k":100,"ix":5},"r":1,"bm":0,"nm":"Fill 1","mn":"ADBE Vector Graphic - Fill","hd":false},{"ty":"tr","p":{"a":0,"k":[1353.8,258.45],"ix":2},"a":{"a":0,"k":[0,0],"ix":1},"s":{"a":0,"k":[100,100],"ix":3},"r":{"a":0,"k":0,"ix":6},"o":{"a":0,"k":100,"ix":7},"sk":{"a":0,"k":0,"ix":4},"sa":{"a":0,"k":0,"ix":5},"nm":"Transform"}],"nm":"Group 14","np":2,"cix":2,"bm":0,"ix":14,"mn":"ADBE Vector Group","hd":false},{"ty":"gr","it":[{"ind":0,"ty":"sh","ix":1,"ks":{"a":0,"k":{"i":[[-0.1,19.601],[1.6,0],[4.899,0.201],[-0.1,-2],[0,-9.5],[0,0],[-2,0.101],[-4.899,-0.099],[0,1.7]],"o":[[0,-1.699],[-4.9,0.1],[-2.301,-0.099],[0.101,9.5],[0,0],[0,1.7],[5,-0.099],[1.5,0],[0,-19.599]],"v":[[9.8,-29.301],[7.6,-31.401],[-7.099,-31.401],[-9.7,-28.601],[-9.7,-0.101],[-9.7,28.899],[-7.399,31.399],[7.5,31.399],[9.7,29.399]],"c":true},"ix":2},"nm":"Path 1","mn":"ADBE Vector Shape - Group","hd":false},{"ty":"fl","c":{"a":0,"k":[1,1,1,1],"ix":4},"o":{"a":0,"k":100,"ix":5},"r":1,"bm":0,"nm":"Fill 1","mn":"ADBE Vector Graphic - Fill","hd":false},{"ty":"tr","p":{"a":0,"k":[1034.5,258.401],"ix":2},"a":{"a":0,"k":[0,0],"ix":1},"s":{"a":0,"k":[100,100],"ix":3},"r":{"a":0,"k":0,"ix":6},"o":{"a":0,"k":100,"ix":7},"sk":{"a":0,"k":0,"ix":4},"sa":{"a":0,"k":0,"ix":5},"nm":"Transform"}],"nm":"Group 15","np":2,"cix":2,"bm":0,"ix":15,"mn":"ADBE Vector Group","hd":false},{"ty":"gr","it":[{"ind":0,"ty":"sh","ix":1,"ks":{"a":0,"k":{"i":[[0.9,3.1],[1.8,-0.7],[0,4.1],[0.1,2.7],[-2,-0.1],[-1.4,1.4],[0,2.2],[1.6,1.6],[2.2,0.1],[0,0],[-0.1,1.5],[-0.1,2.9],[1.6,0],[2.5,0],[2.6,0.1],[-0.1,-1.7],[-0.3,-2.4],[2.8,0.5],[-0.1,-2.1],[0,-2.6],[-3.7,0.1],[0.1,-1.7],[-0.1,-3.4],[-3.6,-3.5],[-6.6,3.1],[0.4,1]],"o":[[-0.5,-1.6],[-3.8,1.4],[0,-2.8],[-0.1,-1.8],[2.2,0.1],[1.5,-1.5],[0,-2.4],[-1.4,-1.4],[0,0],[-1.5,0.2],[0.1,-2.9],[0.1,-1.6],[-2.5,0.1],[-2.6,0],[-1.6,-0.1],[0.1,2.4],[0.3,2.7],[-2.2,-0.4],[0.2,2.6],[0,3.7],[2,0],[-0.1,3.3],[0.2,4.8],[6.1,6.1],[1.3,-0.6],[-1.2,-3.3]],"v":[[15.2,14.35],[12.4,13.05],[6.3,8.55],[6.3,0.25],[8.7,-2.25],[15.1,-2.65],[15.6,-9.25],[15.1,-16.15],[8.7,-16.55],[8.4,-16.55],[6.4,-18.45],[6.5,-27.05],[4.4,-29.25],[-3.1,-29.25],[-10.9,-29.25],[-13.1,-27.15],[-13,-19.95],[-16.4,-16.55],[-19.1,-13.75],[-19.1,-5.95],[-15.4,-2.15],[-13.1,0.35],[-13.1,10.45],[-8.1,23.15],[17.9,26.25],[18.5,23.95]],"c":true},"ix":2},"nm":"Path 1","mn":"ADBE Vector Shape - Group","hd":false},{"ty":"fl","c":{"a":0,"k":[1,1,1,1],"ix":4},"o":{"a":0,"k":100,"ix":5},"r":1,"bm":0,"nm":"Fill 1","mn":"ADBE Vector Graphic - Fill","hd":false},{"ty":"tr","p":{"a":0,"k":[500.5,262.65],"ix":2},"a":{"a":0,"k":[0,0],"ix":1},"s":{"a":0,"k":[100,100],"ix":3},"r":{"a":0,"k":0,"ix":6},"o":{"a":0,"k":100,"ix":7},"sk":{"a":0,"k":0,"ix":4},"sa":{"a":0,"k":0,"ix":5},"nm":"Transform"}],"nm":"Group 16","np":2,"cix":2,"bm":0,"ix":16,"mn":"ADBE Vector Group","hd":false},{"ty":"gr","it":[{"ind":0,"ty":"sh","ix":1,"ks":{"a":0,"k":{"i":[[1,3.1],[1.8,-0.7],[0.101,4.1],[0,3.1],[-1.3,0],[-1.901,-0.1],[0,1.4],[0,2],[6.301,-0.1],[-0.101,2.5],[1.8,1.9],[2.601,0.3],[2.5,0.1],[-0.101,-1.7],[0,-2.1],[3.9,0.1],[-0.099,-1.9],[0,-2.6],[-4,0.1],[0.1,-2],[-0.2,-3.2],[-4.599,-3.4],[-8.601,2.6],[0.601,1.4]],"o":[[-0.5,-1.5],[-3.9,1.5],[-0.099,-3.1],[0,-1.2],[1.9,0.1],[1.5,0.1],[-0.101,-2],[0,-6.3],[-2.6,0.1],[0.099,-3],[-2,-2],[-3,0],[-1.8,-0.1],[0.1,2.1],[0,4],[-1.901,0],[0.101,2.7],[0,4.4],[2.1,-0.1],[-0.101,3.2],[0.3,5.2],[7.601,5.5],[1.5,-0.5],[-0.999,-3.2]],"v":[[15.7,15.05],[12.9,13.65],[6.599,9.35],[6.599,0.15],[8.3,-1.55],[14,-1.55],[16,-3.55],[16,-9.55],[9.699,-15.85],[6.5,-19.05],[6,-27.95],[-2.601,-28.55],[-10.601,-28.55],[-12.8,-26.25],[-12.8,-19.95],[-16.7,-15.95],[-19.101,-13.45],[-19.101,-5.45],[-15.3,-1.55],[-12.8,1.05],[-12.8,10.55],[-7.101,24.45],[17.5,27.25],[18.699,24.45]],"c":true},"ix":2},"nm":"Path 1","mn":"ADBE Vector Shape - Group","hd":false},{"ty":"fl","c":{"a":0,"k":[1,1,1,1],"ix":4},"o":{"a":0,"k":100,"ix":5},"r":1,"bm":0,"nm":"Fill 1","mn":"ADBE Vector Graphic - Fill","hd":false},{"ty":"tr","p":{"a":0,"k":[1266.5,261.95],"ix":2},"a":{"a":0,"k":[0,0],"ix":1},"s":{"a":0,"k":[100,100],"ix":3},"r":{"a":0,"k":0,"ix":6},"o":{"a":0,"k":100,"ix":7},"sk":{"a":0,"k":0,"ix":4},"sa":{"a":0,"k":0,"ix":5},"nm":"Transform"}],"nm":"Group 17","np":2,"cix":2,"bm":0,"ix":17,"mn":"ADBE Vector Group","hd":false},{"ty":"gr","it":[{"ind":0,"ty":"sh","ix":1,"ks":{"a":0,"k":{"i":[[1,3.1],[1.7,-0.699],[0.1,4.099],[0.2,2.699],[-1.9,0],[0.1,6.799],[1.5,1.601],[2.2,0],[-0.1,1.599],[-0.1,2.699],[1.5,-0.101],[2.6,0],[2.5,0.1],[-0.1,-1.8],[0,-2.2],[3.8,0.099],[-0.1,-1.901],[0,-2.601],[-3.8,0.201],[0.1,-2],[-0.2,-3.3],[-6.7,-3],[-7.1,2.4],[0.6,1.7]],"o":[[-0.5,-1.7],[-3.8,1.401],[0,-2.8],[-0.1,-2.101],[6.8,0],[0,-2.401],[-1.5,-1.5],[-1.9,0],[0.1,-2.8],[0,-1.5],[-2.6,0.1],[-2.5,0],[-1.7,-0.101],[0.1,2.2],[0,3.8],[-2.1,-0.1],[0.1,2.7],[0,3.599],[2.1,-0.099],[-0.2,3.199],[0.4,6.7],[6.9,3.1],[1.7,-0.6],[-1,-2.901]],"v":[[15.7,14.5],[12.9,13.199],[6.7,8.8],[6.6,0.5],[9.2,-2],[15.9,-8.9],[15.4,-15.801],[8.8,-16.301],[6.6,-18.7],[6.7,-27],[4.7,-29],[-3.1,-29],[-10.6,-29],[-12.9,-26.801],[-12.9,-20.2],[-16.7,-16.4],[-19.2,-13.7],[-19.2,-5.7],[-15.4,-2.101],[-12.9,0.5],[-12.9,10.3],[-3.8,26],[17.4,26.6],[18.7,23.6]],"c":true},"ix":2},"nm":"Path 1","mn":"ADBE Vector Shape - Group","hd":false},{"ty":"fl","c":{"a":0,"k":[1,1,1,1],"ix":4},"o":{"a":0,"k":100,"ix":5},"r":1,"bm":0,"nm":"Fill 1","mn":"ADBE Vector Graphic - Fill","hd":false},{"ty":"tr","p":{"a":0,"k":[698.3,262.4],"ix":2},"a":{"a":0,"k":[0,0],"ix":1},"s":{"a":0,"k":[100,100],"ix":3},"r":{"a":0,"k":0,"ix":6},"o":{"a":0,"k":100,"ix":7},"sk":{"a":0,"k":0,"ix":4},"sa":{"a":0,"k":0,"ix":5},"nm":"Transform"}],"nm":"Group 18","np":2,"cix":2,"bm":0,"ix":18,"mn":"ADBE Vector Group","hd":false},{"ty":"gr","it":[{"ind":0,"ty":"sh","ix":1,"ks":{"a":0,"k":{"i":[[1.7,0],[4.3,0.1],[0.8,-2.2],[3.1,-7.601],[2.6,7.2],[1.9,0],[4.8,0.101],[-0.9,-2.3],[-5.6,-14.1],[-1.4,0.099],[-5.5,-0.101],[-0.5,1.299],[-5.7,14.199]],"o":[[-4.3,0],[-2.4,-0.101],[-2.6,7],[-3,-7.9],[-0.6,-1.7],[-4.9,0.101],[-1.8,0],[5.7,14.099],[0.5,1.2],[5.5,-0.101],[1.3,0],[5.6,-14.201],[0.6,-1.7]],"v":[[26.25,-23.149],[13.35,-23.149],[8.95,-20.149],[0.45,1.351],[-7.85,-20.849],[-11.15,-23.25],[-25.75,-23.25],[-27.55,-20.849],[-10.65,21.451],[-8.15,23.151],[8.25,23.151],[10.85,21.451],[27.85,-21.149]],"c":true},"ix":2},"nm":"Path 1","mn":"ADBE Vector Shape - Group","hd":false},{"ty":"fl","c":{"a":0,"k":[1,1,1,1],"ix":4},"o":{"a":0,"k":100,"ix":5},"r":1,"bm":0,"nm":"Fill 1","mn":"ADBE Vector Graphic - Fill","hd":false},{"ty":"tr","p":{"a":0,"k":[575.05,266.549],"ix":2},"a":{"a":0,"k":[0,0],"ix":1},"s":{"a":0,"k":[100,100],"ix":3},"r":{"a":0,"k":0,"ix":6},"o":{"a":0,"k":100,"ix":7},"sk":{"a":0,"k":0,"ix":4},"sa":{"a":0,"k":0,"ix":5},"nm":"Transform"}],"nm":"Group 19","np":2,"cix":2,"bm":0,"ix":19,"mn":"ADBE Vector Group","hd":false},{"ty":"gr","it":[{"ind":0,"ty":"sh","ix":1,"ks":{"a":0,"k":{"i":[[-2.8,-0.9],[-1,-1.9],[-1.301,0.701],[-3.9,1.8],[0.599,1.2],[3.801,1.9],[7,-1],[0.201,-14.401],[-8,-4.401],[-8.399,2.5],[-2.7,5.4],[2.3,0.9],[3.3,1.8],[1.299,-2.1],[3.5,0.8],[0.599,3.2],[-2.699,2.6]],"o":[[2.101,0.7],[0.7,1.299],[3.8,-2],[1.5,-0.7],[-2,-3.7],[-6.399,-3.2],[-12,1.7],[0.201,6.5],[7.699,4.2],[5.5,-1.6],[0.8,-1.6],[-3.4,-1.4],[-2,-1.1],[-1.8,3.099],[-3.2,-0.7],[-0.601,-3.4],[2.101,-2.2]],"v":[[4.45,-8.95],[9.051,-4.85],[11.751,-4.051],[23.35,-9.75],[24.251,-12.45],[15.95,-21.25],[-4.15,-23.85],[-25.15,1.85],[-13.249,19.85],[11.15,22.35],[23.85,12.35],[22.85,8.75],[12.85,3.75],[8.551,4.85],[0.15,8.35],[-5.449,2.05],[-3.05,-7.25]],"c":true},"ix":2},"nm":"Path 1","mn":"ADBE Vector Shape - Group","hd":false},{"ty":"fl","c":{"a":0,"k":[1,1,1,1],"ix":4},"o":{"a":0,"k":100,"ix":5},"r":1,"bm":0,"nm":"Fill 1","mn":"ADBE Vector Graphic - Fill","hd":false},{"ty":"tr","p":{"a":0,"k":[829.15,267.15],"ix":2},"a":{"a":0,"k":[0,0],"ix":1},"s":{"a":0,"k":[100,100],"ix":3},"r":{"a":0,"k":0,"ix":6},"o":{"a":0,"k":100,"ix":7},"sk":{"a":0,"k":0,"ix":4},"sa":{"a":0,"k":0,"ix":5},"nm":"Transform"}],"nm":"Group 20","np":2,"cix":2,"bm":0,"ix":20,"mn":"ADBE Vector Group","hd":false},{"ty":"gr","it":[{"ind":0,"ty":"sh","ix":1,"ks":{"a":0,"k":{"i":[[-3.2,0.9],[-2.5,-3.8],[-1.5,0.7],[-3.8,1.8],[0.6,1.3],[3.6,2],[7.2,-1.1],[0.2,-11.7],[-8.2,-4.1],[-7.1,1.5],[-3.2,6.8],[1.5,0.7],[3.5,2],[1.1,-1.8],[3.6,1.8],[-0.6,4.9]],"o":[[3.5,-0.9],[1,1.5],[3.6,-1.9],[1.5,-0.7],[-1.8,-3.6],[-6.5,-3.5],[-12.1,1.9],[-0.2,9.2],[6.5,3.3],[6.9,-1.4],[0.7,-1.4],[-3.6,-1.7],[-1.8,-1],[-2.3,3.9],[-3.4,-1.7],[0.2,-3.3]],"v":[[0.35,-8.85],[9.05,-4.85],[12.35,-3.95],[23.45,-9.45],[24.45,-12.35],[16.55,-20.85],[-4.05,-23.65],[-24.95,-0.65],[-12.15,20.45],[8.45,23.25],[24.45,11.95],[23.45,9.15],[12.75,3.65],[8.95,4.75],[-0.95,7.95],[-5.25,-2.15]],"c":true},"ix":2},"nm":"Path 1","mn":"ADBE Vector Shape - Group","hd":false},{"ty":"fl","c":{"a":0,"k":[1,1,1,1],"ix":4},"o":{"a":0,"k":100,"ix":5},"r":1,"bm":0,"nm":"Fill 1","mn":"ADBE Vector Graphic - Fill","hd":false},{"ty":"tr","p":{"a":0,"k":[455.25,266.85],"ix":2},"a":{"a":0,"k":[0,0],"ix":1},"s":{"a":0,"k":[100,100],"ix":3},"r":{"a":0,"k":0,"ix":6},"o":{"a":0,"k":100,"ix":7},"sk":{"a":0,"k":0,"ix":4},"sa":{"a":0,"k":0,"ix":5},"nm":"Transform"}],"nm":"Group 21","np":2,"cix":2,"bm":0,"ix":21,"mn":"ADBE Vector Group","hd":false},{"ty":"gr","it":[{"ind":0,"ty":"sh","ix":1,"ks":{"a":0,"k":{"i":[[-0.1,13.7],[2,0],[4.8,0.1],[0,-1.8],[0.1,-6.1],[1.2,-2.2],[2.8,0.4],[0.4,2.4],[0,1.2],[-0.1,6.8],[1.9,0],[4.9,0.1],[0,-1.6],[-0.2,-8.8],[-7.6,-3.1],[-7,5.7],[-2.801,0.1],[-4.2,-0.2],[0,1.9]],"o":[[0,-1.8],[-4.8,0.1],[-2,0],[0.1,6.1],[0,2.4],[-1.4,2.5],[-2.5,-0.4],[-0.2,-1.2],[0,-6.8],[0,-1.7],[-5,0.1],[-1.7,0],[0.1,8.8],[0.2,7.7],[7.5,3],[-0.901,3.8],[4.1,-0.2],[1.9,0.1],[-0.1,-13.9]],"v":[[25.45,-21.75],[23.05,-24.35],[8.65,-24.35],[6.25,-21.85],[6.25,-3.45],[4.85,3.55],[-1.45,6.55],[-5.75,2.15],[-6.15,-1.55],[-6.15,-21.95],[-8.35,-24.35],[-23.25,-24.35],[-25.35,-22.15],[-25.25,4.25],[-14.35,21.35],[7.25,17.85],[10.65,22.15],[23.05,22.15],[25.45,19.65]],"c":true},"ix":2},"nm":"Path 1","mn":"ADBE Vector Shape - Group","hd":false},{"ty":"fl","c":{"a":0,"k":[1,1,1,1],"ix":4},"o":{"a":0,"k":100,"ix":5},"r":1,"bm":0,"nm":"Fill 1","mn":"ADBE Vector Graphic - Fill","hd":false},{"ty":"tr","p":{"a":0,"k":[747.55,267.75],"ix":2},"a":{"a":0,"k":[0,0],"ix":1},"s":{"a":0,"k":[100,100],"ix":3},"r":{"a":0,"k":0,"ix":6},"o":{"a":0,"k":100,"ix":7},"sk":{"a":0,"k":0,"ix":4},"sa":{"a":0,"k":0,"ix":5},"nm":"Transform"}],"nm":"Group 22","np":2,"cix":2,"bm":0,"ix":22,"mn":"ADBE Vector Group","hd":false},{"ty":"gr","it":[{"ind":0,"ty":"sh","ix":1,"ks":{"a":0,"k":{"i":[[1,9.801],[8.2,1.599],[5.9,-4],[2.6,-0.101],[4.2,0.099],[0,-1.8],[0.101,-14],[-1.6,0],[-4.9,-0.099],[0,1.899],[0,6.5],[-1.099,1.901],[-2.7,-0.299],[-0.4,-2.5],[0,-1.2],[0,0],[-1.799,0.099],[-5.301,-0.101],[0,1.3]],"o":[[-0.8,-8.3],[-6.5,-1.3],[0.9,-4],[-4.1,0.099],[-1.6,0],[0.101,14],[0,1.7],[5,-0.099],[1.899,0],[-0.101,-6.401],[0,-2.1],[1.401,-2.4],[2.699,0.3],[0.2,1.2],[0,0],[0,1.399],[5.301,-0.101],[1.4,0],[-0.2,-9.7]],"v":[[25.051,-7.251],[10.851,-22.65],[-7.349,-18.45],[-11.25,-22.45],[-23.649,-22.45],[-26.05,-20.15],[-26.05,21.85],[-23.849,23.949],[-8.949,23.949],[-6.449,21.55],[-6.449,2.249],[-5.05,-3.851],[1.25,-6.851],[5.651,-2.251],[6.051,1.449],[6.051,21.55],[7.95,23.85],[23.75,23.85],[25.551,21.949]],"c":true},"ix":2},"nm":"Path 1","mn":"ADBE Vector Shape - Group","hd":false},{"ty":"fl","c":{"a":0,"k":[1,1,1,1],"ix":4},"o":{"a":0,"k":100,"ix":5},"r":1,"bm":0,"nm":"Fill 1","mn":"ADBE Vector Graphic - Fill","hd":false},{"ty":"tr","p":{"a":0,"k":[937.65,265.85],"ix":2},"a":{"a":0,"k":[0,0],"ix":1},"s":{"a":0,"k":[100,100],"ix":3},"r":{"a":0,"k":0,"ix":6},"o":{"a":0,"k":100,"ix":7},"sk":{"a":0,"k":0,"ix":4},"sa":{"a":0,"k":0,"ix":5},"nm":"Transform"}],"nm":"Group 23","np":2,"cix":2,"bm":0,"ix":23,"mn":"ADBE Vector Group","hd":false}],"ip":61,"op":88,"st":61,"bm":0}],"markers":[]}