{"v":"5.5.7","meta":{"g":"LottieFiles AE 0.1.20","a":"","k":"","d":"","tc":""},"fr":24,"ip":0,"op":244,"w":600,"h":600,"nm":"tablet final","ddd":0,"assets":[{"id":"comp_0","layers":[{"ddd":0,"ind":1,"ty":0,"nm":"square","refId":"comp_1","sr":1,"ks":{"o":{"a":0,"k":100,"ix":11},"r":{"a":0,"k":0,"ix":10},"p":{"a":0,"k":[260,388,0],"ix":2},"a":{"a":0,"k":[20,40,0],"ix":1},"s":{"a":0,"k":[45,42.5,100],"ix":6}},"ao":0,"w":40,"h":80,"ip":20,"op":260,"st":20,"bm":0},{"ddd":0,"ind":2,"ty":0,"nm":"square","refId":"comp_1","sr":1,"ks":{"o":{"a":0,"k":100,"ix":11},"r":{"a":0,"k":0,"ix":10},"p":{"a":0,"k":[200,372,0],"ix":2},"a":{"a":0,"k":[20,40,0],"ix":1},"s":{"a":0,"k":[45,42.5,100],"ix":6}},"ao":0,"w":40,"h":80,"ip":40,"op":280,"st":40,"bm":0},{"ddd":0,"ind":3,"ty":0,"nm":"square","refId":"comp_1","sr":1,"ks":{"o":{"a":0,"k":100,"ix":11},"r":{"a":0,"k":0,"ix":10},"p":{"a":0,"k":[444,263,0],"ix":2},"a":{"a":0,"k":[20,40,0],"ix":1},"s":{"a":0,"k":[45,42.5,100],"ix":6}},"ao":0,"w":40,"h":80,"ip":51,"op":291,"st":51,"bm":0},{"ddd":0,"ind":4,"ty":0,"nm":"square","refId":"comp_1","sr":1,"ks":{"o":{"a":0,"k":100,"ix":11},"r":{"a":0,"k":0,"ix":10},"p":{"a":0,"k":[155,276,0],"ix":2},"a":{"a":0,"k":[20,40,0],"ix":1},"s":{"a":0,"k":[45,42.5,100],"ix":6}},"ao":0,"w":40,"h":80,"ip":56,"op":296,"st":56,"bm":0},{"ddd":0,"ind":5,"ty":0,"nm":"square","refId":"comp_1","sr":1,"ks":{"o":{"a":0,"k":100,"ix":11},"r":{"a":0,"k":0,"ix":10},"p":{"a":0,"k":[275,238,0],"ix":2},"a":{"a":0,"k":[20,40,0],"ix":1},"s":{"a":0,"k":[45,42.5,100],"ix":6}},"ao":0,"w":40,"h":80,"ip":41,"op":281,"st":41,"bm":0},{"ddd":0,"ind":6,"ty":0,"nm":"square","refId":"comp_1","sr":1,"ks":{"o":{"a":0,"k":100,"ix":11},"r":{"a":0,"k":0,"ix":10},"p":{"a":0,"k":[352,111,0],"ix":2},"a":{"a":0,"k":[20,40,0],"ix":1},"s":{"a":0,"k":[45,42.5,100],"ix":6}},"ao":0,"w":40,"h":80,"ip":33,"op":273,"st":33,"bm":0},{"ddd":0,"ind":7,"ty":0,"nm":"square","refId":"comp_1","sr":1,"ks":{"o":{"a":0,"k":100,"ix":11},"r":{"a":0,"k":0,"ix":10},"p":{"a":0,"k":[161,109,0],"ix":2},"a":{"a":0,"k":[20,40,0],"ix":1},"s":{"a":0,"k":[21.25,21.25,100],"ix":6}},"ao":0,"w":40,"h":80,"ip":67,"op":307,"st":67,"bm":0},{"ddd":0,"ind":8,"ty":0,"nm":"square","refId":"comp_1","sr":1,"ks":{"o":{"a":0,"k":100,"ix":11},"r":{"a":0,"k":0,"ix":10},"p":{"a":0,"k":[294,101,0],"ix":2},"a":{"a":0,"k":[20,40,0],"ix":1},"s":{"a":0,"k":[21.25,21.25,100],"ix":6}},"ao":0,"w":40,"h":80,"ip":29,"op":269,"st":29,"bm":0},{"ddd":0,"ind":9,"ty":0,"nm":"square","refId":"comp_1","sr":1,"ks":{"o":{"a":0,"k":100,"ix":11},"r":{"a":0,"k":0,"ix":10},"p":{"a":0,"k":[199,183,0],"ix":2},"a":{"a":0,"k":[20,40,0],"ix":1},"s":{"a":0,"k":[-28.75,-23.75,100],"ix":6}},"ao":0,"w":40,"h":80,"ip":55,"op":295,"st":55,"bm":0},{"ddd":0,"ind":10,"ty":0,"nm":"square","refId":"comp_1","sr":1,"ks":{"o":{"a":0,"k":100,"ix":11},"r":{"a":0,"k":0,"ix":10},"p":{"a":0,"k":[235,165,0],"ix":2},"a":{"a":0,"k":[20,40,0],"ix":1},"s":{"a":0,"k":[21.25,21.25,100],"ix":6}},"ao":0,"w":40,"h":80,"ip":32,"op":272,"st":32,"bm":0},{"ddd":0,"ind":11,"ty":0,"nm":"square","refId":"comp_1","sr":1,"ks":{"o":{"a":0,"k":100,"ix":11},"r":{"a":0,"k":0,"ix":10},"p":{"a":0,"k":[119,356,0],"ix":2},"a":{"a":0,"k":[20,40,0],"ix":1},"s":{"a":0,"k":[21.25,21.25,100],"ix":6}},"ao":0,"w":40,"h":80,"ip":42,"op":282,"st":42,"bm":0},{"ddd":0,"ind":12,"ty":0,"nm":"square","refId":"comp_1","sr":1,"ks":{"o":{"a":0,"k":100,"ix":11},"r":{"a":0,"k":0,"ix":10},"p":{"a":0,"k":[300,313,0],"ix":2},"a":{"a":0,"k":[20,40,0],"ix":1},"s":{"a":0,"k":[21.25,21.25,100],"ix":6}},"ao":0,"w":40,"h":80,"ip":54,"op":294,"st":54,"bm":0},{"ddd":0,"ind":13,"ty":0,"nm":"square","refId":"comp_1","sr":1,"ks":{"o":{"a":0,"k":100,"ix":11},"r":{"a":0,"k":0,"ix":10},"p":{"a":0,"k":[392,361,0],"ix":2},"a":{"a":0,"k":[20,40,0],"ix":1},"s":{"a":0,"k":[41.25,41.25,100],"ix":6}},"ao":0,"w":40,"h":80,"ip":37,"op":277,"st":37,"bm":0},{"ddd":0,"ind":14,"ty":0,"nm":"square","refId":"comp_1","sr":1,"ks":{"o":{"a":0,"k":100,"ix":11},"r":{"a":0,"k":0,"ix":10},"p":{"a":0,"k":[373,251,0],"ix":2},"a":{"a":0,"k":[20,40,0],"ix":1},"s":{"a":0,"k":[41.25,41.25,100],"ix":6}},"ao":0,"w":40,"h":80,"ip":88,"op":328,"st":88,"bm":0},{"ddd":0,"ind":15,"ty":0,"nm":"square","refId":"comp_1","sr":1,"ks":{"o":{"a":0,"k":100,"ix":11},"r":{"a":0,"k":0,"ix":10},"p":{"a":0,"k":[462,314,0],"ix":2},"a":{"a":0,"k":[20,40,0],"ix":1},"s":{"a":0,"k":[41.25,41.25,100],"ix":6}},"ao":0,"w":40,"h":80,"ip":32,"op":272,"st":32,"bm":0},{"ddd":0,"ind":16,"ty":0,"nm":"square","refId":"comp_1","sr":1,"ks":{"o":{"a":0,"k":100,"ix":11},"r":{"a":0,"k":0,"ix":10},"p":{"a":0,"k":[277,251,0],"ix":2},"a":{"a":0,"k":[20,40,0],"ix":1},"s":{"a":0,"k":[-8.75,-3.75,100],"ix":6}},"ao":0,"w":40,"h":80,"ip":38,"op":278,"st":38,"bm":0},{"ddd":0,"ind":17,"ty":0,"nm":"square","refId":"comp_1","sr":1,"ks":{"o":{"a":0,"k":100,"ix":11},"r":{"a":0,"k":0,"ix":10},"p":{"a":0,"k":[372,169,0],"ix":2},"a":{"a":0,"k":[20,40,0],"ix":1},"s":{"a":0,"k":[41.25,41.25,100],"ix":6}},"ao":0,"w":40,"h":80,"ip":58,"op":298,"st":58,"bm":0},{"ddd":0,"ind":18,"ty":0,"nm":"square","refId":"comp_1","sr":1,"ks":{"o":{"a":0,"k":100,"ix":11},"r":{"a":0,"k":0,"ix":10},"p":{"a":0,"k":[290,192,0],"ix":2},"a":{"a":0,"k":[20,40,0],"ix":1},"s":{"a":0,"k":[41.25,41.25,100],"ix":6}},"ao":0,"w":40,"h":80,"ip":19,"op":259,"st":19,"bm":0},{"ddd":0,"ind":19,"ty":0,"nm":"square","refId":"comp_1","sr":1,"ks":{"o":{"a":0,"k":100,"ix":11},"r":{"a":0,"k":0,"ix":10},"p":{"a":0,"k":[233,259,0],"ix":2},"a":{"a":0,"k":[20,40,0],"ix":1},"s":{"a":0,"k":[65,62.5,100],"ix":6}},"ao":0,"w":40,"h":80,"ip":76,"op":316,"st":76,"bm":0},{"ddd":0,"ind":20,"ty":0,"nm":"square","refId":"comp_1","sr":1,"ks":{"o":{"a":0,"k":100,"ix":11},"r":{"a":0,"k":0,"ix":10},"p":{"a":0,"k":[487,454,0],"ix":2},"a":{"a":0,"k":[20,40,0],"ix":1},"s":{"a":0,"k":[65,62.5,100],"ix":6}},"ao":0,"w":40,"h":80,"ip":41,"op":281,"st":41,"bm":0},{"ddd":0,"ind":21,"ty":0,"nm":"square","refId":"comp_1","sr":1,"ks":{"o":{"a":0,"k":100,"ix":11},"r":{"a":0,"k":0,"ix":10},"p":{"a":0,"k":[271,333,0],"ix":2},"a":{"a":0,"k":[20,40,0],"ix":1},"s":{"a":0,"k":[65,62.5,100],"ix":6}},"ao":0,"w":40,"h":80,"ip":25,"op":265,"st":25,"bm":0},{"ddd":0,"ind":22,"ty":0,"nm":"square","refId":"comp_1","sr":1,"ks":{"o":{"a":0,"k":100,"ix":11},"r":{"a":0,"k":0,"ix":10},"p":{"a":0,"k":[324,366,0],"ix":2},"a":{"a":0,"k":[20,40,0],"ix":1},"s":{"a":0,"k":[65,62.5,100],"ix":6}},"ao":0,"w":40,"h":80,"ip":51,"op":291,"st":51,"bm":0},{"ddd":0,"ind":23,"ty":0,"nm":"square","refId":"comp_1","sr":1,"ks":{"o":{"a":0,"k":100,"ix":11},"r":{"a":0,"k":0,"ix":10},"p":{"a":0,"k":[341,309,0],"ix":2},"a":{"a":0,"k":[20,40,0],"ix":1},"s":{"a":0,"k":[65,62.5,100],"ix":6}},"ao":0,"w":40,"h":80,"ip":71,"op":311,"st":71,"bm":0},{"ddd":0,"ind":24,"ty":0,"nm":"square","refId":"comp_1","sr":1,"ks":{"o":{"a":0,"k":100,"ix":11},"r":{"a":0,"k":0,"ix":10},"p":{"a":0,"k":[213,331,0],"ix":2},"a":{"a":0,"k":[20,40,0],"ix":1},"s":{"a":0,"k":[65,62.5,100],"ix":6}},"ao":0,"w":40,"h":80,"ip":20,"op":260,"st":20,"bm":0},{"ddd":0,"ind":25,"ty":4,"nm":"Shape Layer 1","sr":1,"ks":{"o":{"a":0,"k":100,"ix":11},"r":{"a":0,"k":0,"ix":10},"p":{"a":0,"k":[161.25,250.25,0],"ix":2},"a":{"a":0,"k":[0,0,0],"ix":1},"s":{"a":0,"k":[100,100,100],"ix":6}},"ao":0,"shapes":[{"ty":"gr","it":[{"ind":0,"ty":"sh","ix":1,"ks":{"a":1,"k":[{"i":{"x":0.667,"y":1},"o":{"x":0.333,"y":0},"t":16,"s":[{"i":[[0,0],[0,0],[-58.764,-33.082],[-9.25,0.75],[0,0],[0,0]],"o":[[0,0],[0,0],[135.19,76.107],[4.793,-0.389],[0,0],[0,0]],"v":[[-24,-241],[-72,171],[67.56,252.643],[215,331],[389,228],[338,-242.75]],"c":true}]},{"t":73,"s":[{"i":[[0,0],[0,0],[-69.163,-35.849],[-27.833,-4.395],[0,0],[0,0]],"o":[[0,0],[0,0],[175.135,90.775],[4.75,0.75],[0,0],[0,0]],"v":[[-140,-239.75],[-72,171],[58.615,247.975],[215,331],[389,228],[430,-243.25]],"c":true}]}],"ix":2},"nm":"Path 1","mn":"ADBE Vector Shape - Group","hd":false},{"ty":"st","c":{"a":0,"k":[1,1,1,1],"ix":3},"o":{"a":0,"k":100,"ix":4},"w":{"a":0,"k":0,"ix":5},"lc":1,"lj":1,"ml":4,"bm":0,"nm":"Stroke 1","mn":"ADBE Vector Graphic - Stroke","hd":false},{"ty":"gf","o":{"a":0,"k":100,"ix":10},"r":1,"bm":0,"g":{"p":3,"k":{"a":0,"k":[0,0.863,0.987,1,0.428,0.615,0.964,0.963,1,0.368,0.941,0.925,0,1,0.45,0.5,1,0],"ix":9}},"s":{"a":1,"k":[{"i":{"x":0.833,"y":0.833},"o":{"x":0.167,"y":0.167},"t":0,"s":[-43.508,246.922],"to":[10.437,-7.926],"ti":[0,0]},{"i":{"x":0.833,"y":0.833},"o":{"x":0.167,"y":0.167},"t":25,"s":[19.113,199.367],"to":[0,0],"ti":[10.437,-7.926]},{"t":55,"s":[-43.508,246.922]}],"ix":5},"e":{"a":1,"k":[{"i":{"x":0.833,"y":0.833},"o":{"x":0.167,"y":0.167},"t":0,"s":[-53.445,-113.016],"to":[13.102,-1.092],"ti":[0,0]},{"i":{"x":0.833,"y":0.833},"o":{"x":0.167,"y":0.167},"t":25,"s":[25.168,-119.57],"to":[0,0],"ti":[13.102,-1.092]},{"t":55,"s":[-53.445,-113.016]}],"ix":6},"t":1,"nm":"Gradient Fill 1","mn":"ADBE Vector Graphic - G-Fill","hd":false},{"ty":"tr","p":{"a":0,"k":[0,0],"ix":2},"a":{"a":0,"k":[0,0],"ix":1},"s":{"a":0,"k":[100,100],"ix":3},"r":{"a":0,"k":0,"ix":6},"o":{"a":1,"k":[{"i":{"x":[0.833],"y":[0.833]},"o":{"x":[0.167],"y":[0.167]},"t":0,"s":[0]},{"t":15,"s":[41]}],"ix":7},"sk":{"a":0,"k":0,"ix":4},"sa":{"a":0,"k":0,"ix":5},"nm":"Transform"}],"nm":"Shape 1","np":3,"cix":2,"bm":0,"ix":1,"mn":"ADBE Vector Group","hd":false}],"ip":0,"op":360,"st":0,"bm":0},{"ddd":0,"ind":26,"ty":4,"nm":"tablet Outlines","sr":1,"ks":{"o":{"a":0,"k":100,"ix":11},"r":{"a":0,"k":0,"ix":10},"p":{"a":0,"k":[300,300,0],"ix":2},"a":{"a":0,"k":[300,300,0],"ix":1},"s":{"a":0,"k":[100,100,100],"ix":6}},"ao":0,"shapes":[{"ty":"gr","it":[{"ind":0,"ty":"sh","ix":1,"ks":{"a":0,"k":{"i":[[0.987,-0.564],[0,0],[-2.4,-1.3],[0,0],[-2.101,1.199],[0,0],[2.4,1.2],[0,0],[1.532,0]],"o":[[0,0],[-2.1,1.1],[0,0],[2.3,1.301],[0,0],[2.1,-1.2],[0,0],[-1.219,-0.688],[-1.359,0]],"v":[[-57.4,-130.029],[-229.9,-30.429],[-229.4,-25.929],[49.4,129.471],[57.401,129.671],[229.9,30.071],[229.4,25.571],[-49.4,-129.83],[-53.734,-130.87]],"c":true},"ix":2},"nm":"Path 2","mn":"ADBE Vector Shape - Group","hd":false},{"ty":"gf","o":{"a":0,"k":100,"ix":10},"r":1,"bm":0,"g":{"p":3,"k":{"a":1,"k":[{"i":{"x":0.833,"y":0.833},"o":{"x":0.167,"y":0.167},"t":0,"s":[0,0.134,0.987,1,0.428,0.067,0.864,0.993,1,0,0.741,0.985]},{"i":{"x":0.833,"y":0.833},"o":{"x":0.167,"y":0.167},"t":21,"s":[0,1,0.028,0.986,0.428,1,0.511,0.493,1,0.999,0.993,0]},{"i":{"x":0.833,"y":0.833},"o":{"x":0.167,"y":0.167},"t":43,"s":[0,0.634,0.173,0.956,0.428,0.351,0.447,0.946,1,0.068,0.721,0.936]},{"i":{"x":0.833,"y":0.833},"o":{"x":0.167,"y":0.167},"t":75,"s":[0,0,0.798,0.364,0.428,0.023,0.705,0.658,1,0.046,0.613,0.952]},{"i":{"x":0.833,"y":0.833},"o":{"x":0.167,"y":0.167},"t":98,"s":[0,0.919,0.798,0.268,0.428,0.928,0.496,0.634,1,0.937,0.194,1]},{"i":{"x":0.833,"y":0.833},"o":{"x":0.167,"y":0.167},"t":135,"s":[0,1,0.475,0,0.428,0.775,0.238,0.5,1,0.549,0,1]},{"t":199,"s":[0,0.812,1,0.957,0.428,0.61,0.924,0.975,1,0.408,0.847,0.992]}],"ix":9}},"s":{"a":1,"k":[{"i":{"x":0.833,"y":0.833},"o":{"x":0.167,"y":0.167},"t":0,"s":[-135.066,-115.312],"to":[-0.215,3.034],"ti":[0.46,-6.477]},{"i":{"x":0.833,"y":0.833},"o":{"x":0.167,"y":0.167},"t":37,"s":[-73.668,-65.235],"to":[-0.207,2.92],"ti":[-53.438,-23.151]},{"i":{"x":0.833,"y":0.833},"o":{"x":0.167,"y":0.167},"t":57,"s":[30.719,-30.589],"to":[62.58,27.111],"ti":[5.248,-1.204]},{"i":{"x":0.833,"y":0.833},"o":{"x":0.167,"y":0.167},"t":81,"s":[154.056,39.823],"to":[-9.063,2.079],"ti":[65.826,20.406]},{"i":{"x":0.833,"y":0.833},"o":{"x":0.167,"y":0.167},"t":127,"s":[-9.581,49.369],"to":[-76.278,-23.646],"ti":[0.228,-3.205]},{"i":{"x":0.833,"y":0.833},"o":{"x":0.167,"y":0.167},"t":179,"s":[-140.168,-43.477],"to":[-0.85,11.973],"ti":[-0.355,-0.271]},{"t":206,"s":[-25.738,-45.984]}],"ix":5},"e":{"a":1,"k":[{"i":{"x":0.833,"y":0.833},"o":{"x":0.167,"y":0.167},"t":0,"s":[0.023,-3.953],"to":[8.453,1.433],"ti":[-18.049,-3.059]},{"i":{"x":0.833,"y":0.833},"o":{"x":0.167,"y":0.167},"t":37,"s":[168.273,50.24],"to":[3.362,0.57],"ti":[79.992,24.026]},{"i":{"x":0.833,"y":0.833},"o":{"x":0.167,"y":0.167},"t":57,"s":[-14.989,34.85],"to":[-89.351,-26.837],"ti":[-2.093,0.066]},{"i":{"x":0.833,"y":0.833},"o":{"x":0.167,"y":0.167},"t":81,"s":[-166.118,-51.335],"to":[12.216,-0.384],"ti":[-81.439,-18.918]},{"i":{"x":0.833,"y":0.833},"o":{"x":0.167,"y":0.167},"t":127,"s":[27.568,-43.212],"to":[89.655,20.826],"ti":[-11.303,-1.916]},{"i":{"x":0.833,"y":0.833},"o":{"x":0.167,"y":0.167},"t":179,"s":[200.172,29.969],"to":[33.358,5.654],"ti":[-0.109,-0.305]},{"t":206,"s":[131.484,75.586]}],"ix":6},"t":1,"nm":"Gradient Fill 1","mn":"ADBE Vector Graphic - G-Fill","hd":false},{"ty":"tr","p":{"a":0,"k":[318.3,448.929],"ix":2},"a":{"a":0,"k":[0,0],"ix":1},"s":{"a":0,"k":[100,100],"ix":3},"r":{"a":0,"k":0,"ix":6},"o":{"a":0,"k":100,"ix":7},"sk":{"a":0,"k":0,"ix":4},"sa":{"a":0,"k":0,"ix":5},"nm":"Transform"}],"nm":"Group 1","np":2,"cix":2,"bm":0,"ix":1,"mn":"ADBE Vector Group","hd":false},{"ty":"gr","it":[{"ind":0,"ty":"sh","ix":1,"ks":{"a":0,"k":{"i":[[2.3,-1.301],[0,0],[-6.2,-3.601],[0,0],[-5.201,0.9],[3.501,2],[0,0],[-5.399,3.099],[0,0],[-1.9,0.3]],"o":[[0,0],[-5.4,3.102],[0,0],[4.599,2.6],[-4.3,0.099],[0,0],[-6.2,-3.6],[0,0],[1.4,-0.8],[-3.2,0.099]],"v":[[34.1,-136.85],[-142.9,-34.651],[-141.4,-22.549],[132.3,135.45],[148.3,138.05],[135.899,135.15],[-137.9,-22.95],[-139.401,-35.049],[37.6,-137.25],[42.6,-138.95]],"c":true},"ix":2},"nm":"Path 2","mn":"ADBE Vector Shape - Group","hd":false},{"ty":"mm","mm":4,"nm":"Merge Paths 1","mn":"ADBE Vector Filter - Merge","hd":false},{"ty":"gf","o":{"a":0,"k":100,"ix":10},"r":1,"bm":0,"g":{"p":3,"k":{"a":0,"k":[0,0.584,0.949,0.882,0.428,0.629,0.531,0.716,1,0.675,0.114,0.549],"ix":9}},"s":{"a":0,"k":[0,0],"ix":5},"e":{"a":0,"k":[100,0],"ix":6},"t":1,"nm":"Gradient Fill 1","mn":"ADBE Vector Graphic - G-Fill","hd":false},{"ty":"tr","p":{"a":0,"k":[223.702,449.218],"ix":2},"a":{"a":0,"k":[0,0],"ix":1},"s":{"a":0,"k":[100,100],"ix":3},"r":{"a":0,"k":0,"ix":6},"o":{"a":0,"k":100,"ix":7},"sk":{"a":0,"k":0,"ix":4},"sa":{"a":0,"k":0,"ix":5},"nm":"Transform"}],"nm":"Group 2","np":3,"cix":2,"bm":0,"ix":2,"mn":"ADBE Vector Group","hd":false},{"ty":"gr","it":[{"ind":0,"ty":"sh","ix":1,"ks":{"a":0,"k":{"i":[[2.438,-1.4],[0,0],[-6.201,-3.6],[0,0],[-5.4,3.102],[0,0],[6.199,3.599],[0,0],[4.11,0]],"o":[[0,0],[-5.401,3.1],[0,0],[6.201,3.6],[0,0],[5.399,-3.1],[0,0],[-3.4,-1.974],[-3.385,0]],"v":[[-59.599,-137.158],[-236.6,-34.957],[-235.099,-22.858],[38.701,135.243],[59.6,136.142],[236.602,33.943],[235.101,21.842],[-38.699,-136.258],[-50.542,-139.243]],"c":true},"ix":2},"nm":"Path 2","mn":"ADBE Vector Shape - Group","hd":false},{"ty":"mm","mm":4,"nm":"Merge Paths 1","mn":"ADBE Vector Filter - Merge","hd":false},{"ty":"gf","o":{"a":0,"k":100,"ix":10},"r":1,"bm":0,"g":{"p":3,"k":{"a":0,"k":[0,0.894,0.431,0.882,0.428,0.573,0.606,0.873,1,0.251,0.78,0.863],"ix":9}},"s":{"a":1,"k":[{"i":{"x":0.667,"y":1},"o":{"x":0.333,"y":0},"t":4,"s":[144.578,68.344],"to":[-13.137,-29.812],"ti":[52.51,29.737]},{"i":{"x":0.667,"y":1},"o":{"x":0.333,"y":0},"t":41,"s":[65.758,-110.531],"to":[-52.51,-29.737],"ti":[23.52,-30.81]},{"i":{"x":0.667,"y":1},"o":{"x":0.333,"y":0},"t":70,"s":[-170.484,-110.078],"to":[-23.52,30.81],"ti":[-57.315,-32.082]},{"i":{"x":0.667,"y":1},"o":{"x":0.333,"y":0},"t":111,"s":[-75.359,74.328],"to":[57.315,32.082],"ti":[-41.461,-1.348]},{"t":151,"s":[173.406,82.414]}],"ix":5},"e":{"a":1,"k":[{"i":{"x":0.667,"y":1},"o":{"x":0.333,"y":0},"t":4,"s":[-155.422,-35.129],"to":[33.603,25.155],"ti":[-46.736,-18.426]},{"i":{"x":0.667,"y":1},"o":{"x":0.333,"y":0},"t":41,"s":[46.195,115.801],"to":[46.736,18.426],"ti":[-16.491,32.932]},{"i":{"x":0.667,"y":1},"o":{"x":0.333,"y":0},"t":70,"s":[124.992,75.426],"to":[16.491,-32.932],"ti":[50.918,40.158]},{"i":{"x":0.667,"y":1},"o":{"x":0.333,"y":0},"t":111,"s":[145.141,-81.793],"to":[-50.918,-40.158],"ti":[54.276,13.954]},{"t":151,"s":[-180.516,-165.52]}],"ix":6},"t":1,"nm":"Gradient Fill 1","mn":"ADBE Vector Graphic - G-Fill","hd":false},{"ty":"tr","p":{"a":0,"k":[317.299,449.158],"ix":2},"a":{"a":0,"k":[0,0],"ix":1},"s":{"a":0,"k":[100,100],"ix":3},"r":{"a":0,"k":0,"ix":6},"o":{"a":0,"k":100,"ix":7},"sk":{"a":0,"k":0,"ix":4},"sa":{"a":0,"k":0,"ix":5},"nm":"Transform"}],"nm":"Group 3","np":3,"cix":2,"bm":0,"ix":3,"mn":"ADBE Vector Group","hd":false},{"ty":"gr","it":[{"ind":0,"ty":"sh","ix":1,"ks":{"a":0,"k":{"i":[[0,0],[-3.601,-2.1],[0,0],[-5.301,3.099],[0,0],[0,2.1],[0,0],[2.299,-1.301],[0,0],[6.201,3.6],[0,0],[0.1,2.3]],"o":[[0,2.5],[0,0],[6.201,3.6],[0,0],[2.599,-1.5],[0,0],[-0.099,1.899],[0,0],[-5.4,3.102],[0,0],[-3.301,-1.9],[0,0]],"v":[[-240.2,-81.25],[-235.099,-73.95],[38.7,84.15],[59.6,85.051],[236.601,-17.15],[240.2,-22.85],[240.2,-29.65],[236.601,-24.75],[59.6,77.449],[38.7,76.55],[-235.099,-81.55],[-240.2,-88.15]],"c":true},"ix":2},"nm":"Path 2","mn":"ADBE Vector Shape - Group","hd":false},{"ty":"mm","mm":4,"nm":"Merge Paths 1","mn":"ADBE Vector Filter - Merge","hd":false},{"ty":"gf","o":{"a":0,"k":100,"ix":10},"r":1,"bm":0,"g":{"p":3,"k":{"a":0,"k":[0,0.263,0,0.435,0.428,0.161,0.035,0.333,1,0.059,0.071,0.231],"ix":9}},"s":{"a":0,"k":[0,0],"ix":5},"e":{"a":0,"k":[100,0],"ix":6},"t":1,"nm":"Gradient Fill 1","mn":"ADBE Vector Graphic - G-Fill","hd":false},{"ty":"tr","p":{"a":0,"k":[317.3,507.85],"ix":2},"a":{"a":0,"k":[0,0],"ix":1},"s":{"a":0,"k":[100,100],"ix":3},"r":{"a":0,"k":0,"ix":6},"o":{"a":0,"k":100,"ix":7},"sk":{"a":0,"k":0,"ix":4},"sa":{"a":0,"k":0,"ix":5},"nm":"Transform"}],"nm":"Group 4","np":3,"cix":2,"bm":0,"ix":4,"mn":"ADBE Vector Group","hd":false}],"ip":0,"op":240,"st":0,"bm":0}]},{"id":"comp_1","layers":[{"ddd":0,"ind":1,"ty":4,"nm":"Shape Layer 1","sr":1,"ks":{"o":{"a":1,"k":[{"i":{"x":[0.667],"y":[1]},"o":{"x":[0.333],"y":[0]},"t":0,"s":[0]},{"t":42,"s":[100]}],"ix":11},"r":{"a":0,"k":0,"ix":10},"p":{"a":1,"k":[{"i":{"x":0.667,"y":1},"o":{"x":0.333,"y":0},"t":0,"s":[20,40,0],"to":[0,-4.75,0],"ti":[0,3,0]},{"i":{"x":0.667,"y":1},"o":{"x":0.167,"y":0},"t":42,"s":[20,11.5,0],"to":[0,-3,0],"ti":[0,-1.25,0]},{"i":{"x":0.667,"y":1},"o":{"x":0.167,"y":0},"t":65,"s":[20,22,0],"to":[0,1.25,0],"ti":[0,0.5,0]},{"t":80,"s":[20,19,0]}],"ix":2},"a":{"a":0,"k":[0,0,0],"ix":1},"s":{"a":0,"k":[100,100,100],"ix":6}},"ao":0,"shapes":[{"ty":"gr","it":[{"ty":"rc","d":1,"s":{"a":0,"k":[31.27,31.27],"ix":2},"p":{"a":0,"k":[0,0],"ix":3},"r":{"a":0,"k":0,"ix":4},"nm":"Rectangle Path 1","mn":"ADBE Vector Shape - Rect","hd":false},{"ty":"st","c":{"a":0,"k":[1,1,1,1],"ix":3},"o":{"a":0,"k":100,"ix":4},"w":{"a":0,"k":0,"ix":5},"lc":1,"lj":1,"ml":4,"bm":0,"nm":"Stroke 1","mn":"ADBE Vector Graphic - Stroke","hd":false},{"ty":"gf","o":{"a":0,"k":100,"ix":10},"r":1,"bm":0,"g":{"p":3,"k":{"a":0,"k":[0,0.031,0.905,1,0.784,0.515,0.953,1,1,1,1,1,0,1,0.45,0.5,1,0],"ix":9}},"s":{"a":1,"k":[{"i":{"x":0.667,"y":1},"o":{"x":0.333,"y":0},"t":27,"s":[2.028,-100.593],"to":[-0.223,5.956],"ti":[-0.46,4.179]},{"i":{"x":0.667,"y":1},"o":{"x":0.333,"y":0},"t":47,"s":[0.69,-64.856],"to":[0.46,-4.179],"ti":[0.21,4.701]},{"i":{"x":0.667,"y":1},"o":{"x":0.333,"y":0},"t":70,"s":[4.788,-125.665],"to":[-0.21,-4.701],"ti":[1.394,2.272]},{"i":{"x":0.667,"y":1},"o":{"x":0.333,"y":0},"t":90,"s":[-0.571,-93.063],"to":[-1.394,-2.272],"ti":[-0.713,0.16]},{"i":{"x":0.667,"y":1},"o":{"x":0.333,"y":0},"t":126,"s":[-3.575,-139.298],"to":[0.713,-0.16],"ti":[-0.085,16.706]},{"i":{"x":0.667,"y":1},"o":{"x":0.333,"y":0},"t":150,"s":[3.706,-94.021],"to":[0.085,-16.706],"ti":[1.128,24.252]},{"t":168,"s":[-3.063,-239.532]}],"ix":5},"e":{"a":1,"k":[{"i":{"x":0.667,"y":1},"o":{"x":0.333,"y":0},"t":27,"s":[1.642,20.507],"to":[-0.032,-0.374],"ti":[-0.043,-0.795]},{"i":{"x":0.667,"y":1},"o":{"x":0.333,"y":0},"t":47,"s":[1.448,18.263],"to":[0.043,0.795],"ti":[0.096,0.701]},{"i":{"x":0.667,"y":1},"o":{"x":0.333,"y":0},"t":90,"s":[1.901,25.274],"to":[-0.096,-0.701],"ti":[0.333,0.219]},{"i":{"x":0.667,"y":1},"o":{"x":0.333,"y":0},"t":126,"s":[0.87,14.06],"to":[-0.333,-0.219],"ti":[0.161,-1.65]},{"t":150,"s":[-0.099,23.962]}],"ix":6},"t":1,"nm":"Gradient Fill 1","mn":"ADBE Vector Graphic - G-Fill","hd":false},{"ty":"tr","p":{"a":0,"k":[0.552,18.586],"ix":2},"a":{"a":0,"k":[0,0],"ix":1},"s":{"a":0,"k":[100,100],"ix":3},"r":{"a":0,"k":0,"ix":6},"o":{"a":0,"k":100,"ix":7},"sk":{"a":0,"k":0,"ix":4},"sa":{"a":0,"k":0,"ix":5},"nm":"Transform"}],"nm":"Rectangle 1","np":3,"cix":2,"bm":0,"ix":1,"mn":"ADBE Vector Group","hd":false}],"ip":0,"op":240,"st":0,"bm":0}]}],"layers":[{"ddd":0,"ind":1,"ty":4,"nm":"Shape Layer 3","sr":1,"ks":{"o":{"a":0,"k":100,"ix":11},"r":{"a":0,"k":0,"ix":10},"p":{"a":0,"k":[299,307,0],"ix":2},"a":{"a":0,"k":[0,0,0],"ix":1},"s":{"a":0,"k":[94.583,94.583,100],"ix":6}},"ao":0,"shapes":[{"ty":"gr","it":[{"ind":0,"ty":"sh","ix":1,"ks":{"a":0,"k":{"i":[[11,7],[0,0],[15,-9],[0,0],[0,0],[0,0],[-11,10],[0,0]],"o":[[-11,-7],[0,0],[-15,9],[0,0],[0,0],[0,0],[11,-10],[0,0]],"v":[[-23.115,17.344],[-48.401,15.172],[-214,113],[-217,128],[62.859,284.344],[81,285],[252,189.172],[250,170]],"c":true},"ix":2},"nm":"Path 1","mn":"ADBE Vector Shape - Group","hd":false},{"ty":"st","c":{"a":0,"k":[1,1,1,1],"ix":3},"o":{"a":0,"k":100,"ix":4},"w":{"a":0,"k":3,"ix":5},"lc":1,"lj":1,"ml":4,"bm":0,"nm":"Stroke 1","mn":"ADBE Vector Graphic - Stroke","hd":false},{"ty":"tr","p":{"a":0,"k":[0,0],"ix":2},"a":{"a":0,"k":[0,0],"ix":1},"s":{"a":0,"k":[100,100],"ix":3},"r":{"a":0,"k":0,"ix":6},"o":{"a":0,"k":100,"ix":7},"sk":{"a":0,"k":0,"ix":4},"sa":{"a":0,"k":0,"ix":5},"nm":"Transform"}],"nm":"Shape 1","np":3,"cix":2,"bm":0,"ix":1,"mn":"ADBE Vector Group","hd":false},{"ty":"tm","s":{"a":1,"k":[{"i":{"x":[0.667],"y":[1]},"o":{"x":[0.333],"y":[0]},"t":0,"s":[0]},{"i":{"x":[0.667],"y":[1]},"o":{"x":[0.333],"y":[0]},"t":29,"s":[100]},{"i":{"x":[0.667],"y":[1]},"o":{"x":[0.333],"y":[0]},"t":144,"s":[0]},{"t":173,"s":[100]}],"ix":1},"e":{"a":1,"k":[{"i":{"x":[0.667],"y":[1]},"o":{"x":[0.333],"y":[0]},"t":13,"s":[0]},{"i":{"x":[0.667],"y":[1]},"o":{"x":[0.333],"y":[0]},"t":40,"s":[100]},{"i":{"x":[0.667],"y":[1]},"o":{"x":[0.333],"y":[0]},"t":137,"s":[0]},{"t":164,"s":[100]}],"ix":2},"o":{"a":0,"k":0,"ix":3},"m":1,"ix":2,"nm":"Trim Paths 1","mn":"ADBE Vector Filter - Trim","hd":false}],"ip":8,"op":248,"st":8,"bm":0},{"ddd":0,"ind":2,"ty":4,"nm":"Shape Layer 2","sr":1,"ks":{"o":{"a":0,"k":100,"ix":11},"r":{"a":0,"k":0,"ix":10},"p":{"a":0,"k":[300,300,0],"ix":2},"a":{"a":0,"k":[0,0,0],"ix":1},"s":{"a":0,"k":[100,100,100],"ix":6}},"ao":0,"shapes":[{"ty":"gr","it":[{"ty":"st","c":{"a":0,"k":[1,1,1,1],"ix":3},"o":{"a":0,"k":100,"ix":4},"w":{"a":0,"k":3,"ix":5},"lc":1,"lj":1,"ml":4,"bm":0,"nm":"Stroke 1","mn":"ADBE Vector Graphic - Stroke","hd":false},{"ty":"tr","p":{"a":0,"k":[0,0],"ix":2},"a":{"a":0,"k":[0,0],"ix":1},"s":{"a":0,"k":[100,100],"ix":3},"r":{"a":0,"k":0,"ix":6},"o":{"a":0,"k":100,"ix":7},"sk":{"a":0,"k":0,"ix":4},"sa":{"a":0,"k":0,"ix":5},"nm":"Transform"}],"nm":"Shape 2","np":2,"cix":2,"bm":0,"ix":1,"mn":"ADBE Vector Group","hd":false},{"ty":"gr","it":[{"ind":0,"ty":"sh","ix":1,"ks":{"a":0,"k":{"i":[[11,7],[0,0],[15,-9],[0,0],[0,0],[0,0],[-11,10],[0,0]],"o":[[-11,-7],[0,0],[-15,9],[0,0],[0,0],[0,0],[11,-10],[0,0]],"v":[[-21,11],[-41,12],[-214,113],[-217,128],[47,278],[81,285],[252,186],[250,170]],"c":true},"ix":2},"nm":"Path 1","mn":"ADBE Vector Shape - Group","hd":false},{"ty":"st","c":{"a":0,"k":[1,1,1,1],"ix":3},"o":{"a":0,"k":100,"ix":4},"w":{"a":0,"k":3,"ix":5},"lc":1,"lj":1,"ml":4,"bm":0,"nm":"Stroke 1","mn":"ADBE Vector Graphic - Stroke","hd":false},{"ty":"tr","p":{"a":0,"k":[0,0],"ix":2},"a":{"a":0,"k":[0,0],"ix":1},"s":{"a":0,"k":[100,100],"ix":3},"r":{"a":0,"k":0,"ix":6},"o":{"a":0,"k":100,"ix":7},"sk":{"a":0,"k":0,"ix":4},"sa":{"a":0,"k":0,"ix":5},"nm":"Transform"}],"nm":"Shape 1","np":3,"cix":2,"bm":0,"ix":2,"mn":"ADBE Vector Group","hd":false},{"ty":"tm","s":{"a":1,"k":[{"i":{"x":[0.667],"y":[1]},"o":{"x":[0.333],"y":[0]},"t":0,"s":[0]},{"i":{"x":[0.667],"y":[1]},"o":{"x":[0.167],"y":[0]},"t":40,"s":[100]},{"i":{"x":[0.667],"y":[1]},"o":{"x":[0.167],"y":[0]},"t":85,"s":[100]},{"t":120,"s":[0]}],"ix":1},"e":{"a":1,"k":[{"i":{"x":[0.667],"y":[1]},"o":{"x":[0.333],"y":[0]},"t":6,"s":[0]},{"i":{"x":[0.667],"y":[1]},"o":{"x":[0.333],"y":[0]},"t":44,"s":[100]},{"i":{"x":[0.833],"y":[1]},"o":{"x":[0.167],"y":[0]},"t":89,"s":[100]},{"t":126,"s":[0]}],"ix":2},"o":{"a":0,"k":0,"ix":3},"m":1,"ix":3,"nm":"Trim Paths 1","mn":"ADBE Vector Filter - Trim","hd":false}],"ip":0,"op":240,"st":0,"bm":0},{"ddd":0,"ind":3,"ty":0,"nm":"tablet","refId":"comp_0","sr":1,"ks":{"o":{"a":1,"k":[{"i":{"x":[0.833],"y":[0.833]},"o":{"x":[0.167],"y":[0.167]},"t":19,"s":[4]},{"t":41,"s":[100]}],"ix":11},"r":{"a":0,"k":0,"ix":10},"p":{"a":0,"k":[300,300,0],"ix":2},"a":{"a":0,"k":[300,300,0],"ix":1},"s":{"a":0,"k":[100,100,100],"ix":6}},"ao":0,"w":600,"h":600,"ip":19,"op":259,"st":19,"bm":0}],"markers":[]}