{"v":"5.5.1","fr":29.9700012207031,"ip":0,"op":55.0000022401959,"w":600,"h":600,"nm":"certificate","ddd":0,"assets":[{"id":"comp_0","layers":[{"ddd":0,"ind":1,"ty":4,"nm":"Shape Layer 1","sr":1,"ks":{"o":{"a":0,"k":100,"ix":11},"r":{"a":0,"k":0,"ix":10},"p":{"a":0,"k":[107,122,0],"ix":2},"a":{"a":0,"k":[0,0,0],"ix":1},"s":{"a":0,"k":[100,100,100],"ix":6}},"ao":0,"shapes":[{"ty":"gr","it":[{"ty":"st","c":{"a":0,"k":[1,1,1,1],"ix":3},"o":{"a":0,"k":100,"ix":4},"w":{"a":0,"k":5,"ix":5},"lc":1,"lj":1,"ml":4,"bm":0,"nm":"Stroke 1","mn":"ADBE Vector Graphic - Stroke","hd":false},{"ty":"tr","p":{"a":0,"k":[0,0],"ix":2},"a":{"a":0,"k":[0,0],"ix":1},"s":{"a":0,"k":[100,100],"ix":3},"r":{"a":0,"k":0,"ix":6},"o":{"a":0,"k":100,"ix":7},"sk":{"a":0,"k":0,"ix":4},"sa":{"a":0,"k":0,"ix":5},"nm":"Transform"}],"nm":"Shape 13","np":2,"cix":2,"bm":0,"ix":1,"mn":"ADBE Vector Group","hd":false},{"ty":"gr","it":[{"ty":"st","c":{"a":0,"k":[1,1,1,1],"ix":3},"o":{"a":0,"k":100,"ix":4},"w":{"a":0,"k":5,"ix":5},"lc":1,"lj":1,"ml":4,"bm":0,"nm":"Stroke 1","mn":"ADBE Vector Graphic - Stroke","hd":false},{"ty":"tr","p":{"a":0,"k":[0,0],"ix":2},"a":{"a":0,"k":[0,0],"ix":1},"s":{"a":0,"k":[100,100],"ix":3},"r":{"a":0,"k":0,"ix":6},"o":{"a":0,"k":100,"ix":7},"sk":{"a":0,"k":0,"ix":4},"sa":{"a":0,"k":0,"ix":5},"nm":"Transform"}],"nm":"Shape 12","np":2,"cix":2,"bm":0,"ix":2,"mn":"ADBE Vector Group","hd":false},{"ty":"gr","it":[{"ind":0,"ty":"sh","ix":1,"ks":{"a":0,"k":{"i":[[0,0]],"o":[[0,0]],"v":[[-14,-99.5]],"c":false},"ix":2},"nm":"Path 1","mn":"ADBE Vector Shape - Group","hd":false},{"ty":"st","c":{"a":0,"k":[1,1,1,1],"ix":3},"o":{"a":0,"k":100,"ix":4},"w":{"a":0,"k":5,"ix":5},"lc":1,"lj":1,"ml":4,"bm":0,"nm":"Stroke 1","mn":"ADBE Vector Graphic - Stroke","hd":false},{"ty":"tr","p":{"a":0,"k":[0,0],"ix":2},"a":{"a":0,"k":[0,0],"ix":1},"s":{"a":0,"k":[100,100],"ix":3},"r":{"a":0,"k":0,"ix":6},"o":{"a":0,"k":100,"ix":7},"sk":{"a":0,"k":0,"ix":4},"sa":{"a":0,"k":0,"ix":5},"nm":"Transform"}],"nm":"Shape 11","np":3,"cix":2,"bm":0,"ix":3,"mn":"ADBE Vector Group","hd":false},{"ty":"gr","it":[{"ind":0,"ty":"sh","ix":1,"ks":{"a":1,"k":[{"i":{"x":0.833,"y":0.833},"o":{"x":0.167,"y":0.167},"t":0,"s":[{"i":[[0,0],[24.25,-30]],"o":[[0,0],[-24.632,30.473]],"v":[[-34,-114.75],[-82.5,-80]],"c":false}]},{"t":53.0000021587343,"s":[{"i":[[0,0],[21.5,-25]],"o":[[0,0],[-25.549,29.708]],"v":[[-28.5,-109],[-63,-76.75]],"c":false}]}],"ix":2},"nm":"Path 1","mn":"ADBE Vector Shape - Group","hd":false},{"ty":"st","c":{"a":0,"k":[1,1,1,1],"ix":3},"o":{"a":0,"k":100,"ix":4},"w":{"a":0,"k":5,"ix":5},"lc":1,"lj":1,"ml":4,"bm":0,"nm":"Stroke 1","mn":"ADBE Vector Graphic - Stroke","hd":false},{"ty":"tr","p":{"a":0,"k":[0,0],"ix":2},"a":{"a":0,"k":[0,0],"ix":1},"s":{"a":0,"k":[100,100],"ix":3},"r":{"a":0,"k":0,"ix":6},"o":{"a":0,"k":100,"ix":7},"sk":{"a":0,"k":0,"ix":4},"sa":{"a":0,"k":0,"ix":5},"nm":"Transform"}],"nm":"Shape 10","np":3,"cix":2,"bm":0,"ix":4,"mn":"ADBE Vector Group","hd":false},{"ty":"gr","it":[{"ind":0,"ty":"sh","ix":1,"ks":{"a":1,"k":[{"i":{"x":0.833,"y":0.833},"o":{"x":0.167,"y":0.167},"t":0,"s":[{"i":[[0,0],[-6.4,-13.8]],"o":[[0,0],[6.4,13.8]],"v":[[13,-110.25],[47.8,-79]],"c":false}]},{"t":53.0000021587343,"s":[{"i":[[0,0],[-27.05,-32.5]],"o":[[0,0],[9.731,11.692]],"v":[[15,-114],[69.55,-76.75]],"c":false}]}],"ix":2},"nm":"Path 1","mn":"ADBE Vector Shape - Group","hd":false},{"ty":"st","c":{"a":0,"k":[1,1,1,1],"ix":3},"o":{"a":0,"k":100,"ix":4},"w":{"a":0,"k":5,"ix":5},"lc":1,"lj":1,"ml":4,"bm":0,"nm":"Stroke 1","mn":"ADBE Vector Graphic - Stroke","hd":false},{"ty":"tr","p":{"a":0,"k":[0,0],"ix":2},"a":{"a":0,"k":[0,0],"ix":1},"s":{"a":0,"k":[100,100],"ix":3},"r":{"a":0,"k":0,"ix":6},"o":{"a":0,"k":100,"ix":7},"sk":{"a":0,"k":0,"ix":4},"sa":{"a":0,"k":0,"ix":5},"nm":"Transform"}],"nm":"Shape 9","np":3,"cix":2,"bm":0,"ix":5,"mn":"ADBE Vector Group","hd":false},{"ty":"gr","it":[{"ind":0,"ty":"sh","ix":1,"ks":{"a":1,"k":[{"i":{"x":0.833,"y":0.833},"o":{"x":0.167,"y":0.167},"t":0,"s":[{"i":[[0,0],[-5.5,-11.5]],"o":[[0,0],[5.5,11.5]],"v":[[4.5,-105],[22,-76.25]],"c":false}]},{"t":53.0000021587343,"s":[{"i":[[0,0],[-13.5,-18.75]],"o":[[0,0],[7.448,10.345]],"v":[[12.25,-110.75],[47.75,-79]],"c":false}]}],"ix":2},"nm":"Path 1","mn":"ADBE Vector Shape - Group","hd":false},{"ty":"st","c":{"a":0,"k":[1,1,1,1],"ix":3},"o":{"a":0,"k":100,"ix":4},"w":{"a":0,"k":5,"ix":5},"lc":1,"lj":1,"ml":4,"bm":0,"nm":"Stroke 1","mn":"ADBE Vector Graphic - Stroke","hd":false},{"ty":"tr","p":{"a":0,"k":[0,0],"ix":2},"a":{"a":0,"k":[0,0],"ix":1},"s":{"a":0,"k":[100,100],"ix":3},"r":{"a":0,"k":0,"ix":6},"o":{"a":0,"k":100,"ix":7},"sk":{"a":0,"k":0,"ix":4},"sa":{"a":0,"k":0,"ix":5},"nm":"Transform"}],"nm":"Shape 8","np":3,"cix":2,"bm":0,"ix":6,"mn":"ADBE Vector Group","hd":false},{"ty":"gr","it":[{"ind":0,"ty":"sh","ix":1,"ks":{"a":1,"k":[{"i":{"x":0.833,"y":0.833},"o":{"x":0.167,"y":0.167},"t":0,"s":[{"i":[[0,0],[0,0]],"o":[[0,0],[0,0]],"v":[[-8.25,-105.75],[-6.25,-78.75]],"c":false}]},{"t":53.0000021587343,"s":[{"i":[[0,0],[0,0]],"o":[[0,0],[0,0]],"v":[[4.75,-105.25],[22.25,-76.25]],"c":false}]}],"ix":2},"nm":"Path 1","mn":"ADBE Vector Shape - Group","hd":false},{"ty":"st","c":{"a":0,"k":[1,1,1,1],"ix":3},"o":{"a":0,"k":100,"ix":4},"w":{"a":0,"k":5,"ix":5},"lc":1,"lj":1,"ml":4,"bm":0,"nm":"Stroke 1","mn":"ADBE Vector Graphic - Stroke","hd":false},{"ty":"tr","p":{"a":0,"k":[0,0],"ix":2},"a":{"a":0,"k":[0,0],"ix":1},"s":{"a":0,"k":[100,100],"ix":3},"r":{"a":0,"k":0,"ix":6},"o":{"a":0,"k":100,"ix":7},"sk":{"a":0,"k":0,"ix":4},"sa":{"a":0,"k":0,"ix":5},"nm":"Transform"}],"nm":"Shape 7","np":3,"cix":2,"bm":0,"ix":7,"mn":"ADBE Vector Group","hd":false},{"ty":"gr","it":[{"ind":0,"ty":"sh","ix":1,"ks":{"a":1,"k":[{"i":{"x":0.833,"y":0.833},"o":{"x":0.167,"y":0.167},"t":0,"s":[{"i":[[-6,6],[-11.009,24.605]],"o":[[1.91,-1.91],[4.052,-9.056]],"v":[[-33.5,-73.75],[-18.491,-105.855]],"c":false}]},{"t":53.0000021587343,"s":[{"i":[[0,0],[-0.121,8.484]],"o":[[0,0],[0.25,-17.5]],"v":[[-6.5,-78.25],[-7.25,-102.75]],"c":false}]}],"ix":2},"nm":"Path 1","mn":"ADBE Vector Shape - Group","hd":false},{"ty":"st","c":{"a":0,"k":[1,1,1,1],"ix":3},"o":{"a":0,"k":100,"ix":4},"w":{"a":0,"k":5,"ix":5},"lc":1,"lj":1,"ml":4,"bm":0,"nm":"Stroke 1","mn":"ADBE Vector Graphic - Stroke","hd":false},{"ty":"tr","p":{"a":0,"k":[0,0],"ix":2},"a":{"a":0,"k":[0,0],"ix":1},"s":{"a":0,"k":[100,100],"ix":3},"r":{"a":0,"k":0,"ix":6},"o":{"a":0,"k":100,"ix":7},"sk":{"a":0,"k":0,"ix":4},"sa":{"a":0,"k":0,"ix":5},"nm":"Transform"}],"nm":"Shape 6","np":3,"cix":2,"bm":0,"ix":8,"mn":"ADBE Vector Group","hd":false},{"ty":"gr","it":[{"ind":0,"ty":"sh","ix":1,"ks":{"a":1,"k":[{"i":{"x":0.833,"y":0.833},"o":{"x":0.167,"y":0.167},"t":0,"s":[{"i":[[0,0],[-10.364,8.107]],"o":[[0,0],[5.077,-3.971]],"v":[[-61.5,-77.75],[-27.886,-110.857]],"c":false}]},{"t":53.0000021587343,"s":[{"i":[[0,0],[-2.808,3.967]],"o":[[0,0],[2.808,-3.967]],"v":[[-35,-74.25],[-20.558,-104.533]],"c":false}]}],"ix":2},"nm":"Path 1","mn":"ADBE Vector Shape - Group","hd":false},{"ty":"st","c":{"a":0,"k":[1,1,1,1],"ix":3},"o":{"a":0,"k":100,"ix":4},"w":{"a":0,"k":5,"ix":5},"lc":1,"lj":1,"ml":4,"bm":0,"nm":"Stroke 1","mn":"ADBE Vector Graphic - Stroke","hd":false},{"ty":"tr","p":{"a":0,"k":[0,0],"ix":2},"a":{"a":0,"k":[0,0],"ix":1},"s":{"a":0,"k":[100,100],"ix":3},"r":{"a":0,"k":0,"ix":6},"o":{"a":0,"k":100,"ix":7},"sk":{"a":0,"k":0,"ix":4},"sa":{"a":0,"k":0,"ix":5},"nm":"Transform"}],"nm":"Shape 5","np":3,"cix":2,"bm":0,"ix":9,"mn":"ADBE Vector Group","hd":false},{"ty":"gr","it":[{"ind":0,"ty":"sh","ix":1,"ks":{"a":0,"k":{"i":[[0,0],[-32.75,1.75],[0,0]],"o":[[0,0],[32.75,-1.75],[0,0]],"v":[[-62.25,-97],[-6,-78.75],[46.75,-96.5]],"c":false},"ix":2},"nm":"Path 1","mn":"ADBE Vector Shape - Group","hd":false},{"ty":"st","c":{"a":0,"k":[1,1,1,1],"ix":3},"o":{"a":0,"k":100,"ix":4},"w":{"a":0,"k":5,"ix":5},"lc":1,"lj":1,"ml":4,"bm":0,"nm":"Stroke 1","mn":"ADBE Vector Graphic - Stroke","hd":false},{"ty":"tr","p":{"a":0,"k":[0,0],"ix":2},"a":{"a":0,"k":[0,0],"ix":1},"s":{"a":0,"k":[100,100],"ix":3},"r":{"a":0,"k":0,"ix":6},"o":{"a":0,"k":100,"ix":7},"sk":{"a":0,"k":0,"ix":4},"sa":{"a":0,"k":0,"ix":5},"nm":"Transform"}],"nm":"Shape 4","np":3,"cix":2,"bm":0,"ix":10,"mn":"ADBE Vector Group","hd":false},{"ty":"gr","it":[{"ind":0,"ty":"sh","ix":1,"ks":{"a":0,"k":{"i":[[0,0],[-15.75,0],[0,0]],"o":[[0,0],[15.75,0],[0,0]],"v":[[-31.75,-114.5],[-8.75,-105],[14.5,-114]],"c":false},"ix":2},"nm":"Path 1","mn":"ADBE Vector Shape - Group","hd":false},{"ty":"st","c":{"a":0,"k":[1,1,1,1],"ix":3},"o":{"a":0,"k":100,"ix":4},"w":{"a":0,"k":5,"ix":5},"lc":1,"lj":1,"ml":4,"bm":0,"nm":"Stroke 1","mn":"ADBE Vector Graphic - Stroke","hd":false},{"ty":"tr","p":{"a":0,"k":[0,0],"ix":2},"a":{"a":0,"k":[0,0],"ix":1},"s":{"a":0,"k":[100,100],"ix":3},"r":{"a":0,"k":0,"ix":6},"o":{"a":0,"k":100,"ix":7},"sk":{"a":0,"k":0,"ix":4},"sa":{"a":0,"k":0,"ix":5},"nm":"Transform"}],"nm":"Shape 3","np":3,"cix":2,"bm":0,"ix":11,"mn":"ADBE Vector Group","hd":false},{"ty":"gr","it":[{"ind":0,"ty":"sh","ix":1,"ks":{"a":0,"k":{"i":[[0,0],[-48,-3],[0,0]],"o":[[0,0],[48,3],[0,0]],"v":[[-84,-78],[-7,-118],[70,-77]],"c":false},"ix":2},"nm":"Path 1","mn":"ADBE Vector Shape - Group","hd":false},{"ty":"st","c":{"a":0,"k":[1,1,1,1],"ix":3},"o":{"a":0,"k":100,"ix":4},"w":{"a":0,"k":5,"ix":5},"lc":1,"lj":1,"ml":4,"bm":0,"nm":"Stroke 1","mn":"ADBE Vector Graphic - Stroke","hd":false},{"ty":"tr","p":{"a":0,"k":[0,0],"ix":2},"a":{"a":0,"k":[0,0],"ix":1},"s":{"a":0,"k":[100,100],"ix":3},"r":{"a":0,"k":0,"ix":6},"o":{"a":0,"k":100,"ix":7},"sk":{"a":0,"k":0,"ix":4},"sa":{"a":0,"k":0,"ix":5},"nm":"Transform"}],"nm":"Shape 1","np":3,"cix":2,"bm":0,"ix":12,"mn":"ADBE Vector Group","hd":false}],"ip":0,"op":1080.0000439893,"st":0,"bm":0}]}],"layers":[{"ddd":0,"ind":1,"ty":0,"nm":"Mundo","refId":"comp_0","sr":1,"ks":{"o":{"a":0,"k":100,"ix":11},"r":{"a":0,"k":0,"ix":10},"p":{"a":0,"k":[293,204,0],"ix":2},"a":{"a":0,"k":[100,25,0],"ix":1},"s":{"a":0,"k":[100,100,100],"ix":6}},"ao":0,"w":200,"h":50,"ip":0,"op":600.000024438501,"st":0,"bm":0},{"ddd":0,"ind":2,"ty":0,"nm":"Mundo","refId":"comp_0","sr":1,"ks":{"o":{"a":0,"k":100,"ix":11},"r":{"a":0,"k":180,"ix":10},"p":{"a":0,"k":[293,349,0],"ix":2},"a":{"a":0,"k":[100,25,0],"ix":1},"s":{"a":0,"k":[-102,100,100],"ix":6}},"ao":0,"w":200,"h":50,"ip":0,"op":600.000024438501,"st":0,"bm":0},{"ddd":0,"ind":3,"ty":4,"nm":"ISO Outlines","sr":1,"ks":{"o":{"a":0,"k":100,"ix":11},"r":{"a":0,"k":0,"ix":10},"p":{"a":0,"k":[294,318,0],"ix":2},"a":{"a":0,"k":[0,0,0],"ix":1},"s":{"a":0,"k":[111.57,106.745,100],"ix":6}},"ao":0,"shapes":[{"ty":"gr","it":[{"ind":0,"ty":"sh","ix":1,"ks":{"a":0,"k":{"i":[[0,0],[0,0],[0,0],[0,0],[0,0],[0,0],[0,0],[0,0],[0,0],[0,0],[0,0],[0,0]],"o":[[0,0],[0,0],[0,0],[0,0],[0,0],[0,0],[0,0],[0,0],[0,0],[0,0],[0,0],[0,0]],"v":[[-55.139,-13.838],[-66.528,-13.838],[-66.528,-65.411],[-55.139,-65.411],[-55.139,-79.249],[-97.823,-79.249],[-97.823,-65.411],[-86.434,-65.411],[-86.434,-13.838],[-97.823,-13.838],[-97.823,0],[-55.139,0]],"c":true},"ix":2},"nm":"I","mn":"ADBE Vector Shape - Group","hd":false},{"ty":"fl","c":{"a":0,"k":[1,1,1,1],"ix":4},"o":{"a":0,"k":100,"ix":5},"r":1,"bm":0,"nm":"Fill 1","mn":"ADBE Vector Graphic - Fill","hd":false},{"ty":"tr","p":{"a":0,"k":[0,0],"ix":2},"a":{"a":0,"k":[0,0],"ix":1},"s":{"a":0,"k":[100,100],"ix":3},"r":{"a":0,"k":0,"ix":6},"o":{"a":0,"k":100,"ix":7},"sk":{"a":0,"k":0,"ix":4},"sa":{"a":0,"k":0,"ix":5},"nm":"Transform"}],"nm":"I","np":3,"cix":2,"bm":0,"ix":1,"mn":"ADBE Vector Group","hd":false},{"ty":"gr","it":[{"ind":0,"ty":"sh","ix":1,"ks":{"a":0,"k":{"i":[[-6.192,4.79],[0,7.877],[2.679,3.353],[5.499,1.988],[2.466,0.568],[2.661,0.604],[1.437,1.189],[0,2.022],[-0.905,1.118],[-1.242,0.568],[-1.384,0.249],[-1.739,0],[-4.24,-1.738],[-2.946,-2.519],[0,0],[0,0],[4.665,0.958],[4.719,0],[6.28,-4.595],[0,-7.415],[-2.661,-3.654],[-6.139,-2.164],[-3.069,-0.639],[-2.697,-0.709],[-1.562,-1.242],[0,-1.987],[0.958,-1.082],[1.384,-0.603],[1.863,-0.248],[1.135,0],[4.79,1.81],[3.973,3.371],[0,0],[0,0],[-4.595,-1.171],[-6.067,0]],"o":[[6.191,-4.79],[0,-5.499],[-2.679,-3.353],[-2.803,-0.993],[-2.467,-0.567],[-4.116,-0.958],[-1.437,-1.188],[0,-1.384],[0.905,-1.118],[1.525,-0.709],[1.384,-0.248],[4.471,0],[4.24,1.739],[0,0],[0,0],[-3.691,-1.632],[-4.666,-0.958],[-9.403,0],[-6.28,4.595],[0,5.5],[2.661,3.655],[2.661,0.923],[3.069,0.639],[2.164,0.568],[1.561,1.242],[0,1.775],[-0.958,1.083],[-1.136,0.532],[-1.863,0.249],[-4.506,0],[-4.79,-1.81],[0,0],[0,0],[3.938,1.739],[4.595,1.171],[10.538,0]],"v":[[7.637,-5.748],[16.925,-24.749],[12.906,-38.028],[0.639,-46.038],[-7.265,-48.379],[-14.956,-50.136],[-23.285,-53.356],[-25.44,-58.172],[-24.083,-61.925],[-20.863,-64.453],[-16.499,-65.89],[-11.815,-66.262],[1.251,-63.654],[12.028,-57.268],[13.785,-57.268],[13.785,-75.363],[1.251,-79.249],[-12.827,-80.686],[-36.351,-73.793],[-45.771,-55.777],[-41.78,-42.046],[-28.581,-33.317],[-19.985,-30.976],[-11.336,-28.953],[-5.748,-26.239],[-3.406,-21.396],[-4.843,-17.111],[-8.356,-14.583],[-12.853,-13.412],[-17.351,-13.04],[-31.295,-15.754],[-44.441,-23.524],[-46.25,-23.524],[-46.25,-4.684],[-33.45,-0.319],[-17.457,1.437]],"c":true},"ix":2},"nm":"S","mn":"ADBE Vector Shape - Group","hd":false},{"ty":"fl","c":{"a":0,"k":[1,1,1,1],"ix":4},"o":{"a":0,"k":100,"ix":5},"r":1,"bm":0,"nm":"Fill 1","mn":"ADBE Vector Graphic - Fill","hd":false},{"ty":"tr","p":{"a":0,"k":[0,0],"ix":2},"a":{"a":0,"k":[0,0],"ix":1},"s":{"a":0,"k":[100,100],"ix":3},"r":{"a":0,"k":0,"ix":6},"o":{"a":0,"k":100,"ix":7},"sk":{"a":0,"k":0,"ix":4},"sa":{"a":0,"k":0,"ix":5},"nm":"Transform"}],"nm":"S","np":3,"cix":2,"bm":0,"ix":2,"mn":"ADBE Vector Group","hd":false},{"ty":"gr","it":[{"ind":0,"ty":"sh","ix":1,"ks":{"a":0,"k":{"i":[[6.847,7.363],[11.922,0],[6.812,-7.398],[0,-12.738],[-6.812,-7.433],[-11.958,0],[-6.848,7.345],[0,12.809]],"o":[[-6.848,-7.362],[-11.958,0],[-6.812,7.398],[0,12.632],[6.812,7.434],[11.922,0],[6.847,-7.345],[0,-12.808]],"v":[[88.988,-69.855],[60.833,-80.898],[32.679,-69.802],[22.46,-39.598],[32.679,-9.5],[60.833,1.65],[88.988,-9.367],[99.26,-39.598]],"c":true},"ix":2},"nm":"O","mn":"ADBE Vector Shape - Group","hd":false},{"ind":1,"ty":"sh","ix":2,"ks":{"a":0,"k":{"i":[[0.922,-3.069],[1.703,-2.306],[2.2,-1.011],[2.342,0],[2.164,0.941],[1.703,2.2],[0.958,3.212],[0,4.862],[-1.011,3.406],[-1.632,2.058],[-1.988,0.87],[-2.448,0],[-2.147,-0.94],[-1.703,-2.164],[-0.976,-3.317],[0,-4.719]],"o":[[-0.923,3.069],[-1.597,2.129],[-2.2,1.011],[-2.307,0],[-2.165,-0.94],[-1.668,-2.164],[-0.958,-3.211],[0,-4.719],[1.011,-3.406],[1.844,-2.235],[1.987,-0.869],[2.306,0],[2.146,0.941],[1.632,2.129],[0.975,3.318],[0,4.968]],"v":[[77.333,-27.596],[73.394,-19.533],[67.699,-14.823],[60.887,-13.306],[54.181,-14.716],[48.379,-19.426],[44.441,-27.49],[43.004,-39.598],[44.521,-51.786],[48.486,-59.982],[54.234,-64.639],[60.887,-65.943],[67.566,-64.532],[73.341,-59.875],[77.253,-51.706],[78.716,-39.651]],"c":true},"ix":2},"nm":"O","mn":"ADBE Vector Shape - Group","hd":false},{"ty":"mm","mm":1,"nm":"Merge Paths 1","mn":"ADBE Vector Filter - Merge","hd":false},{"ty":"fl","c":{"a":0,"k":[1,1,1,1],"ix":4},"o":{"a":0,"k":100,"ix":5},"r":1,"bm":0,"nm":"Fill 1","mn":"ADBE Vector Graphic - Fill","hd":false},{"ty":"tr","p":{"a":0,"k":[0,0],"ix":2},"a":{"a":0,"k":[0,0],"ix":1},"s":{"a":0,"k":[100,100],"ix":3},"r":{"a":0,"k":0,"ix":6},"o":{"a":0,"k":100,"ix":7},"sk":{"a":0,"k":0,"ix":4},"sa":{"a":0,"k":0,"ix":5},"nm":"Transform"}],"nm":"O","np":5,"cix":2,"bm":0,"ix":3,"mn":"ADBE Vector Group","hd":false}],"ip":0,"op":1080.0000439893,"st":0,"bm":0},{"ddd":0,"ind":4,"ty":4,"nm":"9001:2015 Outlines","sr":1,"ks":{"o":{"a":0,"k":100,"ix":11},"r":{"a":0,"k":0,"ix":10},"p":{"a":0,"k":[291.963,406.336,0],"ix":2},"a":{"a":0,"k":[-0.037,-17.664,0],"ix":1},"s":{"a":0,"k":[88.138,88.138,100],"ix":6}},"ao":0,"shapes":[{"ty":"gr","it":[{"ind":0,"ty":"sh","ix":1,"ks":{"a":0,"k":{"i":[[-1.498,-1.522],[-2.23,0],[-1.587,1.254],[-0.928,2.718],[0,4.916],[0.863,2.344],[1.579,1.205],[1.823,0],[1.798,-2.156],[0,-3.743],[-1.733,-2.091],[-2.393,0],[-1.27,0.847],[-0.749,1.449],[0,0],[0.684,-2.1],[0.985,-0.822],[1.204,0],[0.553,3.776],[0,0]],"o":[[1.497,1.522],[1.969,0],[1.587,-1.253],[0.928,-2.718],[0,-4.411],[-0.863,-2.344],[-1.579,-1.204],[-2.572,0],[-1.799,2.157],[0,3.63],[1.733,2.092],[1.318,0],[1.27,-0.846],[0,0],[0,2.8],[-0.684,2.1],[-0.985,0.822],[-2.702,0],[0,0],[0.293,2.881]],"v":[[-92.053,-1.672],[-86.462,0.61],[-81.128,-1.27],[-77.356,-7.227],[-75.964,-18.677],[-77.258,-28.809],[-80.92,-34.131],[-86.023,-35.938],[-92.578,-32.703],[-95.276,-23.853],[-92.676,-15.271],[-86.487,-12.134],[-82.605,-13.404],[-79.578,-16.847],[-79.578,-15.968],[-80.603,-8.619],[-83.105,-4.236],[-86.389,-3.003],[-91.272,-8.667],[-94.739,-8.276]],"c":true},"ix":2},"nm":"9","mn":"ADBE Vector Shape - Group","hd":false},{"ind":1,"ty":"sh","ix":2,"ks":{"a":0,"k":{"i":[[1.109,-1.402],[1.598,0],[1.158,1.394],[0,2.348],[-1.215,1.565],[-1.55,0],[-1.142,-1.467],[0,-2.559]],"o":[[-1.109,1.402],[-1.615,0],[-1.158,-1.394],[0,-2.608],[1.215,-1.565],[1.484,0],[1.142,1.467],[0,2.576]],"v":[[-81.632,-18.118],[-85.693,-16.016],[-89.853,-18.106],[-91.589,-23.717],[-89.767,-29.977],[-85.62,-32.324],[-81.681,-30.124],[-79.968,-24.084]],"c":true},"ix":2},"nm":"9","mn":"ADBE Vector Shape - Group","hd":false},{"ty":"mm","mm":1,"nm":"Merge Paths 1","mn":"ADBE Vector Filter - Merge","hd":false},{"ty":"fl","c":{"a":0,"k":[1,1,1,1],"ix":4},"o":{"a":0,"k":100,"ix":5},"r":1,"bm":0,"nm":"Fill 1","mn":"ADBE Vector Graphic - Fill","hd":false},{"ty":"tr","p":{"a":0,"k":[0,0],"ix":2},"a":{"a":0,"k":[0,0],"ix":1},"s":{"a":0,"k":[100,100],"ix":3},"r":{"a":0,"k":0,"ix":6},"o":{"a":0,"k":100,"ix":7},"sk":{"a":0,"k":0,"ix":4},"sa":{"a":0,"k":0,"ix":5},"nm":"Transform"}],"nm":"9","np":5,"cix":2,"bm":0,"ix":1,"mn":"ADBE Vector Group","hd":false},{"ty":"gr","it":[{"ind":0,"ty":"sh","ix":1,"ks":{"a":0,"k":{"i":[[-1.782,-2.734],[-2.8,0],[-1.611,3.101],[0,5.973],[1.953,3.027],[2.799,0],[1.619,-3.092],[0,-6.006]],"o":[[1.782,2.734],[3.174,0],[1.611,-3.101],[0,-6.657],[-1.611,-2.506],[-3.158,0],[-1.62,3.093],[0,6.706]],"v":[[-69.8,-3.491],[-62.927,0.61],[-55.75,-4.041],[-53.333,-17.651],[-56.262,-32.178],[-62.878,-35.938],[-70.044,-31.299],[-72.473,-17.651]],"c":true},"ix":2},"nm":"0","mn":"ADBE Vector Shape - Group","hd":false},{"ind":1,"ty":"sh","ix":2,"ks":{"a":0,"k":{"i":[[-1.101,2.003],[-1.631,0],[-1.117,-1.971],[0,-5.832],[1.109,-2.003],[1.647,0],[1.117,1.979],[0,5.816]],"o":[[1.101,-2.003],[1.778,0],[1.117,1.971],[0,5.767],[-1.109,2.003],[-1.745,0],[-1.117,-1.979],[0,-5.766]],"v":[[-67.135,-29.319],[-63.037,-32.324],[-58.695,-29.367],[-57.019,-17.664],[-58.683,-6.008],[-62.817,-3.003],[-67.111,-5.972],[-68.787,-17.664]],"c":true},"ix":2},"nm":"0","mn":"ADBE Vector Shape - Group","hd":false},{"ty":"mm","mm":1,"nm":"Merge Paths 1","mn":"ADBE Vector Filter - Merge","hd":false},{"ty":"fl","c":{"a":0,"k":[1,1,1,1],"ix":4},"o":{"a":0,"k":100,"ix":5},"r":1,"bm":0,"nm":"Fill 1","mn":"ADBE Vector Graphic - Fill","hd":false},{"ty":"tr","p":{"a":0,"k":[0,0],"ix":2},"a":{"a":0,"k":[0,0],"ix":1},"s":{"a":0,"k":[100,100],"ix":3},"r":{"a":0,"k":0,"ix":6},"o":{"a":0,"k":100,"ix":7},"sk":{"a":0,"k":0,"ix":4},"sa":{"a":0,"k":0,"ix":5},"nm":"Transform"}],"nm":"0","np":5,"cix":2,"bm":0,"ix":2,"mn":"ADBE Vector Group","hd":false},{"ty":"gr","it":[{"ind":0,"ty":"sh","ix":1,"ks":{"a":0,"k":{"i":[[-1.782,-2.734],[-2.8,0],[-1.611,3.101],[0,5.973],[1.953,3.027],[2.799,0],[1.619,-3.092],[0,-6.006]],"o":[[1.782,2.734],[3.174,0],[1.611,-3.101],[0,-6.657],[-1.611,-2.506],[-3.158,0],[-1.62,3.093],[0,6.706]],"v":[[-46.997,-3.491],[-40.125,0.61],[-32.947,-4.041],[-30.53,-17.651],[-33.459,-32.178],[-40.076,-35.938],[-47.241,-31.299],[-49.67,-17.651]],"c":true},"ix":2},"nm":"0","mn":"ADBE Vector Shape - Group","hd":false},{"ind":1,"ty":"sh","ix":2,"ks":{"a":0,"k":{"i":[[-1.101,2.003],[-1.631,0],[-1.117,-1.971],[0,-5.832],[1.109,-2.003],[1.647,0],[1.117,1.979],[0,5.816]],"o":[[1.101,-2.003],[1.778,0],[1.117,1.971],[0,5.767],[-1.109,2.003],[-1.745,0],[-1.117,-1.979],[0,-5.766]],"v":[[-44.333,-29.319],[-40.235,-32.324],[-35.892,-29.367],[-34.216,-17.664],[-35.88,-6.008],[-40.015,-3.003],[-44.308,-5.972],[-45.984,-17.664]],"c":true},"ix":2},"nm":"0","mn":"ADBE Vector Shape - Group","hd":false},{"ty":"mm","mm":1,"nm":"Merge Paths 1","mn":"ADBE Vector Filter - Merge","hd":false},{"ty":"fl","c":{"a":0,"k":[1,1,1,1],"ix":4},"o":{"a":0,"k":100,"ix":5},"r":1,"bm":0,"nm":"Fill 1","mn":"ADBE Vector Graphic - Fill","hd":false},{"ty":"tr","p":{"a":0,"k":[0,0],"ix":2},"a":{"a":0,"k":[0,0],"ix":1},"s":{"a":0,"k":[100,100],"ix":3},"r":{"a":0,"k":0,"ix":6},"o":{"a":0,"k":100,"ix":7},"sk":{"a":0,"k":0,"ix":4},"sa":{"a":0,"k":0,"ix":5},"nm":"Transform"}],"nm":"0","np":5,"cix":2,"bm":0,"ix":3,"mn":"ADBE Vector Group","hd":false},{"ty":"gr","it":[{"ind":0,"ty":"sh","ix":1,"ks":{"a":0,"k":{"i":[[0,0],[0,0],[1.522,-1.644],[1.986,-1.139],[0,0],[-1.4,1.017],[-0.83,0.977],[0,0],[0,0]],"o":[[0,0],[-0.619,1.562],[-1.522,1.644],[0,0],[1.172,-0.521],[1.4,-1.017],[0,0],[0,0],[0,0]],"v":[[-13.293,-35.938],[-15.637,-35.938],[-18.848,-31.128],[-24.109,-26.953],[-24.109,-22.705],[-20.251,-25.012],[-16.907,-28.003],[-16.907,0],[-13.293,0]],"c":true},"ix":2},"nm":"1","mn":"ADBE Vector Shape - Group","hd":false},{"ty":"fl","c":{"a":0,"k":[1,1,1,1],"ix":4},"o":{"a":0,"k":100,"ix":5},"r":1,"bm":0,"nm":"Fill 1","mn":"ADBE Vector Graphic - Fill","hd":false},{"ty":"tr","p":{"a":0,"k":[0,0],"ix":2},"a":{"a":0,"k":[0,0],"ix":1},"s":{"a":0,"k":[100,100],"ix":3},"r":{"a":0,"k":0,"ix":6},"o":{"a":0,"k":100,"ix":7},"sk":{"a":0,"k":0,"ix":4},"sa":{"a":0,"k":0,"ix":5},"nm":"Transform"}],"nm":"1","np":3,"cix":2,"bm":0,"ix":4,"mn":"ADBE Vector Group","hd":false},{"ty":"gr","it":[{"ind":0,"ty":"sh","ix":1,"ks":{"a":0,"k":{"i":[[0,0],[0,0],[0,0],[0,0]],"o":[[0,0],[0,0],[0,0],[0,0]],"v":[[2.185,-20.923],[2.185,-25.928],[-1.917,-25.928],[-1.917,-20.923]],"c":true},"ix":2},"nm":":","mn":"ADBE Vector Shape - Group","hd":false},{"ind":1,"ty":"sh","ix":2,"ks":{"a":0,"k":{"i":[[0,0],[0,0],[0,0],[0,0]],"o":[[0,0],[0,0],[0,0],[0,0]],"v":[[2.185,0],[2.185,-5.005],[-1.917,-5.005],[-1.917,0]],"c":true},"ix":2},"nm":":","mn":"ADBE Vector Shape - Group","hd":false},{"ty":"mm","mm":1,"nm":"Merge Paths 1","mn":"ADBE Vector Filter - Merge","hd":false},{"ty":"fl","c":{"a":0,"k":[1,1,1,1],"ix":4},"o":{"a":0,"k":100,"ix":5},"r":1,"bm":0,"nm":"Fill 1","mn":"ADBE Vector Graphic - Fill","hd":false},{"ty":"tr","p":{"a":0,"k":[0,0],"ix":2},"a":{"a":0,"k":[0,0],"ix":1},"s":{"a":0,"k":[100,100],"ix":3},"r":{"a":0,"k":0,"ix":6},"o":{"a":0,"k":100,"ix":7},"sk":{"a":0,"k":0,"ix":4},"sa":{"a":0,"k":0,"ix":5},"nm":"Transform"}],"nm":":","np":5,"cix":2,"bm":0,"ix":5,"mn":"ADBE Vector Group","hd":false},{"ty":"gr","it":[{"ind":0,"ty":"sh","ix":1,"ks":{"a":0,"k":{"i":[[0,0],[-0.627,0.798],[-2.148,2.2],[-1.205,2.09],[0,2.277],[1.538,2.017],[2.995,0],[1.685,-1.733],[0.26,-3.434],[0,0],[-1.074,1.241],[-1.677,0],[-1.066,-1.148],[0,-1.824],[1.041,-1.833],[3.369,-3.355],[1.082,-2.117],[-0.049,-1.71],[0,0],[0,0]],"o":[[0.391,-0.798],[0.626,-0.798],[3.369,-3.486],[1.204,-2.09],[0,-2.57],[-1.538,-2.017],[-2.751,0],[-1.685,1.733],[0,0],[0,-2.319],[1.074,-1.241],[1.562,0],[1.066,1.149],[0,1.58],[-1.042,1.833],[-2.881,2.883],[-1.083,2.117],[0,0],[0,0],[0,0]],"v":[[11.926,-4.224],[13.452,-6.618],[17.615,-11.115],[24.475,-19.479],[26.282,-26.031],[23.975,-32.912],[17.175,-35.938],[10.522,-33.337],[7.605,-25.586],[11.316,-25.122],[12.927,-30.462],[17.053,-32.324],[20.996,-30.602],[22.595,-26.142],[21.033,-21.023],[14.417,-13.24],[8.472,-5.741],[6.921,0],[26.331,0],[26.331,-4.224]],"c":true},"ix":2},"nm":"2","mn":"ADBE Vector Shape - Group","hd":false},{"ty":"fl","c":{"a":0,"k":[1,1,1,1],"ix":4},"o":{"a":0,"k":100,"ix":5},"r":1,"bm":0,"nm":"Fill 1","mn":"ADBE Vector Graphic - Fill","hd":false},{"ty":"tr","p":{"a":0,"k":[0,0],"ix":2},"a":{"a":0,"k":[0,0],"ix":1},"s":{"a":0,"k":[100,100],"ix":3},"r":{"a":0,"k":0,"ix":6},"o":{"a":0,"k":100,"ix":7},"sk":{"a":0,"k":0,"ix":4},"sa":{"a":0,"k":0,"ix":5},"nm":"Transform"}],"nm":"2","np":3,"cix":2,"bm":0,"ix":6,"mn":"ADBE Vector Group","hd":false},{"ty":"gr","it":[{"ind":0,"ty":"sh","ix":1,"ks":{"a":0,"k":{"i":[[-1.782,-2.734],[-2.8,0],[-1.611,3.101],[0,5.973],[1.953,3.027],[2.799,0],[1.619,-3.092],[0,-6.006]],"o":[[1.782,2.734],[3.174,0],[1.611,-3.101],[0,-6.657],[-1.611,-2.506],[-3.158,0],[-1.62,3.093],[0,6.706]],"v":[[32.812,-3.491],[39.685,0.61],[46.863,-4.041],[49.28,-17.651],[46.35,-32.178],[39.734,-35.938],[32.568,-31.299],[30.139,-17.651]],"c":true},"ix":2},"nm":"0","mn":"ADBE Vector Shape - Group","hd":false},{"ind":1,"ty":"sh","ix":2,"ks":{"a":0,"k":{"i":[[-1.101,2.003],[-1.631,0],[-1.117,-1.971],[0,-5.832],[1.109,-2.003],[1.647,0],[1.117,1.979],[0,5.816]],"o":[[1.101,-2.003],[1.778,0],[1.117,1.971],[0,5.767],[-1.109,2.003],[-1.745,0],[-1.117,-1.979],[0,-5.766]],"v":[[35.477,-29.319],[39.575,-32.324],[43.917,-29.367],[45.593,-17.664],[43.93,-6.008],[39.795,-3.003],[35.501,-5.972],[33.826,-17.664]],"c":true},"ix":2},"nm":"0","mn":"ADBE Vector Shape - Group","hd":false},{"ty":"mm","mm":1,"nm":"Merge Paths 1","mn":"ADBE Vector Filter - Merge","hd":false},{"ty":"fl","c":{"a":0,"k":[1,1,1,1],"ix":4},"o":{"a":0,"k":100,"ix":5},"r":1,"bm":0,"nm":"Fill 1","mn":"ADBE Vector Graphic - Fill","hd":false},{"ty":"tr","p":{"a":0,"k":[0,0],"ix":2},"a":{"a":0,"k":[0,0],"ix":1},"s":{"a":0,"k":[100,100],"ix":3},"r":{"a":0,"k":0,"ix":6},"o":{"a":0,"k":100,"ix":7},"sk":{"a":0,"k":0,"ix":4},"sa":{"a":0,"k":0,"ix":5},"nm":"Transform"}],"nm":"0","np":5,"cix":2,"bm":0,"ix":7,"mn":"ADBE Vector Group","hd":false},{"ty":"gr","it":[{"ind":0,"ty":"sh","ix":1,"ks":{"a":0,"k":{"i":[[0,0],[0,0],[1.522,-1.644],[1.986,-1.139],[0,0],[-1.4,1.017],[-0.83,0.977],[0,0],[0,0]],"o":[[0,0],[-0.619,1.562],[-1.522,1.644],[0,0],[1.172,-0.521],[1.4,-1.017],[0,0],[0,0],[0,0]],"v":[[66.516,-35.938],[64.172,-35.938],[60.962,-31.128],[55.701,-26.953],[55.701,-22.705],[59.558,-25.012],[62.903,-28.003],[62.903,0],[66.516,0]],"c":true},"ix":2},"nm":"1","mn":"ADBE Vector Shape - Group","hd":false},{"ty":"fl","c":{"a":0,"k":[1,1,1,1],"ix":4},"o":{"a":0,"k":100,"ix":5},"r":1,"bm":0,"nm":"Fill 1","mn":"ADBE Vector Graphic - Fill","hd":false},{"ty":"tr","p":{"a":0,"k":[0,0],"ix":2},"a":{"a":0,"k":[0,0],"ix":1},"s":{"a":0,"k":[100,100],"ix":3},"r":{"a":0,"k":0,"ix":6},"o":{"a":0,"k":100,"ix":7},"sk":{"a":0,"k":0,"ix":4},"sa":{"a":0,"k":0,"ix":5},"nm":"Transform"}],"nm":"1","np":3,"cix":2,"bm":0,"ix":8,"mn":"ADBE Vector Group","hd":false},{"ty":"gr","it":[{"ind":0,"ty":"sh","ix":1,"ks":{"a":0,"k":{"i":[[-1.75,-1.766],[-2.539,0],[-1.815,2.501],[0,3.503],[1.815,2.094],[2.458,0],[1.742,-1.505],[0,0],[0,0],[0,0],[0,0],[0,0],[0,0],[-0.952,0.612],[-1.091,0],[-1.196,-1.41],[0,-2.559],[1.237,-1.573],[1.709,0],[1.033,1.115],[0.293,2.279],[0,0]],"o":[[1.749,1.766],[3.06,0],[1.815,-2.501],[0,-3.551],[-1.815,-2.094],[-1.953,0],[0,0],[0,0],[0,0],[0,0],[0,0],[0,0],[0.553,-1.093],[0.952,-0.612],[1.807,0],[1.196,1.41],[0,2.722],[-1.237,1.573],[-1.367,0],[-1.034,-1.115],[0,0],[0.244,3.125]],"v":[[78.735,-2.039],[85.168,0.61],[92.48,-3.141],[95.203,-12.147],[92.48,-20.615],[86.071,-23.755],[80.529,-21.497],[82.098,-31.128],[93.811,-31.128],[93.811,-35.327],[79.236,-35.327],[76.379,-16.935],[79.773,-16.397],[82.031,-18.955],[85.095,-19.873],[89.6,-17.758],[91.394,-11.805],[89.539,-5.362],[85.12,-3.003],[81.519,-4.675],[79.529,-9.766],[75.745,-9.375]],"c":true},"ix":2},"nm":"5","mn":"ADBE Vector Shape - Group","hd":false},{"ty":"fl","c":{"a":0,"k":[1,1,1,1],"ix":4},"o":{"a":0,"k":100,"ix":5},"r":1,"bm":0,"nm":"Fill 1","mn":"ADBE Vector Graphic - Fill","hd":false},{"ty":"tr","p":{"a":0,"k":[0,0],"ix":2},"a":{"a":0,"k":[0,0],"ix":1},"s":{"a":0,"k":[100,100],"ix":3},"r":{"a":0,"k":0,"ix":6},"o":{"a":0,"k":100,"ix":7},"sk":{"a":0,"k":0,"ix":4},"sa":{"a":0,"k":0,"ix":5},"nm":"Transform"}],"nm":"5","np":3,"cix":2,"bm":0,"ix":9,"mn":"ADBE Vector Group","hd":false}],"ip":0,"op":1080.0000439893,"st":0,"bm":0},{"ddd":0,"ind":5,"ty":4,"nm":"CERTIFIED Outlines","sr":1,"ks":{"o":{"a":0,"k":100,"ix":11},"r":{"a":0,"k":0,"ix":10},"p":{"a":0,"k":[295.617,287.168,0],"ix":2},"a":{"a":0,"k":[-38.051,228.656,0],"ix":1},"s":{"a":0,"k":[80.495,80.495,100],"ix":6}},"ao":0,"shapes":[{"ty":"gr","it":[{"ind":0,"ty":"sh","ix":1,"ks":{"a":0,"k":{"i":[[-0.085,-2.893],[1.926,-1.919],[3.983,0.709],[5.537,5.558],[0.631,4.009],[-2.674,2.664],[-2.646,0.098],[-2.841,-1.926],[0,0],[3.907,0.026],[4.056,-4.041],[-0.725,-6.632],[-7.495,-7.524],[-7.548,-0.835],[-4.715,4.697],[-0.3,4.836],[3.813,6.035],[0,0]],"o":[[0.085,2.894],[-2.629,2.619],[-3.984,-0.708],[-5.337,-5.357],[-0.63,-4.009],[1.869,-1.862],[2.646,-0.097],[0,0],[-4.761,-2.971],[-5.489,-0.048],[-4.981,4.962],[0.844,7.635],[7.096,7.123],[6.547,0.714],[3.751,-3.737],[0.3,-4.835],[0,0],[2.616,3.87]],"v":[[-205.804,67.373],[-208.566,74.592],[-218.484,77.457],[-232.765,68.059],[-241.715,54.01],[-238.651,44.001],[-231.878,41.061],[-223.647,43.805],[-218.523,34.503],[-231.526,30.007],[-245.845,35.997],[-252.227,53.389],[-239.719,76.126],[-217.753,88.062],[-200.86,82.086],[-194.783,69.226],[-200.054,52.921],[-209.855,57.228]],"c":true},"ix":2},"nm":"C","mn":"ADBE Vector Shape - Group","hd":false},{"ty":"fl","c":{"a":0,"k":[0.062745098039,0.61568627451,0.345098039216,1],"ix":4},"o":{"a":0,"k":100,"ix":5},"r":1,"bm":0,"nm":"Fill 1","mn":"ADBE Vector Graphic - Fill","hd":false},{"ty":"tr","p":{"a":0,"k":[0,0],"ix":2},"a":{"a":0,"k":[0,0],"ix":1},"s":{"a":0,"k":[100,100],"ix":3},"r":{"a":0,"k":0,"ix":6},"o":{"a":0,"k":100,"ix":7},"sk":{"a":0,"k":0,"ix":4},"sa":{"a":0,"k":0,"ix":5},"nm":"Transform"}],"nm":"C","np":3,"cix":2,"bm":0,"ix":1,"mn":"ADBE Vector Group","hd":false},{"ty":"gr","it":[{"ind":0,"ty":"sh","ix":1,"ks":{"a":0,"k":{"i":[[0,0],[0,0],[0,0],[0,0],[0,0],[0,0],[0,0],[0,0],[0,0],[0,0],[0,0],[0,0]],"o":[[0,0],[0,0],[0,0],[0,0],[0,0],[0,0],[0,0],[0,0],[0,0],[0,0],[0,0],[0,0]],"v":[[-141.131,37.432],[-146.556,28.401],[-171.028,43.1],[-179.733,28.606],[-157.738,15.395],[-163.141,6.4],[-185.136,19.611],[-192.245,7.776],[-168.574,-6.442],[-173.999,-15.473],[-206.482,4.038],[-174.416,57.424]],"c":true},"ix":2},"nm":"E","mn":"ADBE Vector Shape - Group","hd":false},{"ty":"fl","c":{"a":0,"k":[0.062745098039,0.61568627451,0.345098039216,1],"ix":4},"o":{"a":0,"k":100,"ix":5},"r":1,"bm":0,"nm":"Fill 1","mn":"ADBE Vector Graphic - Fill","hd":false},{"ty":"tr","p":{"a":0,"k":[0,0],"ix":2},"a":{"a":0,"k":[0,0],"ix":1},"s":{"a":0,"k":[100,100],"ix":3},"r":{"a":0,"k":0,"ix":6},"o":{"a":0,"k":100,"ix":7},"sk":{"a":0,"k":0,"ix":4},"sa":{"a":0,"k":0,"ix":5},"nm":"Transform"}],"nm":"E","np":3,"cix":2,"bm":0,"ix":2,"mn":"ADBE Vector Group","hd":false},{"ty":"gr","it":[{"ind":0,"ty":"sh","ix":1,"ks":{"a":0,"k":{"i":[[0,0],[0,0],[0,0],[-1.166,-0.133],[-1.281,-0.897],[-3.998,-3.902],[0,0],[0,0],[0,0],[1.931,1.38],[2.576,0.873],[-1.367,3.526],[1.421,4.659],[2.268,2.195],[2.602,0.376],[5.309,-1.619],[0,0],[0,0]],"o":[[0,0],[0,0],[2.275,-0.694],[1.165,0.133],[1.28,0.898],[0,0],[0,0],[0,0],[-3.805,-3.931],[-1.931,-1.38],[3.894,-1.987],[1.367,-3.526],[-1.124,-3.684],[-2.268,-2.195],[-2.602,-0.376],[0,0],[0,0],[0,0]],"v":[[-117.527,28.264],[-125.113,3.397],[-123.081,2.777],[-117.919,1.935],[-114.25,3.481],[-106.333,10.681],[-95.242,21.466],[-83.477,17.877],[-92.955,8.066],[-101.559,0.098],[-108.319,-3.281],[-100.427,-11.551],[-100.508,-23.828],[-105.596,-32.647],[-112.901,-36.503],[-124.768,-34.637],[-145.531,-28.303],[-127.36,31.263]],"c":true},"ix":2},"nm":"R","mn":"ADBE Vector Shape - Group","hd":false},{"ind":1,"ty":"sh","ix":2,"ks":{"a":0,"k":{"i":[[0,0],[0,0],[-1.012,-0.017],[-1.11,-0.92],[-0.578,-1.896],[0.395,-1.423],[1.099,-0.764],[4.47,-1.363],[0,0]],"o":[[0,0],[4.415,-1.347],[1.432,0.037],[1.109,0.92],[0.603,1.978],[-0.395,1.424],[-1.099,0.765],[0,0],[0,0]],"v":[[-132.624,-21.226],[-124.904,-23.581],[-116.763,-25.576],[-112.95,-24.141],[-110.418,-19.917],[-110.105,-14.816],[-112.346,-11.534],[-120.699,-8.342],[-128.013,-6.111]],"c":true},"ix":2},"nm":"R","mn":"ADBE Vector Shape - Group","hd":false},{"ty":"mm","mm":1,"nm":"Merge Paths 1","mn":"ADBE Vector Filter - Merge","hd":false},{"ty":"fl","c":{"a":0,"k":[0.062745098039,0.61568627451,0.345098039216,1],"ix":4},"o":{"a":0,"k":100,"ix":5},"r":1,"bm":0,"nm":"Fill 1","mn":"ADBE Vector Graphic - Fill","hd":false},{"ty":"tr","p":{"a":0,"k":[0,0],"ix":2},"a":{"a":0,"k":[0,0],"ix":1},"s":{"a":0,"k":[100,100],"ix":3},"r":{"a":0,"k":0,"ix":6},"o":{"a":0,"k":100,"ix":7},"sk":{"a":0,"k":0,"ix":4},"sa":{"a":0,"k":0,"ix":5},"nm":"Transform"}],"nm":"R","np":5,"cix":2,"bm":0,"ix":3,"mn":"ADBE Vector Group","hd":false},{"ty":"gr","it":[{"ind":0,"ty":"sh","ix":1,"ks":{"a":0,"k":{"i":[[0,0],[0,0],[0,0],[0,0],[0,0],[0,0],[0,0],[0,0]],"o":[[0,0],[0,0],[0,0],[0,0],[0,0],[0,0],[0,0],[0,0]],"v":[[-49.933,15.476],[-53.094,-36.169],[-37.999,-37.093],[-38.643,-47.608],[-79.136,-45.13],[-78.492,-34.614],[-63.355,-35.541],[-60.194,16.104]],"c":true},"ix":2},"nm":"T","mn":"ADBE Vector Shape - Group","hd":false},{"ty":"fl","c":{"a":0,"k":[0.062745098039,0.61568627451,0.345098039216,1],"ix":4},"o":{"a":0,"k":100,"ix":5},"r":1,"bm":0,"nm":"Fill 1","mn":"ADBE Vector Graphic - Fill","hd":false},{"ty":"tr","p":{"a":0,"k":[0,0],"ix":2},"a":{"a":0,"k":[0,0],"ix":1},"s":{"a":0,"k":[100,100],"ix":3},"r":{"a":0,"k":0,"ix":6},"o":{"a":0,"k":100,"ix":7},"sk":{"a":0,"k":0,"ix":4},"sa":{"a":0,"k":0,"ix":5},"nm":"Transform"}],"nm":"T","np":3,"cix":2,"bm":0,"ix":4,"mn":"ADBE Vector Group","hd":false},{"ty":"gr","it":[{"ind":0,"ty":"sh","ix":1,"ks":{"a":0,"k":{"i":[[0,0],[0,0],[0,0],[0,0]],"o":[[0,0],[0,0],[0,0],[0,0]],"v":[[-12.983,16.991],[-6.865,-44.984],[-17.095,-45.994],[-23.214,15.981]],"c":true},"ix":2},"nm":"I","mn":"ADBE Vector Shape - Group","hd":false},{"ty":"fl","c":{"a":0,"k":[0.062745098039,0.61568627451,0.345098039216,1],"ix":4},"o":{"a":0,"k":100,"ix":5},"r":1,"bm":0,"nm":"Fill 1","mn":"ADBE Vector Graphic - Fill","hd":false},{"ty":"tr","p":{"a":0,"k":[0,0],"ix":2},"a":{"a":0,"k":[0,0],"ix":1},"s":{"a":0,"k":[100,100],"ix":3},"r":{"a":0,"k":0,"ix":6},"o":{"a":0,"k":100,"ix":7},"sk":{"a":0,"k":0,"ix":4},"sa":{"a":0,"k":0,"ix":5},"nm":"Transform"}],"nm":"I","np":3,"cix":2,"bm":0,"ix":5,"mn":"ADBE Vector Group","hd":false},{"ty":"gr","it":[{"ind":0,"ty":"sh","ix":1,"ks":{"a":0,"k":{"i":[[0,0],[0,0],[0,0],[0,0],[0,0],[0,0],[0,0],[0,0],[0,0],[0,0]],"o":[[0,0],[0,0],[0,0],[0,0],[0,0],[0,0],[0,0],[0,0],[0,0],[0,0]],"v":[[12.105,21.456],[18.925,-4.115],[39.612,1.402],[42.327,-8.777],[21.64,-14.294],[25.438,-28.537],[49.327,-22.166],[52.042,-32.346],[18.22,-41.366],[2.172,18.807]],"c":true},"ix":2},"nm":"F","mn":"ADBE Vector Shape - Group","hd":false},{"ty":"fl","c":{"a":0,"k":[0.062745098039,0.61568627451,0.345098039216,1],"ix":4},"o":{"a":0,"k":100,"ix":5},"r":1,"bm":0,"nm":"Fill 1","mn":"ADBE Vector Graphic - Fill","hd":false},{"ty":"tr","p":{"a":0,"k":[0,0],"ix":2},"a":{"a":0,"k":[0,0],"ix":1},"s":{"a":0,"k":[100,100],"ix":3},"r":{"a":0,"k":0,"ix":6},"o":{"a":0,"k":100,"ix":7},"sk":{"a":0,"k":0,"ix":4},"sa":{"a":0,"k":0,"ix":5},"nm":"Transform"}],"nm":"F","np":3,"cix":2,"bm":0,"ix":6,"mn":"ADBE Vector Group","hd":false},{"ty":"gr","it":[{"ind":0,"ty":"sh","ix":1,"ks":{"a":0,"k":{"i":[[0,0],[0,0],[0,0],[0,0]],"o":[[0,0],[0,0],[0,0],[0,0]],"v":[[57.723,37.614],[83.316,-19.16],[73.944,-23.385],[48.351,33.39]],"c":true},"ix":2},"nm":"I","mn":"ADBE Vector Shape - Group","hd":false},{"ty":"fl","c":{"a":0,"k":[0.062745098039,0.61568627451,0.345098039216,1],"ix":4},"o":{"a":0,"k":100,"ix":5},"r":1,"bm":0,"nm":"Fill 1","mn":"ADBE Vector Graphic - Fill","hd":false},{"ty":"tr","p":{"a":0,"k":[0,0],"ix":2},"a":{"a":0,"k":[0,0],"ix":1},"s":{"a":0,"k":[100,100],"ix":3},"r":{"a":0,"k":0,"ix":6},"o":{"a":0,"k":100,"ix":7},"sk":{"a":0,"k":0,"ix":4},"sa":{"a":0,"k":0,"ix":5},"nm":"Transform"}],"nm":"I","np":3,"cix":2,"bm":0,"ix":7,"mn":"ADBE Vector Group","hd":false},{"ty":"gr","it":[{"ind":0,"ty":"sh","ix":1,"ks":{"a":0,"k":{"i":[[0,0],[0,0],[0,0],[0,0],[0,0],[0,0],[0,0],[0,0],[0,0],[0,0],[0,0],[0,0]],"o":[[0,0],[0,0],[0,0],[0,0],[0,0],[0,0],[0,0],[0,0],[0,0],[0,0],[0,0],[0,0]],"v":[[103.798,65.833],[109.7,57.106],[86.054,41.114],[95.526,27.109],[116.779,41.483],[122.658,32.792],[101.404,18.417],[109.139,6.981],[132.011,22.45],[137.913,13.723],[106.525,-7.505],[71.636,44.081]],"c":true},"ix":2},"nm":"E","mn":"ADBE Vector Shape - Group","hd":false},{"ty":"fl","c":{"a":0,"k":[0.062745098039,0.61568627451,0.345098039216,1],"ix":4},"o":{"a":0,"k":100,"ix":5},"r":1,"bm":0,"nm":"Fill 1","mn":"ADBE Vector Graphic - Fill","hd":false},{"ty":"tr","p":{"a":0,"k":[0,0],"ix":2},"a":{"a":0,"k":[0,0],"ix":1},"s":{"a":0,"k":[100,100],"ix":3},"r":{"a":0,"k":0,"ix":6},"o":{"a":0,"k":100,"ix":7},"sk":{"a":0,"k":0,"ix":4},"sa":{"a":0,"k":0,"ix":5},"nm":"Transform"}],"nm":"E","np":3,"cix":2,"bm":0,"ix":8,"mn":"ADBE Vector Group","hd":false},{"ty":"gr","it":[{"ind":0,"ty":"sh","ix":1,"ks":{"a":0,"k":{"i":[[0,0],[0,0],[-2.645,-1.178],[-2.975,0.169],[-3.77,1.761],[-3.996,3.604],[-2.21,3.555],[-0.508,3.201],[0.831,2.507],[3.183,3.529],[0,0]],"o":[[0,0],[2.785,3.089],[2.644,1.178],[2.975,-0.168],[3.769,-1.761],[4.437,-4.002],[2.209,-3.555],[0.507,-3.201],[-0.831,-2.507],[0,0],[0,0]],"v":[[115.122,75.633],[128.082,90.004],[136.226,96.403],[144.655,97.916],[154.772,95.021],[166.421,86.975],[176.392,75.64],[180.468,65.506],[179.982,56.944],[173.961,47.888],[161.37,33.926]],"c":true},"ix":2},"nm":"D","mn":"ADBE Vector Shape - Group","hd":false},{"ind":1,"ty":"sh","ix":2,"ks":{"a":0,"k":{"i":[[0,0],[-0.694,-1.319],[0.234,-2.022],[1.548,-2.254],[3.424,-3.088],[2.434,-1.357],[1.57,-0.138],[1.458,0.687],[2.219,2.461],[0,0],[0,0]],"o":[[2.769,3.07],[0.932,1.752],[-0.234,2.022],[-1.548,2.254],[-3.299,2.975],[-2.434,1.356],[-1.571,0.138],[-1.458,-0.687],[0,0],[0,0],[0,0]],"v":[[163.561,52.086],[168.756,58.671],[169.804,64.333],[167.131,70.747],[159.672,78.761],[151.073,85.257],[145.066,87.499],[140.523,86.676],[135.008,81.953],[129.83,76.212],[160.431,48.616]],"c":true},"ix":2},"nm":"D","mn":"ADBE Vector Shape - Group","hd":false},{"ty":"mm","mm":1,"nm":"Merge Paths 1","mn":"ADBE Vector Filter - Merge","hd":false},{"ty":"fl","c":{"a":0,"k":[0.062745098039,0.61568627451,0.345098039216,1],"ix":4},"o":{"a":0,"k":100,"ix":5},"r":1,"bm":0,"nm":"Fill 1","mn":"ADBE Vector Graphic - Fill","hd":false},{"ty":"tr","p":{"a":0,"k":[0,0],"ix":2},"a":{"a":0,"k":[0,0],"ix":1},"s":{"a":0,"k":[100,100],"ix":3},"r":{"a":0,"k":0,"ix":6},"o":{"a":0,"k":100,"ix":7},"sk":{"a":0,"k":0,"ix":4},"sa":{"a":0,"k":0,"ix":5},"nm":"Transform"}],"nm":"D","np":5,"cix":2,"bm":0,"ix":9,"mn":"ADBE Vector Group","hd":false}],"ip":0,"op":1080.0000439893,"st":0,"bm":0},{"ddd":0,"ind":6,"ty":4,"nm":"COMPANY Outlines","sr":1,"ks":{"o":{"a":0,"k":100,"ix":11},"r":{"a":0,"k":0,"ix":10},"p":{"a":0,"k":[294.107,288.423,0],"ix":2},"a":{"a":0,"k":[-41.17,230.215,0],"ix":1},"s":{"a":0,"k":[80.495,80.495,100],"ix":6}},"ao":0,"hasMask":true,"masksProperties":[{"inv":false,"mode":"n","pt":{"a":0,"k":{"i":[[120.203,0],[0,-120.203],[-120.203,0],[0,120.203]],"o":[[-120.203,0],[0,120.203],[120.203,0],[0,-120.203]],"v":[[-40.93,26.36],[-258.577,244.007],[-40.93,461.655],[176.718,244.007]],"c":true},"ix":1},"o":{"a":0,"k":100,"ix":3},"x":{"a":0,"k":0,"ix":4},"nm":"Mask 1"}],"shapes":[{"ty":"gr","it":[{"ind":0,"ty":"sh","ix":1,"ks":{"a":0,"k":{"i":[[2.889,-0.185],[1.985,1.858],[-0.57,4.006],[-5.362,5.727],[-3.985,0.77],[-2.755,-2.579],[-0.19,-2.641],[1.826,-2.906],[0,0],[0.11,3.905],[4.18,3.913],[6.603,-0.956],[7.258,-7.753],[0.572,-7.572],[-4.859,-4.549],[-4.844,-0.131],[-5.899,4.021],[0,0]],"o":[[-2.889,0.185],[-2.709,-2.536],[0.569,-4.006],[5.168,-5.52],[3.985,-0.769],[1.926,1.803],[0.189,2.641],[0,0],[2.804,-4.862],[-0.143,-5.488],[-5.132,-4.805],[-7.601,1.109],[-6.871,7.339],[-0.485,6.568],[3.866,3.619],[4.843,0.131],[0,0],[-3.777,2.749]],"v":[[-229.12,456.583],[-236.43,454.074],[-239.639,444.261],[-230.743,429.662],[-217.014,420.228],[-206.904,422.943],[-203.731,429.609],[-206.186,437.93],[-196.712,442.727],[-192.671,429.576],[-199.156,415.474],[-216.759,409.701],[-239.047,422.993],[-250.212,445.361],[-243.652,462.035],[-230.588,467.661],[-214.476,461.826],[-219.121,452.181]],"c":true},"ix":2},"nm":"C","mn":"ADBE Vector Shape - Group","hd":false},{"ty":"fl","c":{"a":0,"k":[0.062745098039,0.61568627451,0.345098039216,1],"ix":4},"o":{"a":0,"k":100,"ix":5},"r":1,"bm":0,"nm":"Fill 1","mn":"ADBE Vector Graphic - Fill","hd":false},{"ty":"tr","p":{"a":0,"k":[0,0],"ix":2},"a":{"a":0,"k":[0,0],"ix":1},"s":{"a":0,"k":[100,100],"ix":3},"r":{"a":0,"k":0,"ix":6},"o":{"a":0,"k":100,"ix":7},"sk":{"a":0,"k":0,"ix":4},"sa":{"a":0,"k":0,"ix":5},"nm":"Transform"}],"nm":"C","np":3,"cix":2,"bm":0,"ix":1,"mn":"ADBE Vector Group","hd":false},{"ty":"gr","it":[{"ind":0,"ty":"sh","ix":1,"ks":{"a":0,"k":{"i":[[-1.529,-7.467],[-6.517,-3.487],[-6.216,2.552],[-4.917,9.189],[1.425,7.091],[6.442,3.447],[4.23,-0.402],[4.2,-3.197],[3.501,-6.542]],"o":[[1.352,6.537],[6.467,3.46],[7.06,-2.871],[4.863,-9.089],[-1.426,-7.09],[-4.445,-2.378],[-4.231,0.402],[-4.2,3.197],[-4.824,9.014]],"v":[[-192.916,491.659],[-181.113,506.696],[-162.088,508.059],[-144.121,489.97],[-138.964,465.7],[-150.766,449.894],[-163.778,446.93],[-176.423,452.329],[-187.975,466.937]],"c":true},"ix":2},"nm":"O","mn":"ADBE Vector Shape - Group","hd":false},{"ind":1,"ty":"sh","ix":2,"ks":{"a":0,"k":{"i":[[-3.969,1.827],[-3.701,-1.98],[-0.658,-4.271],[3.407,-6.367],[4.027,-1.876],[3.576,1.913],[0.71,4.444],[-3.381,6.318]],"o":[[3.969,-1.827],[3.701,1.98],[0.658,4.271],[-3.474,6.493],[-4.028,1.876],[-3.551,-1.9],[-0.71,-4.443],[3.447,-6.442]],"v":[[-167.286,459.17],[-155.78,459.4],[-149.241,468.777],[-153.365,484.734],[-164.617,497.286],[-176.023,497.23],[-182.415,487.714],[-178.41,471.573]],"c":true},"ix":2},"nm":"O","mn":"ADBE Vector Shape - Group","hd":false},{"ty":"mm","mm":1,"nm":"Merge Paths 1","mn":"ADBE Vector Filter - Merge","hd":false},{"ty":"fl","c":{"a":0,"k":[0.062745098039,0.61568627451,0.345098039216,1],"ix":4},"o":{"a":0,"k":100,"ix":5},"r":1,"bm":0,"nm":"Fill 1","mn":"ADBE Vector Graphic - Fill","hd":false},{"ty":"tr","p":{"a":0,"k":[0,0],"ix":2},"a":{"a":0,"k":[0,0],"ix":1},"s":{"a":0,"k":[100,100],"ix":3},"r":{"a":0,"k":0,"ix":6},"o":{"a":0,"k":100,"ix":7},"sk":{"a":0,"k":0,"ix":4},"sa":{"a":0,"k":0,"ix":5},"nm":"Transform"}],"nm":"O","np":5,"cix":2,"bm":0,"ix":2,"mn":"ADBE Vector Group","hd":false},{"ty":"gr","it":[{"ind":0,"ty":"sh","ix":1,"ks":{"a":0,"k":{"i":[[0,0],[0,0],[0,0],[0,0],[0,0],[0,0],[0,0],[0,0],[0,0],[0,0],[0,0],[0,0],[0,0]],"o":[[0,0],[0,0],[0,0],[0,0],[0,0],[0,0],[0,0],[0,0],[0,0],[0,0],[0,0],[0,0],[0,0]],"v":[[-117.567,531.038],[-107.364,483.045],[-107.684,533.139],[-97.981,535.201],[-77.821,489.326],[-88.024,537.318],[-78.633,539.315],[-65.683,478.4],[-80.835,475.178],[-98.688,514.856],[-98.927,471.332],[-114.008,468.126],[-126.958,529.041]],"c":true},"ix":2},"nm":"M","mn":"ADBE Vector Shape - Group","hd":false},{"ty":"fl","c":{"a":0,"k":[0.062745098039,0.61568627451,0.345098039216,1],"ix":4},"o":{"a":0,"k":100,"ix":5},"r":1,"bm":0,"nm":"Fill 1","mn":"ADBE Vector Graphic - Fill","hd":false},{"ty":"tr","p":{"a":0,"k":[0,0],"ix":2},"a":{"a":0,"k":[0,0],"ix":1},"s":{"a":0,"k":[100,100],"ix":3},"r":{"a":0,"k":0,"ix":6},"o":{"a":0,"k":100,"ix":7},"sk":{"a":0,"k":0,"ix":4},"sa":{"a":0,"k":0,"ix":5},"nm":"Transform"}],"nm":"M","np":3,"cix":2,"bm":0,"ix":3,"mn":"ADBE Vector Group","hd":false},{"ty":"gr","it":[{"ind":0,"ty":"sh","ix":1,"ks":{"a":0,"k":{"i":[[0,0],[0,0],[0,0],[-2.483,1.359],[-1.543,3.127],[0.227,4.497],[2.124,3.04],[3.075,0.809],[6.166,-0.312],[0,0],[0,0]],"o":[[0,0],[0,0],[6.222,-0.314],[2.483,-1.359],[1.543,-3.126],[-0.25,-4.949],[-2.125,-3.04],[-1.925,-0.498],[0,0],[0,0],[0,0]],"v":[[-34.09,540.693],[-35.276,517.231],[-28.53,516.89],[-15.471,514.38],[-9.431,507.652],[-7.457,496.217],[-11.019,484.232],[-18.818,478.458],[-30.954,478.179],[-47.501,479.015],[-44.357,541.212]],"c":true},"ix":2},"nm":"P","mn":"ADBE Vector Shape - Group","hd":false},{"ind":1,"ty":"sh","ix":2,"ks":{"a":0,"k":{"i":[[0,0],[-1.357,-0.415],[-0.979,-1.371],[-0.105,-2.07],[0.808,-1.448],[1.348,-0.608],[3.827,-0.193],[0,0],[0,0]],"o":[[4.309,-0.218],[1.357,0.415],[0.979,1.372],[0.103,2.042],[-0.808,1.448],[-1.348,0.608],[0,0],[0,0],[0,0]],"v":[[-31.683,488.764],[-23.185,489.06],[-19.681,491.739],[-18.056,496.901],[-19.113,502.135],[-22.347,505.219],[-30.109,506.421],[-35.808,506.709],[-36.702,489.018]],"c":true},"ix":2},"nm":"P","mn":"ADBE Vector Shape - Group","hd":false},{"ty":"mm","mm":1,"nm":"Merge Paths 1","mn":"ADBE Vector Filter - Merge","hd":false},{"ty":"fl","c":{"a":0,"k":[0.062745098039,0.61568627451,0.345098039216,1],"ix":4},"o":{"a":0,"k":100,"ix":5},"r":1,"bm":0,"nm":"Fill 1","mn":"ADBE Vector Graphic - Fill","hd":false},{"ty":"tr","p":{"a":0,"k":[0,0],"ix":2},"a":{"a":0,"k":[0,0],"ix":1},"s":{"a":0,"k":[100,100],"ix":3},"r":{"a":0,"k":0,"ix":6},"o":{"a":0,"k":100,"ix":7},"sk":{"a":0,"k":0,"ix":4},"sa":{"a":0,"k":0,"ix":5},"nm":"Transform"}],"nm":"P","np":5,"cix":2,"bm":0,"ix":4,"mn":"ADBE Vector Group","hd":false},{"ty":"gr","it":[{"ind":0,"ty":"sh","ix":1,"ks":{"a":0,"k":{"i":[[0,0],[0,0],[0,0],[0,0],[0,0],[0,0],[0,0],[0,0]],"o":[[0,0],[0,0],[0,0],[0,0],[0,0],[0,0],[0,0],[0,0]],"v":[[26.663,468.538],[16.14,471.453],[13.606,536.778],[24.168,533.852],[24.47,519.133],[44.171,513.674],[52.247,526.072],[63.018,523.087]],"c":true},"ix":2},"nm":"A","mn":"ADBE Vector Shape - Group","hd":false},{"ind":1,"ty":"sh","ix":2,"ks":{"a":0,"k":{"i":[[0,0],[0,0],[0,0]],"o":[[0,0],[0,0],[0,0]],"v":[[24.697,508.138],[25.193,484.02],[38.159,504.408]],"c":true},"ix":2},"nm":"A","mn":"ADBE Vector Shape - Group","hd":false},{"ty":"mm","mm":1,"nm":"Merge Paths 1","mn":"ADBE Vector Filter - Merge","hd":false},{"ty":"fl","c":{"a":0,"k":[0.062745098039,0.61568627451,0.345098039216,1],"ix":4},"o":{"a":0,"k":100,"ix":5},"r":1,"bm":0,"nm":"Fill 1","mn":"ADBE Vector Graphic - Fill","hd":false},{"ty":"tr","p":{"a":0,"k":[0,0],"ix":2},"a":{"a":0,"k":[0,0],"ix":1},"s":{"a":0,"k":[100,100],"ix":3},"r":{"a":0,"k":0,"ix":6},"o":{"a":0,"k":100,"ix":7},"sk":{"a":0,"k":0,"ix":4},"sa":{"a":0,"k":0,"ix":5},"nm":"Transform"}],"nm":"A","np":5,"cix":2,"bm":0,"ix":5,"mn":"ADBE Vector Group","hd":false},{"ty":"gr","it":[{"ind":0,"ty":"sh","ix":1,"ks":{"a":0,"k":{"i":[[0,0],[0,0],[0,0],[0,0],[0,0],[0,0],[0,0],[0,0],[0,0],[0,0]],"o":[[0,0],[0,0],[0,0],[0,0],[0,0],[0,0],[0,0],[0,0],[0,0],[0,0]],"v":[[98.034,506.366],[77.704,471.21],[115.833,496.074],[124.806,490.885],[93.631,436.973],[85.32,441.779],[106.139,477.782],[67.227,452.242],[58.548,457.26],[89.723,511.172]],"c":true},"ix":2},"nm":"N","mn":"ADBE Vector Shape - Group","hd":false},{"ty":"fl","c":{"a":0,"k":[0.062745098039,0.61568627451,0.345098039216,1],"ix":4},"o":{"a":0,"k":100,"ix":5},"r":1,"bm":0,"nm":"Fill 1","mn":"ADBE Vector Graphic - Fill","hd":false},{"ty":"tr","p":{"a":0,"k":[0,0],"ix":2},"a":{"a":0,"k":[0,0],"ix":1},"s":{"a":0,"k":[100,100],"ix":3},"r":{"a":0,"k":0,"ix":6},"o":{"a":0,"k":100,"ix":7},"sk":{"a":0,"k":0,"ix":4},"sa":{"a":0,"k":0,"ix":5},"nm":"Transform"}],"nm":"N","np":3,"cix":2,"bm":0,"ix":6,"mn":"ADBE Vector Group","hd":false},{"ty":"gr","it":[{"ind":0,"ty":"sh","ix":1,"ks":{"a":0,"k":{"i":[[0,0],[0,0],[0,0],[0,0],[0,0],[0,0],[0,0],[0,0],[0,0]],"o":[[0,0],[0,0],[0,0],[0,0],[0,0],[0,0],[0,0],[0,0],[0,0]],"v":[[168.593,454.069],[150.456,435.253],[138.893,396.2],[130.359,404.425],[138.93,430.368],[113.201,420.964],[104.515,429.337],[142.996,442.326],[161.191,461.203]],"c":true},"ix":2},"nm":"Y","mn":"ADBE Vector Shape - Group","hd":false},{"ty":"fl","c":{"a":0,"k":[0.062745098039,0.61568627451,0.345098039216,1],"ix":4},"o":{"a":0,"k":100,"ix":5},"r":1,"bm":0,"nm":"Fill 1","mn":"ADBE Vector Graphic - Fill","hd":false},{"ty":"tr","p":{"a":0,"k":[0,0],"ix":2},"a":{"a":0,"k":[0,0],"ix":1},"s":{"a":0,"k":[100,100],"ix":3},"r":{"a":0,"k":0,"ix":6},"o":{"a":0,"k":100,"ix":7},"sk":{"a":0,"k":0,"ix":4},"sa":{"a":0,"k":0,"ix":5},"nm":"Transform"}],"nm":"Y","np":3,"cix":2,"bm":0,"ix":7,"mn":"ADBE Vector Group","hd":false}],"ip":0,"op":1080.0000439893,"st":0,"bm":0},{"ddd":0,"ind":7,"ty":4,"nm":"Shape Layer 3","sr":1,"ks":{"o":{"a":0,"k":100,"ix":11},"r":{"a":0,"k":0,"ix":10},"p":{"a":0,"k":[300,300,0],"ix":2},"a":{"a":0,"k":[0,0,0],"ix":1},"s":{"a":0,"k":[100,100,100],"ix":6}},"ao":0,"shapes":[{"ty":"gr","it":[{"d":1,"ty":"el","s":{"a":0,"k":[321.663,321.663],"ix":2},"p":{"a":0,"k":[0,0],"ix":3},"nm":"Ellipse Path 1","mn":"ADBE Vector Shape - Ellipse","hd":false},{"ty":"st","c":{"a":0,"k":[0.694118006089,0.8,0.1294119891,1],"ix":3},"o":{"a":0,"k":100,"ix":4},"w":{"a":0,"k":0,"ix":5},"lc":1,"lj":1,"ml":4,"bm":0,"nm":"Stroke 1","mn":"ADBE Vector Graphic - Stroke","hd":false},{"ty":"fl","c":{"a":0,"k":[0.062745098039,0.61568627451,0.345098039216,1],"ix":4},"o":{"a":0,"k":100,"ix":5},"r":1,"bm":0,"nm":"Fill 1","mn":"ADBE Vector Graphic - Fill","hd":false},{"ty":"tr","p":{"a":0,"k":[-6.682,0.059],"ix":2},"a":{"a":0,"k":[0,0],"ix":1},"s":{"a":0,"k":[107.882,107.882],"ix":3},"r":{"a":0,"k":0,"ix":6},"o":{"a":0,"k":100,"ix":7},"sk":{"a":0,"k":0,"ix":4},"sa":{"a":0,"k":0,"ix":5},"nm":"Transform"}],"nm":"Ellipse 1","np":3,"cix":2,"bm":0,"ix":1,"mn":"ADBE Vector Group","hd":false}],"ip":0,"op":1080.0000439893,"st":0,"bm":0},{"ddd":0,"ind":8,"ty":4,"nm":"Shape Layer 4","sr":1,"ks":{"o":{"a":0,"k":100,"ix":11},"r":{"a":0,"k":0,"ix":10},"p":{"a":0,"k":[300,300,0],"ix":2},"a":{"a":0,"k":[0,0,0],"ix":1},"s":{"a":0,"k":[145.561,145.561,100],"ix":6}},"ao":0,"shapes":[{"ty":"gr","it":[{"d":1,"ty":"el","s":{"a":0,"k":[321.663,321.663],"ix":2},"p":{"a":0,"k":[0,0],"ix":3},"nm":"Ellipse Path 1","mn":"ADBE Vector Shape - Ellipse","hd":false},{"ty":"st","c":{"a":0,"k":[0.062745098039,0.61568627451,0.345098039216,1],"ix":3},"o":{"a":0,"k":100,"ix":4},"w":{"a":0,"k":5,"ix":5},"lc":1,"lj":1,"ml":4,"bm":0,"nm":"Stroke 1","mn":"ADBE Vector Graphic - Stroke","hd":false},{"ty":"fl","c":{"a":0,"k":[1,1,1,1],"ix":4},"o":{"a":0,"k":100,"ix":5},"r":1,"bm":0,"nm":"Fill 1","mn":"ADBE Vector Graphic - Fill","hd":false},{"ty":"tr","p":{"a":0,"k":[-6.682,0.059],"ix":2},"a":{"a":0,"k":[0,0],"ix":1},"s":{"a":0,"k":[107.882,107.882],"ix":3},"r":{"a":0,"k":0,"ix":6},"o":{"a":0,"k":100,"ix":7},"sk":{"a":0,"k":0,"ix":4},"sa":{"a":0,"k":0,"ix":5},"nm":"Transform"}],"nm":"Ellipse 1","np":3,"cix":2,"bm":0,"ix":1,"mn":"ADBE Vector Group","hd":false}],"ip":0,"op":1080.0000439893,"st":0,"bm":0}],"markers":[]}