{"v":"5.5.1","fr":29.9700012207031,"ip":0,"op":584.000023786808,"w":200,"h":200,"nm":"contador 300","ddd":0,"assets":[{"id":"comp_0","layers":[{"ddd":0,"ind":1,"ty":4,"nm":"Shape Layer 1","sr":1,"ks":{"o":{"a":0,"k":100,"ix":11},"r":{"a":0,"k":0,"ix":10},"p":{"a":0,"k":[100,100,0],"ix":2},"a":{"a":0,"k":[0,0,0],"ix":1},"s":{"a":0,"k":[100,100,100],"ix":6}},"ao":0,"shapes":[{"ty":"gr","it":[{"d":1,"ty":"el","s":{"a":0,"k":[185.172,185.172],"ix":2},"p":{"a":0,"k":[0,0],"ix":3},"nm":"Ellipse Path 1","mn":"ADBE Vector Shape - Ellipse","hd":false},{"ty":"tm","s":{"a":1,"k":[{"i":{"x":[0.667],"y":[1]},"o":{"x":[0.333],"y":[0]},"t":6,"s":[0]},{"t":37.0000015070409,"s":[100]}],"ix":1},"e":{"a":0,"k":0,"ix":2},"o":{"a":0,"k":0,"ix":3},"m":1,"ix":2,"nm":"Trim Paths 1","mn":"ADBE Vector Filter - Trim","hd":false},{"ty":"st","c":{"a":0,"k":[0.062744997062,0.615685975318,0.345097979377,1],"ix":3},"o":{"a":0,"k":100,"ix":4},"w":{"a":0,"k":11,"ix":5},"lc":2,"lj":2,"bm":0,"nm":"Stroke 1","mn":"ADBE Vector Graphic - Stroke","hd":false},{"ty":"tr","p":{"a":0,"k":[-0.109,-0.145],"ix":2},"a":{"a":0,"k":[0,0],"ix":1},"s":{"a":0,"k":[100,100],"ix":3},"r":{"a":0,"k":0,"ix":6},"o":{"a":0,"k":100,"ix":7},"sk":{"a":0,"k":0,"ix":4},"sa":{"a":0,"k":0,"ix":5},"nm":"Transform"}],"nm":"Ellipse 1","np":4,"cix":2,"bm":0,"ix":1,"mn":"ADBE Vector Group","hd":false}],"ip":4.00000016292334,"op":604.000024601424,"st":4.00000016292334,"bm":0},{"ddd":0,"ind":2,"ty":4,"nm":"Shape Layer 2","sr":1,"ks":{"o":{"a":0,"k":100,"ix":11},"r":{"a":0,"k":0,"ix":10},"p":{"a":0,"k":[100,100,0],"ix":2},"a":{"a":0,"k":[0,0,0],"ix":1},"s":{"a":0,"k":[100,100,100],"ix":6}},"ao":0,"shapes":[{"ty":"gr","it":[{"d":1,"ty":"el","s":{"a":0,"k":[185.172,185.172],"ix":2},"p":{"a":0,"k":[0,0],"ix":3},"nm":"Ellipse Path 1","mn":"ADBE Vector Shape - Ellipse","hd":false},{"ty":"tm","s":{"a":1,"k":[{"i":{"x":[0.667],"y":[1]},"o":{"x":[0.333],"y":[0]},"t":2,"s":[0]},{"t":33.0000013441176,"s":[100]}],"ix":1},"e":{"a":0,"k":0,"ix":2},"o":{"a":0,"k":0,"ix":3},"m":1,"ix":2,"nm":"Trim Paths 1","mn":"ADBE Vector Filter - Trim","hd":false},{"ty":"st","c":{"a":0,"k":[1,1,1,1],"ix":3},"o":{"a":0,"k":100,"ix":4},"w":{"a":0,"k":11,"ix":5},"lc":2,"lj":2,"bm":0,"nm":"Stroke 1","mn":"ADBE Vector Graphic - Stroke","hd":false},{"ty":"tr","p":{"a":0,"k":[-0.109,-0.145],"ix":2},"a":{"a":0,"k":[0,0],"ix":1},"s":{"a":0,"k":[100,100],"ix":3},"r":{"a":0,"k":0,"ix":6},"o":{"a":0,"k":100,"ix":7},"sk":{"a":0,"k":0,"ix":4},"sa":{"a":0,"k":0,"ix":5},"nm":"Transform"}],"nm":"Ellipse 1","np":4,"cix":2,"bm":0,"ix":1,"mn":"ADBE Vector Group","hd":false}],"ip":0,"op":600.000024438501,"st":0,"bm":0}]}],"layers":[{"ddd":0,"ind":1,"ty":0,"nm":"circle","refId":"comp_0","sr":1,"ks":{"o":{"a":0,"k":100,"ix":11},"r":{"a":0,"k":0,"ix":10},"p":{"a":0,"k":[100,100,0],"ix":2},"a":{"a":0,"k":[100,100,0],"ix":1},"s":{"a":0,"k":[100,100,100],"ix":6}},"ao":0,"w":200,"h":200,"ip":10.0000004073083,"op":610.000024845809,"st":10.0000004073083,"bm":0},{"ddd":0,"ind":2,"ty":4,"nm":"+300 Outlines","sr":1,"ks":{"o":{"a":1,"k":[{"i":{"x":[0.667],"y":[1]},"o":{"x":[0.333],"y":[0]},"t":16,"s":[0]},{"t":27.0000010997325,"s":[100]}],"ix":11},"r":{"a":0,"k":0,"ix":10},"p":{"a":0,"k":[94,118,0],"ix":2},"a":{"a":0,"k":[0,0,0],"ix":1},"s":{"a":0,"k":[100,100,100],"ix":6}},"ao":0,"shapes":[{"ty":"gr","it":[{"ind":0,"ty":"sh","ix":1,"ks":{"a":0,"k":{"i":[[0,0],[0,0],[0,0],[0,0],[0,0],[0,0],[0,0],[0,0],[0,0],[0,0],[0,0],[0,0]],"o":[[0,0],[0,0],[0,0],[0,0],[0,0],[0,0],[0,0],[0,0],[0,0],[0,0],[0,0],[0,0]],"v":[[-34.594,-20.725],[-48.094,-20.725],[-48.094,-34.119],[-55.055,-34.119],[-55.055,-20.725],[-68.555,-20.725],[-68.555,-13.922],[-55.055,-13.922],[-55.055,-0.527],[-48.094,-0.527],[-48.094,-13.922],[-34.594,-13.922]],"c":true},"ix":2},"nm":"+","mn":"ADBE Vector Shape - Group","hd":false},{"ty":"fl","c":{"a":0,"k":[1,1,1,1],"ix":4},"o":{"a":0,"k":100,"ix":5},"r":1,"bm":0,"nm":"Fill 1","mn":"ADBE Vector Graphic - Fill","hd":false},{"ty":"tr","p":{"a":0,"k":[0,0],"ix":2},"a":{"a":0,"k":[0,0],"ix":1},"s":{"a":0,"k":[100,100],"ix":3},"r":{"a":0,"k":0,"ix":6},"o":{"a":0,"k":100,"ix":7},"sk":{"a":0,"k":0,"ix":4},"sa":{"a":0,"k":0,"ix":5},"nm":"Transform"}],"nm":"+","np":3,"cix":2,"bm":0,"ix":1,"mn":"ADBE Vector Group","hd":false},{"ty":"gr","it":[{"ind":0,"ty":"sh","ix":1,"ks":{"a":0,"k":{"i":[[0.518,1.081],[0.791,0.686],[0.887,0.334],[0.932,0.141],[0,0],[-1.292,1.679],[0,2.233],[0.668,1.275],[1.336,0.826],[1.714,0.405],[2.338,0],[2.294,-0.536],[1.353,-0.58],[0,0],[0,0],[-0.809,0.448],[-0.738,0.281],[-1.002,0.229],[-0.967,0],[-0.844,-0.105],[-0.633,-0.316],[-0.369,-0.501],[0,-0.791],[0.396,-0.597],[0.703,-0.334],[1.002,-0.105],[1.195,0],[0,0],[0,0],[0,0],[-1.178,-0.035],[-0.844,-0.299],[-0.51,-0.624],[0,-1.16],[0.36,-0.641],[0.597,-0.439],[1.116,-0.167],[0.949,0],[1.942,0.668],[1.441,0.914],[0,0],[0,0],[-2.188,-0.51],[-3.059,0],[-1.872,0.589],[-1.389,1.107],[-0.712,1.582],[0,1.916]],"o":[[-0.519,-1.081],[-0.844,-0.756],[-0.888,-0.334],[0,0],[2.109,-0.492],[1.292,-1.678],[0,-1.599],[-0.668,-1.274],[-1.213,-0.773],[-1.714,-0.404],[-2.391,0],[-2.294,0.536],[0,0],[0,0],[0.386,-0.228],[0.808,-0.448],[0.949,-0.351],[1.002,-0.228],[0.597,0],[0.844,0.105],[0.545,0.281],[0.369,0.501],[0,1.02],[-0.396,0.598],[-0.703,0.316],[-1.002,0.105],[0,0],[0,0],[0,0],[0.896,0],[1.177,0.035],[0.844,0.281],[0.51,0.624],[0,1.178],[-0.36,0.642],[-0.756,0.563],[-1.116,0.167],[-1.6,0],[-1.943,-0.668],[0,0],[0,0],[1.371,0.633],[2.188,0.51],[2.689,0],[1.872,-0.589],[1.371,-1.107],[0.712,-1.582],[0,-1.494]],"v":[[1.595,-15.754],[-0.369,-18.404],[-2.966,-20.039],[-5.695,-20.751],[-5.695,-21.12],[-0.593,-24.376],[1.345,-30.243],[0.343,-34.554],[-2.663,-37.705],[-7.053,-39.472],[-13.131,-40.078],[-20.158,-39.274],[-25.629,-37.6],[-25.629,-29.188],[-24.812,-29.188],[-23.019,-30.204],[-20.698,-31.298],[-17.771,-32.168],[-14.818,-32.511],[-12.656,-32.353],[-10.441,-31.72],[-9.07,-30.546],[-8.517,-28.608],[-9.11,-26.183],[-10.758,-24.785],[-13.315,-24.152],[-16.611,-23.994],[-18.167,-23.994],[-18.167,-17.086],[-16.479,-17.086],[-13.368,-17.033],[-10.336,-16.532],[-8.306,-15.174],[-7.541,-12.498],[-8.082,-9.769],[-9.519,-8.147],[-12.327,-7.053],[-15.425,-6.803],[-20.738,-7.805],[-25.813,-10.178],[-26.763,-10.178],[-26.763,-1.661],[-21.423,0.053],[-13.553,0.817],[-6.71,-0.066],[-1.819,-2.61],[1.305,-6.645],[2.373,-11.892]],"c":true},"ix":2},"nm":"3","mn":"ADBE Vector Shape - Group","hd":false},{"ty":"fl","c":{"a":0,"k":[1,1,1,1],"ix":4},"o":{"a":0,"k":100,"ix":5},"r":1,"bm":0,"nm":"Fill 1","mn":"ADBE Vector Graphic - Fill","hd":false},{"ty":"tr","p":{"a":0,"k":[0,0],"ix":2},"a":{"a":0,"k":[0,0],"ix":1},"s":{"a":0,"k":[100,100],"ix":3},"r":{"a":0,"k":0,"ix":6},"o":{"a":0,"k":100,"ix":7},"sk":{"a":0,"k":0,"ix":4},"sa":{"a":0,"k":0,"ix":5},"nm":"Transform"}],"nm":"3","np":3,"cix":2,"bm":0,"ix":2,"mn":"ADBE Vector Group","hd":false},{"ty":"gr","it":[{"ind":0,"ty":"sh","ix":1,"ks":{"a":0,"k":{"i":[[0.536,2.531],[1.195,1.723],[1.889,0.888],[2.83,0],[1.933,-0.852],[1.23,-1.74],[0.536,-2.461],[0,-3.48],[-0.545,-2.522],[-1.196,-1.723],[-1.916,-0.87],[-2.76,0],[-1.916,0.87],[-1.196,1.705],[-0.545,2.549],[0,3.393]],"o":[[-0.536,-2.531],[-1.213,-1.758],[-1.89,-0.887],[-2.672,0],[-1.934,0.853],[-1.248,1.776],[-0.536,2.461],[0,3.375],[0.545,2.523],[1.213,1.74],[1.916,0.87],[2.777,0],[1.916,-0.87],[1.195,-1.705],[0.545,-2.549],[0,-3.287]],"v":[[36.426,-28.371],[33.829,-34.752],[29.175,-38.72],[22.096,-40.052],[15.188,-38.773],[10.441,-34.884],[7.765,-28.529],[6.961,-19.617],[7.778,-10.771],[10.389,-4.403],[15.082,-0.488],[22.096,0.817],[29.136,-0.488],[33.803,-4.351],[36.413,-10.731],[37.23,-19.644]],"c":true},"ix":2},"nm":"0","mn":"ADBE Vector Shape - Group","hd":false},{"ind":1,"ty":"sh","ix":2,"ks":{"a":0,"k":{"i":[[0.808,-1.995],[1.881,0],[0.808,1.995],[0,4.782],[-0.809,1.96],[-1.881,0],[-0.8,-1.96],[0,-4.852]],"o":[[-0.809,1.995],[-1.881,0],[-0.809,-1.995],[0,-4.887],[0.808,-1.96],[1.898,0],[0.8,1.96],[0,4.817]],"v":[[26.13,-9.426],[22.096,-6.434],[18.062,-9.426],[16.849,-19.591],[18.062,-29.861],[22.096,-32.801],[26.143,-29.861],[27.343,-19.644]],"c":true},"ix":2},"nm":"0","mn":"ADBE Vector Shape - Group","hd":false},{"ty":"mm","mm":1,"nm":"Merge Paths 1","mn":"ADBE Vector Filter - Merge","hd":false},{"ty":"fl","c":{"a":0,"k":[1,1,1,1],"ix":4},"o":{"a":0,"k":100,"ix":5},"r":1,"bm":0,"nm":"Fill 1","mn":"ADBE Vector Graphic - Fill","hd":false},{"ty":"tr","p":{"a":0,"k":[0,0],"ix":2},"a":{"a":0,"k":[0,0],"ix":1},"s":{"a":0,"k":[100,100],"ix":3},"r":{"a":0,"k":0,"ix":6},"o":{"a":0,"k":100,"ix":7},"sk":{"a":0,"k":0,"ix":4},"sa":{"a":0,"k":0,"ix":5},"nm":"Transform"}],"nm":"0","np":5,"cix":2,"bm":0,"ix":3,"mn":"ADBE Vector Group","hd":false},{"ty":"gr","it":[{"ind":0,"ty":"sh","ix":1,"ks":{"a":0,"k":{"i":[[0.536,2.531],[1.195,1.723],[1.889,0.888],[2.83,0],[1.933,-0.852],[1.23,-1.74],[0.536,-2.461],[0,-3.48],[-0.545,-2.522],[-1.196,-1.723],[-1.916,-0.87],[-2.76,0],[-1.916,0.87],[-1.196,1.705],[-0.545,2.549],[0,3.393]],"o":[[-0.536,-2.531],[-1.213,-1.758],[-1.89,-0.887],[-2.672,0],[-1.934,0.853],[-1.248,1.776],[-0.536,2.461],[0,3.375],[0.545,2.523],[1.213,1.74],[1.916,0.87],[2.777,0],[1.916,-0.87],[1.195,-1.705],[0.545,-2.549],[0,-3.287]],"v":[[70.809,-28.371],[68.212,-34.752],[63.558,-38.72],[56.479,-40.052],[49.57,-38.773],[44.824,-34.884],[42.148,-28.529],[41.344,-19.617],[42.161,-10.771],[44.771,-4.403],[49.465,-0.488],[56.479,0.817],[63.519,-0.488],[68.186,-4.351],[70.796,-10.731],[71.613,-19.644]],"c":true},"ix":2},"nm":"0","mn":"ADBE Vector Shape - Group","hd":false},{"ind":1,"ty":"sh","ix":2,"ks":{"a":0,"k":{"i":[[0.808,-1.995],[1.881,0],[0.808,1.995],[0,4.782],[-0.809,1.96],[-1.881,0],[-0.8,-1.96],[0,-4.852]],"o":[[-0.809,1.995],[-1.881,0],[-0.809,-1.995],[0,-4.887],[0.808,-1.96],[1.898,0],[0.8,1.96],[0,4.817]],"v":[[60.513,-9.426],[56.479,-6.434],[52.444,-9.426],[51.231,-19.591],[52.444,-29.861],[56.479,-32.801],[60.526,-29.861],[61.726,-19.644]],"c":true},"ix":2},"nm":"0","mn":"ADBE Vector Shape - Group","hd":false},{"ty":"mm","mm":1,"nm":"Merge Paths 1","mn":"ADBE Vector Filter - Merge","hd":false},{"ty":"fl","c":{"a":0,"k":[1,1,1,1],"ix":4},"o":{"a":0,"k":100,"ix":5},"r":1,"bm":0,"nm":"Fill 1","mn":"ADBE Vector Graphic - Fill","hd":false},{"ty":"tr","p":{"a":0,"k":[0,0],"ix":2},"a":{"a":0,"k":[0,0],"ix":1},"s":{"a":0,"k":[100,100],"ix":3},"r":{"a":0,"k":0,"ix":6},"o":{"a":0,"k":100,"ix":7},"sk":{"a":0,"k":0,"ix":4},"sa":{"a":0,"k":0,"ix":5},"nm":"Transform"}],"nm":"0","np":5,"cix":2,"bm":0,"ix":4,"mn":"ADBE Vector Group","hd":false}],"ip":17.0000006924242,"op":611.00002488654,"st":23.0000009368092,"bm":0}],"markers":[]}