{"v":"5.5.1","fr":29.9700012207031,"ip":0,"op":589.000023990462,"w":200,"h":200,"nm":"contador 34","ddd":0,"assets":[{"id":"comp_0","layers":[{"ddd":0,"ind":1,"ty":4,"nm":"Shape Layer 1","sr":1,"ks":{"o":{"a":0,"k":100,"ix":11},"r":{"a":0,"k":0,"ix":10},"p":{"a":0,"k":[100,100,0],"ix":2},"a":{"a":0,"k":[0,0,0],"ix":1},"s":{"a":0,"k":[100,100,100],"ix":6}},"ao":0,"shapes":[{"ty":"gr","it":[{"d":1,"ty":"el","s":{"a":0,"k":[185.172,185.172],"ix":2},"p":{"a":0,"k":[0,0],"ix":3},"nm":"Ellipse Path 1","mn":"ADBE Vector Shape - Ellipse","hd":false},{"ty":"tm","s":{"a":1,"k":[{"i":{"x":[0.667],"y":[1]},"o":{"x":[0.333],"y":[0]},"t":6,"s":[0]},{"t":37.0000015070409,"s":[100]}],"ix":1},"e":{"a":0,"k":0,"ix":2},"o":{"a":0,"k":0,"ix":3},"m":1,"ix":2,"nm":"Trim Paths 1","mn":"ADBE Vector Filter - Trim","hd":false},{"ty":"st","c":{"a":0,"k":[0.062744997062,0.615685975318,0.345097979377,1],"ix":3},"o":{"a":0,"k":100,"ix":4},"w":{"a":0,"k":11,"ix":5},"lc":2,"lj":2,"bm":0,"nm":"Stroke 1","mn":"ADBE Vector Graphic - Stroke","hd":false},{"ty":"tr","p":{"a":0,"k":[-0.109,-0.145],"ix":2},"a":{"a":0,"k":[0,0],"ix":1},"s":{"a":0,"k":[100,100],"ix":3},"r":{"a":0,"k":0,"ix":6},"o":{"a":0,"k":100,"ix":7},"sk":{"a":0,"k":0,"ix":4},"sa":{"a":0,"k":0,"ix":5},"nm":"Transform"}],"nm":"Ellipse 1","np":4,"cix":2,"bm":0,"ix":1,"mn":"ADBE Vector Group","hd":false}],"ip":4.00000016292334,"op":604.000024601424,"st":4.00000016292334,"bm":0},{"ddd":0,"ind":2,"ty":4,"nm":"Shape Layer 2","sr":1,"ks":{"o":{"a":0,"k":100,"ix":11},"r":{"a":0,"k":0,"ix":10},"p":{"a":0,"k":[100,100,0],"ix":2},"a":{"a":0,"k":[0,0,0],"ix":1},"s":{"a":0,"k":[100,100,100],"ix":6}},"ao":0,"shapes":[{"ty":"gr","it":[{"d":1,"ty":"el","s":{"a":0,"k":[185.172,185.172],"ix":2},"p":{"a":0,"k":[0,0],"ix":3},"nm":"Ellipse Path 1","mn":"ADBE Vector Shape - Ellipse","hd":false},{"ty":"tm","s":{"a":1,"k":[{"i":{"x":[0.667],"y":[1]},"o":{"x":[0.333],"y":[0]},"t":2,"s":[0]},{"t":33.0000013441176,"s":[100]}],"ix":1},"e":{"a":0,"k":0,"ix":2},"o":{"a":0,"k":0,"ix":3},"m":1,"ix":2,"nm":"Trim Paths 1","mn":"ADBE Vector Filter - Trim","hd":false},{"ty":"st","c":{"a":0,"k":[1,1,1,1],"ix":3},"o":{"a":0,"k":100,"ix":4},"w":{"a":0,"k":11,"ix":5},"lc":2,"lj":2,"bm":0,"nm":"Stroke 1","mn":"ADBE Vector Graphic - Stroke","hd":false},{"ty":"tr","p":{"a":0,"k":[-0.109,-0.145],"ix":2},"a":{"a":0,"k":[0,0],"ix":1},"s":{"a":0,"k":[100,100],"ix":3},"r":{"a":0,"k":0,"ix":6},"o":{"a":0,"k":100,"ix":7},"sk":{"a":0,"k":0,"ix":4},"sa":{"a":0,"k":0,"ix":5},"nm":"Transform"}],"nm":"Ellipse 1","np":4,"cix":2,"bm":0,"ix":1,"mn":"ADBE Vector Group","hd":false}],"ip":0,"op":600.000024438501,"st":0,"bm":0}]}],"layers":[{"ddd":0,"ind":1,"ty":0,"nm":"circle","refId":"comp_0","sr":1,"ks":{"o":{"a":0,"k":100,"ix":11},"r":{"a":0,"k":0,"ix":10},"p":{"a":0,"k":[100,100,0],"ix":2},"a":{"a":0,"k":[100,100,0],"ix":1},"s":{"a":0,"k":[100,100,100],"ix":6}},"ao":0,"w":200,"h":200,"ip":12.00000048877,"op":612.000024927271,"st":12.00000048877,"bm":0},{"ddd":0,"ind":2,"ty":4,"nm":"+34 Outlines","sr":1,"ks":{"o":{"a":1,"k":[{"i":{"x":[0.667],"y":[1]},"o":{"x":[0.333],"y":[0]},"t":19,"s":[0]},{"t":30.0000012219251,"s":[100]}],"ix":11},"r":{"a":0,"k":0,"ix":10},"p":{"a":0,"k":[94,118,0],"ix":2},"a":{"a":0,"k":[0,0,0],"ix":1},"s":{"a":0,"k":[100,100,100],"ix":6}},"ao":0,"shapes":[{"ty":"gr","it":[{"ind":0,"ty":"sh","ix":1,"ks":{"a":0,"k":{"i":[[0,0],[0,0],[0,0],[0,0],[0,0],[0,0],[0,0],[0,0],[0,0],[0,0],[0,0],[0,0]],"o":[[0,0],[0,0],[0,0],[0,0],[0,0],[0,0],[0,0],[0,0],[0,0],[0,0],[0,0],[0,0]],"v":[[-17.402,-20.725],[-30.902,-20.725],[-30.902,-34.119],[-37.863,-34.119],[-37.863,-20.725],[-51.363,-20.725],[-51.363,-13.922],[-37.863,-13.922],[-37.863,-0.527],[-30.902,-0.527],[-30.902,-13.922],[-17.402,-13.922]],"c":true},"ix":2},"nm":"+","mn":"ADBE Vector Shape - Group","hd":false},{"ty":"fl","c":{"a":0,"k":[1,1,1,1],"ix":4},"o":{"a":0,"k":100,"ix":5},"r":1,"bm":0,"nm":"Fill 1","mn":"ADBE Vector Graphic - Fill","hd":false},{"ty":"tr","p":{"a":0,"k":[0,0],"ix":2},"a":{"a":0,"k":[0,0],"ix":1},"s":{"a":0,"k":[100,100],"ix":3},"r":{"a":0,"k":0,"ix":6},"o":{"a":0,"k":100,"ix":7},"sk":{"a":0,"k":0,"ix":4},"sa":{"a":0,"k":0,"ix":5},"nm":"Transform"}],"nm":"+","np":3,"cix":2,"bm":0,"ix":1,"mn":"ADBE Vector Group","hd":false},{"ty":"gr","it":[{"ind":0,"ty":"sh","ix":1,"ks":{"a":0,"k":{"i":[[0.518,1.081],[0.791,0.686],[0.887,0.334],[0.932,0.141],[0,0],[-1.292,1.679],[0,2.233],[0.668,1.275],[1.336,0.826],[1.714,0.405],[2.338,0],[2.294,-0.536],[1.353,-0.58],[0,0],[0,0],[-0.809,0.448],[-0.738,0.281],[-1.002,0.229],[-0.967,0],[-0.844,-0.105],[-0.633,-0.316],[-0.369,-0.501],[0,-0.791],[0.396,-0.597],[0.703,-0.334],[1.002,-0.105],[1.195,0],[0,0],[0,0],[0,0],[-1.178,-0.035],[-0.844,-0.299],[-0.51,-0.624],[0,-1.16],[0.36,-0.641],[0.597,-0.439],[1.116,-0.167],[0.949,0],[1.942,0.668],[1.441,0.914],[0,0],[0,0],[-2.188,-0.51],[-3.059,0],[-1.872,0.589],[-1.389,1.107],[-0.712,1.582],[0,1.916]],"o":[[-0.519,-1.081],[-0.844,-0.756],[-0.888,-0.334],[0,0],[2.109,-0.492],[1.292,-1.678],[0,-1.599],[-0.668,-1.274],[-1.213,-0.773],[-1.714,-0.404],[-2.391,0],[-2.294,0.536],[0,0],[0,0],[0.386,-0.228],[0.808,-0.448],[0.949,-0.351],[1.002,-0.228],[0.597,0],[0.844,0.105],[0.545,0.281],[0.369,0.501],[0,1.02],[-0.396,0.598],[-0.703,0.316],[-1.002,0.105],[0,0],[0,0],[0,0],[0.896,0],[1.177,0.035],[0.844,0.281],[0.51,0.624],[0,1.178],[-0.36,0.642],[-0.756,0.563],[-1.116,0.167],[-1.6,0],[-1.943,-0.668],[0,0],[0,0],[1.371,0.633],[2.188,0.51],[2.689,0],[1.872,-0.589],[1.371,-1.107],[0.712,-1.582],[0,-1.494]],"v":[[18.787,-15.754],[16.822,-18.404],[14.225,-20.039],[11.496,-20.751],[11.496,-21.12],[16.598,-24.376],[18.536,-30.243],[17.534,-34.554],[14.528,-37.705],[10.138,-39.472],[4.061,-40.078],[-2.966,-39.274],[-8.438,-37.6],[-8.438,-29.188],[-7.62,-29.188],[-5.827,-30.204],[-3.507,-31.298],[-0.58,-32.168],[2.373,-32.511],[4.535,-32.353],[6.75,-31.72],[8.121,-30.546],[8.675,-28.608],[8.082,-26.183],[6.434,-24.785],[3.876,-24.152],[0.58,-23.994],[-0.976,-23.994],[-0.976,-17.086],[0.712,-17.086],[3.823,-17.033],[6.855,-16.532],[8.886,-15.174],[9.65,-12.498],[9.11,-9.769],[7.673,-8.147],[4.865,-7.053],[1.767,-6.803],[-3.546,-7.805],[-8.622,-10.178],[-9.571,-10.178],[-9.571,-1.661],[-4.232,0.053],[3.639,0.817],[10.481,-0.066],[15.372,-2.61],[18.497,-6.645],[19.564,-11.892]],"c":true},"ix":2},"nm":"3","mn":"ADBE Vector Shape - Group","hd":false},{"ty":"fl","c":{"a":0,"k":[1,1,1,1],"ix":4},"o":{"a":0,"k":100,"ix":5},"r":1,"bm":0,"nm":"Fill 1","mn":"ADBE Vector Graphic - Fill","hd":false},{"ty":"tr","p":{"a":0,"k":[0,0],"ix":2},"a":{"a":0,"k":[0,0],"ix":1},"s":{"a":0,"k":[100,100],"ix":3},"r":{"a":0,"k":0,"ix":6},"o":{"a":0,"k":100,"ix":7},"sk":{"a":0,"k":0,"ix":4},"sa":{"a":0,"k":0,"ix":5},"nm":"Transform"}],"nm":"3","np":3,"cix":2,"bm":0,"ix":2,"mn":"ADBE Vector Group","hd":false},{"ty":"gr","it":[{"ind":0,"ty":"sh","ix":1,"ks":{"a":0,"k":{"i":[[0,0],[0,0],[0,0],[0,0],[0,0],[0,0],[0,0],[0,0],[0,0],[0,0],[0,0]],"o":[[0,0],[0,0],[0,0],[0,0],[0,0],[0,0],[0,0],[0,0],[0,0],[0,0],[0,0]],"v":[[55.371,-16.216],[50.071,-16.216],[50.071,-39.261],[40.236,-39.261],[23.282,-16.479],[23.282,-9.149],[40.553,-9.149],[40.553,0.105],[50.071,0.105],[50.071,-9.149],[55.371,-9.149]],"c":true},"ix":2},"nm":"4","mn":"ADBE Vector Shape - Group","hd":false},{"ind":1,"ty":"sh","ix":2,"ks":{"a":0,"k":{"i":[[0,0],[0,0],[0,0]],"o":[[0,0],[0,0],[0,0]],"v":[[30.612,-16.216],[40.553,-29.584],[40.553,-16.216]],"c":true},"ix":2},"nm":"4","mn":"ADBE Vector Shape - Group","hd":false},{"ty":"mm","mm":1,"nm":"Merge Paths 1","mn":"ADBE Vector Filter - Merge","hd":false},{"ty":"fl","c":{"a":0,"k":[1,1,1,1],"ix":4},"o":{"a":0,"k":100,"ix":5},"r":1,"bm":0,"nm":"Fill 1","mn":"ADBE Vector Graphic - Fill","hd":false},{"ty":"tr","p":{"a":0,"k":[0,0],"ix":2},"a":{"a":0,"k":[0,0],"ix":1},"s":{"a":0,"k":[100,100],"ix":3},"r":{"a":0,"k":0,"ix":6},"o":{"a":0,"k":100,"ix":7},"sk":{"a":0,"k":0,"ix":4},"sa":{"a":0,"k":0,"ix":5},"nm":"Transform"}],"nm":"4","np":5,"cix":2,"bm":0,"ix":3,"mn":"ADBE Vector Group","hd":false}],"ip":19.0000007738859,"op":601.000024479232,"st":25.0000010182709,"bm":0}],"markers":[]}