{"v":"5.5.1","fr":29.9700012207031,"ip":0,"op":582.000023705346,"w":200,"h":200,"nm":"contador 400","ddd":0,"assets":[{"id":"comp_0","layers":[{"ddd":0,"ind":1,"ty":4,"nm":"Shape Layer 1","sr":1,"ks":{"o":{"a":0,"k":100,"ix":11},"r":{"a":0,"k":0,"ix":10},"p":{"a":0,"k":[100,100,0],"ix":2},"a":{"a":0,"k":[0,0,0],"ix":1},"s":{"a":0,"k":[100,100,100],"ix":6}},"ao":0,"shapes":[{"ty":"gr","it":[{"d":1,"ty":"el","s":{"a":0,"k":[185.172,185.172],"ix":2},"p":{"a":0,"k":[0,0],"ix":3},"nm":"Ellipse Path 1","mn":"ADBE Vector Shape - Ellipse","hd":false},{"ty":"tm","s":{"a":1,"k":[{"i":{"x":[0.667],"y":[1]},"o":{"x":[0.333],"y":[0]},"t":6,"s":[0]},{"t":37.0000015070409,"s":[100]}],"ix":1},"e":{"a":0,"k":0,"ix":2},"o":{"a":0,"k":0,"ix":3},"m":1,"ix":2,"nm":"Trim Paths 1","mn":"ADBE Vector Filter - Trim","hd":false},{"ty":"st","c":{"a":0,"k":[0.062744997062,0.615685975318,0.345097979377,1],"ix":3},"o":{"a":0,"k":100,"ix":4},"w":{"a":0,"k":11,"ix":5},"lc":2,"lj":2,"bm":0,"nm":"Stroke 1","mn":"ADBE Vector Graphic - Stroke","hd":false},{"ty":"tr","p":{"a":0,"k":[-0.109,-0.145],"ix":2},"a":{"a":0,"k":[0,0],"ix":1},"s":{"a":0,"k":[100,100],"ix":3},"r":{"a":0,"k":0,"ix":6},"o":{"a":0,"k":100,"ix":7},"sk":{"a":0,"k":0,"ix":4},"sa":{"a":0,"k":0,"ix":5},"nm":"Transform"}],"nm":"Ellipse 1","np":4,"cix":2,"bm":0,"ix":1,"mn":"ADBE Vector Group","hd":false}],"ip":4.00000016292334,"op":604.000024601424,"st":4.00000016292334,"bm":0},{"ddd":0,"ind":2,"ty":4,"nm":"Shape Layer 2","sr":1,"ks":{"o":{"a":0,"k":100,"ix":11},"r":{"a":0,"k":0,"ix":10},"p":{"a":0,"k":[100,100,0],"ix":2},"a":{"a":0,"k":[0,0,0],"ix":1},"s":{"a":0,"k":[100,100,100],"ix":6}},"ao":0,"shapes":[{"ty":"gr","it":[{"d":1,"ty":"el","s":{"a":0,"k":[185.172,185.172],"ix":2},"p":{"a":0,"k":[0,0],"ix":3},"nm":"Ellipse Path 1","mn":"ADBE Vector Shape - Ellipse","hd":false},{"ty":"tm","s":{"a":1,"k":[{"i":{"x":[0.667],"y":[1]},"o":{"x":[0.333],"y":[0]},"t":2,"s":[0]},{"t":33.0000013441176,"s":[100]}],"ix":1},"e":{"a":0,"k":0,"ix":2},"o":{"a":0,"k":0,"ix":3},"m":1,"ix":2,"nm":"Trim Paths 1","mn":"ADBE Vector Filter - Trim","hd":false},{"ty":"st","c":{"a":0,"k":[1,1,1,1],"ix":3},"o":{"a":0,"k":100,"ix":4},"w":{"a":0,"k":11,"ix":5},"lc":2,"lj":2,"bm":0,"nm":"Stroke 1","mn":"ADBE Vector Graphic - Stroke","hd":false},{"ty":"tr","p":{"a":0,"k":[-0.109,-0.145],"ix":2},"a":{"a":0,"k":[0,0],"ix":1},"s":{"a":0,"k":[100,100],"ix":3},"r":{"a":0,"k":0,"ix":6},"o":{"a":0,"k":100,"ix":7},"sk":{"a":0,"k":0,"ix":4},"sa":{"a":0,"k":0,"ix":5},"nm":"Transform"}],"nm":"Ellipse 1","np":4,"cix":2,"bm":0,"ix":1,"mn":"ADBE Vector Group","hd":false}],"ip":0,"op":600.000024438501,"st":0,"bm":0}]}],"layers":[{"ddd":0,"ind":1,"ty":0,"nm":"circle","refId":"comp_0","sr":1,"ks":{"o":{"a":0,"k":100,"ix":11},"r":{"a":0,"k":0,"ix":10},"p":{"a":0,"k":[100,100,0],"ix":2},"a":{"a":0,"k":[100,100,0],"ix":1},"s":{"a":0,"k":[100,100,100],"ix":6}},"ao":0,"w":200,"h":200,"ip":6.00000024438501,"op":606.000024682886,"st":6.00000024438501,"bm":0},{"ddd":0,"ind":2,"ty":4,"nm":"+400 Outlines","sr":1,"ks":{"o":{"a":1,"k":[{"i":{"x":[0.667],"y":[1]},"o":{"x":[0.333],"y":[0]},"t":13,"s":[0]},{"t":24.00000097754,"s":[100]}],"ix":11},"r":{"a":0,"k":0,"ix":10},"p":{"a":0,"k":[94,118,0],"ix":2},"a":{"a":0,"k":[0,0,0],"ix":1},"s":{"a":0,"k":[100,100,100],"ix":6}},"ao":0,"shapes":[{"ty":"gr","it":[{"ind":0,"ty":"sh","ix":1,"ks":{"a":0,"k":{"i":[[0,0],[0,0],[0,0],[0,0],[0,0],[0,0],[0,0],[0,0],[0,0],[0,0],[0,0],[0,0]],"o":[[0,0],[0,0],[0,0],[0,0],[0,0],[0,0],[0,0],[0,0],[0,0],[0,0],[0,0],[0,0]],"v":[[-34.594,-20.725],[-48.094,-20.725],[-48.094,-34.119],[-55.055,-34.119],[-55.055,-20.725],[-68.555,-20.725],[-68.555,-13.922],[-55.055,-13.922],[-55.055,-0.527],[-48.094,-0.527],[-48.094,-13.922],[-34.594,-13.922]],"c":true},"ix":2},"nm":"+","mn":"ADBE Vector Shape - Group","hd":false},{"ty":"fl","c":{"a":0,"k":[1,1,1,1],"ix":4},"o":{"a":0,"k":100,"ix":5},"r":1,"bm":0,"nm":"Fill 1","mn":"ADBE Vector Graphic - Fill","hd":false},{"ty":"tr","p":{"a":0,"k":[0,0],"ix":2},"a":{"a":0,"k":[0,0],"ix":1},"s":{"a":0,"k":[100,100],"ix":3},"r":{"a":0,"k":0,"ix":6},"o":{"a":0,"k":100,"ix":7},"sk":{"a":0,"k":0,"ix":4},"sa":{"a":0,"k":0,"ix":5},"nm":"Transform"}],"nm":"+","np":3,"cix":2,"bm":0,"ix":1,"mn":"ADBE Vector Group","hd":false},{"ty":"gr","it":[{"ind":0,"ty":"sh","ix":1,"ks":{"a":0,"k":{"i":[[0,0],[0,0],[0,0],[0,0],[0,0],[0,0],[0,0],[0,0],[0,0],[0,0],[0,0]],"o":[[0,0],[0,0],[0,0],[0,0],[0,0],[0,0],[0,0],[0,0],[0,0],[0,0],[0,0]],"v":[[3.797,-16.216],[-1.503,-16.216],[-1.503,-39.261],[-11.338,-39.261],[-28.292,-16.479],[-28.292,-9.149],[-11.021,-9.149],[-11.021,0.105],[-1.503,0.105],[-1.503,-9.149],[3.797,-9.149]],"c":true},"ix":2},"nm":"4","mn":"ADBE Vector Shape - Group","hd":false},{"ind":1,"ty":"sh","ix":2,"ks":{"a":0,"k":{"i":[[0,0],[0,0],[0,0]],"o":[[0,0],[0,0],[0,0]],"v":[[-20.962,-16.216],[-11.021,-29.584],[-11.021,-16.216]],"c":true},"ix":2},"nm":"4","mn":"ADBE Vector Shape - Group","hd":false},{"ty":"mm","mm":1,"nm":"Merge Paths 1","mn":"ADBE Vector Filter - Merge","hd":false},{"ty":"fl","c":{"a":0,"k":[1,1,1,1],"ix":4},"o":{"a":0,"k":100,"ix":5},"r":1,"bm":0,"nm":"Fill 1","mn":"ADBE Vector Graphic - Fill","hd":false},{"ty":"tr","p":{"a":0,"k":[0,0],"ix":2},"a":{"a":0,"k":[0,0],"ix":1},"s":{"a":0,"k":[100,100],"ix":3},"r":{"a":0,"k":0,"ix":6},"o":{"a":0,"k":100,"ix":7},"sk":{"a":0,"k":0,"ix":4},"sa":{"a":0,"k":0,"ix":5},"nm":"Transform"}],"nm":"4","np":5,"cix":2,"bm":0,"ix":2,"mn":"ADBE Vector Group","hd":false},{"ty":"gr","it":[{"ind":0,"ty":"sh","ix":1,"ks":{"a":0,"k":{"i":[[0.536,2.531],[1.195,1.723],[1.889,0.888],[2.83,0],[1.933,-0.852],[1.23,-1.74],[0.536,-2.461],[0,-3.48],[-0.545,-2.522],[-1.196,-1.723],[-1.916,-0.87],[-2.76,0],[-1.916,0.87],[-1.196,1.705],[-0.545,2.549],[0,3.393]],"o":[[-0.536,-2.531],[-1.213,-1.758],[-1.89,-0.887],[-2.672,0],[-1.934,0.853],[-1.248,1.776],[-0.536,2.461],[0,3.375],[0.545,2.523],[1.213,1.74],[1.916,0.87],[2.777,0],[1.916,-0.87],[1.195,-1.705],[0.545,-2.549],[0,-3.287]],"v":[[36.426,-28.371],[33.829,-34.752],[29.175,-38.72],[22.096,-40.052],[15.188,-38.773],[10.441,-34.884],[7.765,-28.529],[6.961,-19.617],[7.778,-10.771],[10.389,-4.403],[15.082,-0.488],[22.096,0.817],[29.136,-0.488],[33.803,-4.351],[36.413,-10.731],[37.23,-19.644]],"c":true},"ix":2},"nm":"0","mn":"ADBE Vector Shape - Group","hd":false},{"ind":1,"ty":"sh","ix":2,"ks":{"a":0,"k":{"i":[[0.808,-1.995],[1.881,0],[0.808,1.995],[0,4.782],[-0.809,1.96],[-1.881,0],[-0.8,-1.96],[0,-4.852]],"o":[[-0.809,1.995],[-1.881,0],[-0.809,-1.995],[0,-4.887],[0.808,-1.96],[1.898,0],[0.8,1.96],[0,4.817]],"v":[[26.13,-9.426],[22.096,-6.434],[18.062,-9.426],[16.849,-19.591],[18.062,-29.861],[22.096,-32.801],[26.143,-29.861],[27.343,-19.644]],"c":true},"ix":2},"nm":"0","mn":"ADBE Vector Shape - Group","hd":false},{"ty":"mm","mm":1,"nm":"Merge Paths 1","mn":"ADBE Vector Filter - Merge","hd":false},{"ty":"fl","c":{"a":0,"k":[1,1,1,1],"ix":4},"o":{"a":0,"k":100,"ix":5},"r":1,"bm":0,"nm":"Fill 1","mn":"ADBE Vector Graphic - Fill","hd":false},{"ty":"tr","p":{"a":0,"k":[0,0],"ix":2},"a":{"a":0,"k":[0,0],"ix":1},"s":{"a":0,"k":[100,100],"ix":3},"r":{"a":0,"k":0,"ix":6},"o":{"a":0,"k":100,"ix":7},"sk":{"a":0,"k":0,"ix":4},"sa":{"a":0,"k":0,"ix":5},"nm":"Transform"}],"nm":"0","np":5,"cix":2,"bm":0,"ix":3,"mn":"ADBE Vector Group","hd":false},{"ty":"gr","it":[{"ind":0,"ty":"sh","ix":1,"ks":{"a":0,"k":{"i":[[0.536,2.531],[1.195,1.723],[1.889,0.888],[2.83,0],[1.933,-0.852],[1.23,-1.74],[0.536,-2.461],[0,-3.48],[-0.545,-2.522],[-1.196,-1.723],[-1.916,-0.87],[-2.76,0],[-1.916,0.87],[-1.196,1.705],[-0.545,2.549],[0,3.393]],"o":[[-0.536,-2.531],[-1.213,-1.758],[-1.89,-0.887],[-2.672,0],[-1.934,0.853],[-1.248,1.776],[-0.536,2.461],[0,3.375],[0.545,2.523],[1.213,1.74],[1.916,0.87],[2.777,0],[1.916,-0.87],[1.195,-1.705],[0.545,-2.549],[0,-3.287]],"v":[[70.809,-28.371],[68.212,-34.752],[63.558,-38.72],[56.479,-40.052],[49.57,-38.773],[44.824,-34.884],[42.148,-28.529],[41.344,-19.617],[42.161,-10.771],[44.771,-4.403],[49.465,-0.488],[56.479,0.817],[63.519,-0.488],[68.186,-4.351],[70.796,-10.731],[71.613,-19.644]],"c":true},"ix":2},"nm":"0","mn":"ADBE Vector Shape - Group","hd":false},{"ind":1,"ty":"sh","ix":2,"ks":{"a":0,"k":{"i":[[0.808,-1.995],[1.881,0],[0.808,1.995],[0,4.782],[-0.809,1.96],[-1.881,0],[-0.8,-1.96],[0,-4.852]],"o":[[-0.809,1.995],[-1.881,0],[-0.809,-1.995],[0,-4.887],[0.808,-1.96],[1.898,0],[0.8,1.96],[0,4.817]],"v":[[60.513,-9.426],[56.479,-6.434],[52.444,-9.426],[51.231,-19.591],[52.444,-29.861],[56.479,-32.801],[60.526,-29.861],[61.726,-19.644]],"c":true},"ix":2},"nm":"0","mn":"ADBE Vector Shape - Group","hd":false},{"ty":"mm","mm":1,"nm":"Merge Paths 1","mn":"ADBE Vector Filter - Merge","hd":false},{"ty":"fl","c":{"a":0,"k":[1,1,1,1],"ix":4},"o":{"a":0,"k":100,"ix":5},"r":1,"bm":0,"nm":"Fill 1","mn":"ADBE Vector Graphic - Fill","hd":false},{"ty":"tr","p":{"a":0,"k":[0,0],"ix":2},"a":{"a":0,"k":[0,0],"ix":1},"s":{"a":0,"k":[100,100],"ix":3},"r":{"a":0,"k":0,"ix":6},"o":{"a":0,"k":100,"ix":7},"sk":{"a":0,"k":0,"ix":4},"sa":{"a":0,"k":0,"ix":5},"nm":"Transform"}],"nm":"0","np":5,"cix":2,"bm":0,"ix":4,"mn":"ADBE Vector Group","hd":false}],"ip":13.0000005295009,"op":605.000024642155,"st":19.0000007738859,"bm":0}],"markers":[]}