{"v":"5.5.1","fr":29.9700012207031,"ip":0,"op":298.000012137789,"w":3000,"h":600,"nm":"logo-start","ddd":0,"assets":[],"layers":[{"ddd":0,"ind":1,"ty":4,"nm":"logo_Tecnosoftware_AI81 Outlines 2","sr":1,"ks":{"o":{"a":0,"k":100,"ix":11},"r":{"a":0,"k":0,"ix":10},"p":{"a":0,"k":[1500,300,0],"ix":2},"a":{"a":0,"k":[595.5,421,0],"ix":1},"s":{"a":0,"k":[313.591,313.591,100],"ix":6}},"ao":0,"shapes":[{"ty":"gr","it":[{"ty":"gr","it":[{"ind":0,"ty":"sh","ix":1,"ks":{"a":0,"k":{"i":[[0,0],[0,0],[0,0],[0,0],[4.372,-0.964],[1.694,-0.775],[0,0]],"o":[[0,0],[0,0],[0,0],[-5.093,-0.926],[-1.908,0.424],[0,0],[0,0]],"v":[[-66.076,4.013],[66.076,-8.722],[66.076,-4.347],[7.576,1.45],[-6.931,1.608],[-12.352,3.415],[-66.076,8.722]],"c":true},"ix":2},"nm":"Path 1","mn":"ADBE Vector Shape - Group","hd":false},{"ty":"fl","c":{"a":0,"k":[1,0.664154410362,0.413878679276,1],"ix":4},"o":{"a":0,"k":100,"ix":5},"r":1,"bm":0,"nm":"Fill 1","mn":"ADBE Vector Graphic - Fill","hd":false},{"ty":"tr","p":{"a":0,"k":[202.115,360.429],"ix":2},"a":{"a":0,"k":[0,0],"ix":1},"s":{"a":0,"k":[100,100],"ix":3},"r":{"a":0,"k":0,"ix":6},"o":{"a":1,"k":[{"i":{"x":[0.667],"y":[1]},"o":{"x":[0.333],"y":[0]},"t":-77,"s":[0]},{"t":-73.000002973351,"s":[100]}],"ix":7},"sk":{"a":0,"k":0,"ix":4},"sa":{"a":0,"k":0,"ix":5},"nm":"Transform"}],"nm":"Group 16","np":2,"cix":2,"bm":0,"ix":1,"mn":"ADBE Vector Group","hd":false},{"ty":"gr","it":[{"ind":0,"ty":"sh","ix":1,"ks":{"a":0,"k":{"i":[[2.112,1.049],[0,0],[0,0],[0,0]],"o":[[0,0],[0,0],[0,0],[-1.866,-1.543]],"v":[[18.104,-4.098],[66.076,-8.718],[66.076,-4.372],[24.133,-0.186]],"c":true},"ix":2},"nm":"Path 1","mn":"ADBE Vector Shape - Group","hd":false},{"ind":1,"ty":"sh","ix":2,"ks":{"a":0,"k":{"i":[[0,0],[0,0],[1.343,-1.814],[0,0]],"o":[[0,0],[-1.652,1.549],[0,0],[0,0]],"v":[[-66.076,4.007],[-20.215,-0.426],[-24.682,4.624],[-66.076,8.718]],"c":true},"ix":2},"nm":"Path 2","mn":"ADBE Vector Shape - Group","hd":false},{"ty":"mm","mm":1,"nm":"Merge Paths 1","mn":"ADBE Vector Filter - Merge","hd":false},{"ty":"fl","c":{"a":0,"k":[1,1,1,1],"ix":4},"o":{"a":0,"k":100,"ix":5},"r":1,"bm":0,"nm":"Fill 1","mn":"ADBE Vector Graphic - Fill","hd":false},{"ty":"tr","p":{"a":0,"k":[202.115,369.471],"ix":2},"a":{"a":0,"k":[0,0],"ix":1},"s":{"a":0,"k":[100,100],"ix":3},"r":{"a":0,"k":0,"ix":6},"o":{"a":1,"k":[{"i":{"x":[0.667],"y":[1]},"o":{"x":[0.333],"y":[0]},"t":-71,"s":[0]},{"t":-67.0000027289659,"s":[100]}],"ix":7},"sk":{"a":0,"k":0,"ix":4},"sa":{"a":0,"k":0,"ix":5},"nm":"Transform"}],"nm":"Group 15","np":4,"cix":2,"bm":0,"ix":2,"mn":"ADBE Vector Group","hd":false},{"ty":"gr","it":[{"ind":0,"ty":"sh","ix":1,"ks":{"a":0,"k":{"i":[[1.086,1.284],[0,0],[0,0],[0,0]],"o":[[0,0],[0,0],[0,0],[-0.919,-1.511]],"v":[[28.37,-5.115],[66.076,-8.727],[66.076,-4.354],[31.4,-0.917]],"c":true},"ix":2},"nm":"Path 1","mn":"ADBE Vector Shape - Group","hd":false},{"ind":1,"ty":"sh","ix":2,"ks":{"a":0,"k":{"i":[[0,0],[0,0],[0.615,-1.661],[0,0]],"o":[[0,0],[-0.832,1.56],[0,0],[0,0]],"v":[[-66.076,3.986],[-27.577,0.292],[-29.738,5.135],[-66.076,8.727]],"c":true},"ix":2},"nm":"Path 2","mn":"ADBE Vector Shape - Group","hd":false},{"ty":"mm","mm":1,"nm":"Merge Paths 1","mn":"ADBE Vector Filter - Merge","hd":false},{"ty":"fl","c":{"a":0,"k":[1,1,1,1],"ix":4},"o":{"a":0,"k":100,"ix":5},"r":1,"bm":0,"nm":"Fill 1","mn":"ADBE Vector Graphic - Fill","hd":false},{"ty":"tr","p":{"a":0,"k":[202.115,378.509],"ix":2},"a":{"a":0,"k":[0,0],"ix":1},"s":{"a":0,"k":[100,100],"ix":3},"r":{"a":0,"k":0,"ix":6},"o":{"a":1,"k":[{"i":{"x":[0.667],"y":[1]},"o":{"x":[0.333],"y":[0]},"t":-74,"s":[0]},{"t":-70.0000028511585,"s":[100]}],"ix":7},"sk":{"a":0,"k":0,"ix":4},"sa":{"a":0,"k":0,"ix":5},"nm":"Transform"}],"nm":"Group 14","np":4,"cix":2,"bm":0,"ix":3,"mn":"ADBE Vector Group","hd":false},{"ty":"gr","it":[{"ind":0,"ty":"sh","ix":1,"ks":{"a":0,"k":{"i":[[0.585,1.373],[0,0],[0,0],[0,0]],"o":[[0,0],[0,0],[0,0],[-0.451,-1.54]],"v":[[33.596,-5.584],[66.076,-8.724],[66.076,-4.322],[35.128,-1.264]],"c":true},"ix":2},"nm":"Path 1","mn":"ADBE Vector Shape - Group","hd":false},{"ind":1,"ty":"sh","ix":2,"ks":{"a":0,"k":{"i":[[0,0],[0,0],[0.185,-1.59],[0,0]],"o":[[0,0],[-0.378,1.591],[0,0],[0,0]],"v":[[-66.076,3.998],[-31.117,0.638],[-31.945,5.379],[-66.076,8.723]],"c":true},"ix":2},"nm":"Path 2","mn":"ADBE Vector Shape - Group","hd":false},{"ty":"mm","mm":1,"nm":"Merge Paths 1","mn":"ADBE Vector Filter - Merge","hd":false},{"ty":"fl","c":{"a":0,"k":[1,1,1,1],"ix":4},"o":{"a":0,"k":100,"ix":5},"r":1,"bm":0,"nm":"Fill 1","mn":"ADBE Vector Graphic - Fill","hd":false},{"ty":"tr","p":{"a":0,"k":[202.115,387.524],"ix":2},"a":{"a":0,"k":[0,0],"ix":1},"s":{"a":0,"k":[100,100],"ix":3},"r":{"a":0,"k":0,"ix":6},"o":{"a":1,"k":[{"i":{"x":[0.667],"y":[1]},"o":{"x":[0.333],"y":[0]},"t":-69,"s":[0]},{"t":-65.0000026475043,"s":[100]}],"ix":7},"sk":{"a":0,"k":0,"ix":4},"sa":{"a":0,"k":0,"ix":5},"nm":"Transform"}],"nm":"Group 13","np":4,"cix":2,"bm":0,"ix":4,"mn":"ADBE Vector Group","hd":false},{"ty":"gr","it":[{"ind":0,"ty":"sh","ix":1,"ks":{"a":0,"k":{"i":[[0.259,1.39],[0,0],[0,0],[0,0]],"o":[[0,0],[0,0],[0,0],[-0.086,-1.524]],"v":[[36.116,-5.816],[66.076,-8.716],[66.076,-4.34],[36.637,-1.428]],"c":true},"ix":2},"nm":"Path 1","mn":"ADBE Vector Shape - Group","hd":false},{"ind":1,"ty":"sh","ix":2,"ks":{"a":0,"k":{"i":[[0,0],[0,0],[-0.169,-1.511],[0,0]],"o":[[0,0],[0,1.565],[0,0],[0,0]],"v":[[-66.076,4.014],[-32.238,0.742],[-31.945,5.373],[-66.076,8.716]],"c":true},"ix":2},"nm":"Path 2","mn":"ADBE Vector Shape - Group","hd":false},{"ty":"mm","mm":1,"nm":"Merge Paths 1","mn":"ADBE Vector Filter - Merge","hd":false},{"ty":"fl","c":{"a":0,"k":[1,1,1,1],"ix":4},"o":{"a":0,"k":100,"ix":5},"r":1,"bm":0,"nm":"Fill 1","mn":"ADBE Vector Graphic - Fill","hd":false},{"ty":"tr","p":{"a":0,"k":[202.115,396.575],"ix":2},"a":{"a":0,"k":[0,0],"ix":1},"s":{"a":0,"k":[100,100],"ix":3},"r":{"a":0,"k":0,"ix":6},"o":{"a":1,"k":[{"i":{"x":[0.667],"y":[1]},"o":{"x":[0.333],"y":[0]},"t":-66,"s":[0]},{"t":-62.0000025253118,"s":[100]}],"ix":7},"sk":{"a":0,"k":0,"ix":4},"sa":{"a":0,"k":0,"ix":5},"nm":"Transform"}],"nm":"Group 12","np":4,"cix":2,"bm":0,"ix":5,"mn":"ADBE Vector Group","hd":false},{"ty":"gr","it":[{"ind":0,"ty":"sh","ix":1,"ks":{"a":0,"k":{"i":[[0,0],[0,0],[-0.742,-1.394],[0,0]],"o":[[0,0],[0.503,1.577],[0,0],[0,0]],"v":[[-1.399,-2.275],[-0.484,-2.372],[1.399,2.06],[-1.399,2.372]],"c":true},"ix":2},"nm":"Path 1","mn":"ADBE Vector Shape - Group","hd":false},{"ty":"fl","c":{"a":0,"k":[1,1,1,1],"ix":4},"o":{"a":0,"k":100,"ix":5},"r":1,"bm":0,"nm":"Fill 1","mn":"ADBE Vector Graphic - Fill","hd":false},{"ty":"tr","p":{"a":0,"k":[171.665,408.605],"ix":2},"a":{"a":0,"k":[0,0],"ix":1},"s":{"a":0,"k":[100,100],"ix":3},"r":{"a":0,"k":0,"ix":6},"o":{"a":1,"k":[{"i":{"x":[0.667],"y":[1]},"o":{"x":[0.333],"y":[0]},"t":-79,"s":[0]},{"t":-75.0000030548126,"s":[100]}],"ix":7},"sk":{"a":0,"k":0,"ix":4},"sa":{"a":0,"k":0,"ix":5},"nm":"Transform"}],"nm":"Group 1","np":2,"cix":2,"bm":0,"ix":6,"mn":"ADBE Vector Group","hd":false},{"ty":"gr","it":[{"ind":0,"ty":"sh","ix":1,"ks":{"a":0,"k":{"i":[[-1.784,-1.551],[0,0],[0,0],[0,0]],"o":[[0,0],[0,0],[0,0],[1.414,1.911]],"v":[[4.767,2.137],[-4.767,3.09],[-4.767,-2.654],[-0.039,-3.09]],"c":true},"ix":2},"nm":"Path 1","mn":"ADBE Vector Shape - Group","hd":false},{"ty":"fl","c":{"a":0,"k":[1,1,1,1],"ix":4},"o":{"a":0,"k":100,"ix":5},"r":1,"bm":0,"nm":"Fill 1","mn":"ADBE Vector Graphic - Fill","hd":false},{"ty":"tr","p":{"a":0,"k":[175.033,416.906],"ix":2},"a":{"a":0,"k":[0,0],"ix":1},"s":{"a":0,"k":[100,100],"ix":3},"r":{"a":0,"k":0,"ix":6},"o":{"a":1,"k":[{"i":{"x":[0.667],"y":[1]},"o":{"x":[0.333],"y":[0]},"t":-72,"s":[0]},{"t":-68.0000027696968,"s":[100]}],"ix":7},"sk":{"a":0,"k":0,"ix":4},"sa":{"a":0,"k":0,"ix":5},"nm":"Transform"}],"nm":"Group 11","np":2,"cix":2,"bm":0,"ix":7,"mn":"ADBE Vector Group","hd":false},{"ty":"gr","it":[{"ind":0,"ty":"sh","ix":1,"ks":{"a":0,"k":{"i":[[0,0],[0,0],[0.327,0.322],[0,0],[-3.664,-1.47],[0,0]],"o":[[0,0],[-0.316,-0.351],[0,0],[3.992,1.611],[0,0],[0,0]],"v":[[-20.007,-0.406],[-16.343,-0.746],[-17.341,-1.746],[8.326,-4.224],[20.007,0.288],[-20.007,4.224]],"c":true},"ix":2},"nm":"Path 1","mn":"ADBE Vector Shape - Group","hd":false},{"ty":"fl","c":{"a":0,"k":[1,1,1,1],"ix":4},"o":{"a":0,"k":100,"ix":5},"r":1,"bm":0,"nm":"Fill 1","mn":"ADBE Vector Graphic - Fill","hd":false},{"ty":"tr","p":{"a":0,"k":[190.272,433.834],"ix":2},"a":{"a":0,"k":[0,0],"ix":1},"s":{"a":0,"k":[100,100],"ix":3},"r":{"a":0,"k":0,"ix":6},"o":{"a":1,"k":[{"i":{"x":[0.667],"y":[1]},"o":{"x":[0.333],"y":[0]},"t":-73,"s":[0]},{"t":-69.0000028104276,"s":[100]}],"ix":7},"sk":{"a":0,"k":0,"ix":4},"sa":{"a":0,"k":0,"ix":5},"nm":"Transform"}],"nm":"Group 2","np":2,"cix":2,"bm":0,"ix":8,"mn":"ADBE Vector Group","hd":false},{"ty":"gr","it":[{"ind":0,"ty":"sh","ix":1,"ks":{"a":0,"k":{"i":[[0,0],[0,0],[-2.993,-1.394],[0,0]],"o":[[0,0],[2.672,1.824],[0,0],[0,0]],"v":[[-10.962,-2.225],[2.375,-3.493],[10.962,1.341],[-10.962,3.493]],"c":true},"ix":2},"nm":"Path 1","mn":"ADBE Vector Shape - Group","hd":false},{"ty":"fl","c":{"a":0,"k":[1,1,1,1],"ix":4},"o":{"a":0,"k":100,"ix":5},"r":1,"bm":0,"nm":"Fill 1","mn":"ADBE Vector Graphic - Fill","hd":false},{"ty":"tr","p":{"a":0,"k":[181.228,425.515],"ix":2},"a":{"a":0,"k":[0,0],"ix":1},"s":{"a":0,"k":[100,100],"ix":3},"r":{"a":0,"k":0,"ix":6},"o":{"a":1,"k":[{"i":{"x":[0.667],"y":[1]},"o":{"x":[0.333],"y":[0]},"t":-75,"s":[0]},{"t":-71.0000028918893,"s":[100]}],"ix":7},"sk":{"a":0,"k":0,"ix":4},"sa":{"a":0,"k":0,"ix":5},"nm":"Transform"}],"nm":"Group 10","np":2,"cix":2,"bm":0,"ix":9,"mn":"ADBE Vector Group","hd":false},{"ty":"gr","it":[{"ind":0,"ty":"sh","ix":1,"ks":{"a":0,"k":{"i":[[0,0],[0,0],[0.405,0.324],[0,0],[-1.22,-0.861],[-0.939,-0.853],[0,0]],"o":[[0,0],[-0.415,-0.288],[0,0],[1.508,0.764],[1.133,0.752],[0,0],[0,0]],"v":[[-26.8,0.431],[-13.818,-0.799],[-15.032,-1.764],[19.593,-5.085],[23.706,-2.663],[26.8,-0.204],[-26.8,5.085]],"c":true},"ix":2},"nm":"Path 1","mn":"ADBE Vector Shape - Group","hd":false},{"ty":"fl","c":{"a":0,"k":[1,1,1,1],"ix":4},"o":{"a":0,"k":100,"ix":5},"r":1,"bm":0,"nm":"Fill 1","mn":"ADBE Vector Graphic - Fill","hd":false},{"ty":"tr","p":{"a":0,"k":[197.066,442.005],"ix":2},"a":{"a":0,"k":[0,0],"ix":1},"s":{"a":0,"k":[100,100],"ix":3},"r":{"a":0,"k":0,"ix":6},"o":{"a":1,"k":[{"i":{"x":[0.667],"y":[1]},"o":{"x":[0.333],"y":[0]},"t":-76,"s":[0]},{"t":-72.0000029326201,"s":[100]}],"ix":7},"sk":{"a":0,"k":0,"ix":4},"sa":{"a":0,"k":0,"ix":5},"nm":"Transform"}],"nm":"Group 3","np":2,"cix":2,"bm":0,"ix":10,"mn":"ADBE Vector Group","hd":false},{"ty":"gr","it":[{"ind":0,"ty":"sh","ix":1,"ks":{"a":0,"k":{"i":[[0,0],[0,0],[0.376,0.308],[0,0],[-1.045,-1.844],[0,0]],"o":[[0,0],[-0.353,-0.332],[0,0],[1.446,1.645],[0,0],[0,0]],"v":[[-30.255,0.952],[-7.633,-1.225],[-8.725,-2.206],[26.506,-5.599],[30.256,-0.382],[-30.255,5.599]],"c":true},"ix":2},"nm":"Path 1","mn":"ADBE Vector Shape - Group","hd":false},{"ty":"fl","c":{"a":0,"k":[1,1,1,1],"ix":4},"o":{"a":0,"k":100,"ix":5},"r":1,"bm":0,"nm":"Fill 1","mn":"ADBE Vector Graphic - Fill","hd":false},{"ty":"tr","p":{"a":0,"k":[200.521,450.554],"ix":2},"a":{"a":0,"k":[0,0],"ix":1},"s":{"a":0,"k":[100,100],"ix":3},"r":{"a":0,"k":0,"ix":6},"o":{"a":1,"k":[{"i":{"x":[0.667],"y":[1]},"o":{"x":[0.333],"y":[0]},"t":-77,"s":[0]},{"i":{"x":[0.667],"y":[1]},"o":{"x":[0.333],"y":[0]},"t":-74,"s":[0]},{"i":{"x":[0.667],"y":[1]},"o":{"x":[0.333],"y":[0]},"t":-73,"s":[100]},{"t":-70.0000028511585,"s":[100]}],"ix":7},"sk":{"a":0,"k":0,"ix":4},"sa":{"a":0,"k":0,"ix":5},"nm":"Transform"}],"nm":"Group 4","np":2,"cix":2,"bm":0,"ix":11,"mn":"ADBE Vector Group","hd":false},{"ty":"gr","it":[{"ind":0,"ty":"sh","ix":1,"ks":{"a":0,"k":{"i":[[0,0],[0,0],[0.257,0.344],[0,0],[-0.511,-1.826],[0,0],[0,0],[0,0]],"o":[[0,0],[-0.257,-0.36],[0,0],[0.785,1.742],[0,0],[0,0],[0,0],[0,0]],"v":[[-32.091,1.208],[-1.824,-1.688],[-2.602,-2.708],[30.135,-5.862],[32.092,-0.505],[29.698,-0.251],[0.754,2.62],[-32.091,5.862]],"c":true},"ix":2},"nm":"Path 1","mn":"ADBE Vector Shape - Group","hd":false},{"ty":"fl","c":{"a":0,"k":[1,1,1,1],"ix":4},"o":{"a":0,"k":100,"ix":5},"r":1,"bm":0,"nm":"Fill 1","mn":"ADBE Vector Graphic - Fill","hd":false},{"ty":"tr","p":{"a":0,"k":[202.357,459.322],"ix":2},"a":{"a":0,"k":[0,0],"ix":1},"s":{"a":0,"k":[100,100],"ix":3},"r":{"a":0,"k":0,"ix":6},"o":{"a":1,"k":[{"i":{"x":[0.667],"y":[1]},"o":{"x":[0.333],"y":[0]},"t":-77,"s":[0]},{"t":-73.000002973351,"s":[100]}],"ix":7},"sk":{"a":0,"k":0,"ix":4},"sa":{"a":0,"k":0,"ix":5},"nm":"Transform"}],"nm":"Group 5","np":2,"cix":2,"bm":0,"ix":12,"mn":"ADBE Vector Group","hd":false},{"ty":"gr","it":[{"ind":0,"ty":"sh","ix":1,"ks":{"a":0,"k":{"i":[[0,0],[0,0],[0.077,0.332],[0,0],[-0.14,-1.873],[0,0],[0,0],[0,0]],"o":[[0,0],[-0.095,-0.364],[0,0],[0.356,1.788],[0,0],[0,0],[0,0],[0,0]],"v":[[-32.859,1.358],[1.615,-1.964],[1.316,-3.011],[32.132,-5.996],[32.859,-0.507],[14.426,1.309],[2.398,2.479],[-32.859,5.995]],"c":true},"ix":2},"nm":"Path 1","mn":"ADBE Vector Shape - Group","hd":false},{"ty":"fl","c":{"a":0,"k":[1,1,1,1],"ix":4},"o":{"a":0,"k":100,"ix":5},"r":1,"bm":0,"nm":"Fill 1","mn":"ADBE Vector Graphic - Fill","hd":false},{"ty":"tr","p":{"a":0,"k":[203.125,468.228],"ix":2},"a":{"a":0,"k":[0,0],"ix":1},"s":{"a":0,"k":[100,100],"ix":3},"r":{"a":0,"k":0,"ix":6},"o":{"a":1,"k":[{"i":{"x":[0.667],"y":[1]},"o":{"x":[0.333],"y":[0]},"t":-78,"s":[0]},{"t":-74.0000030140818,"s":[100]}],"ix":7},"sk":{"a":0,"k":0,"ix":4},"sa":{"a":0,"k":0,"ix":5},"nm":"Transform"}],"nm":"Group 6","np":2,"cix":2,"bm":0,"ix":13,"mn":"ADBE Vector Group","hd":false},{"ty":"gr","it":[{"ind":0,"ty":"sh","ix":1,"ks":{"a":0,"k":{"i":[[0,0],[0,0],[0,0.355],[0,0],[0.178,-1.875],[0,0],[0,0],[0,0]],"o":[[0,0],[0,-0.342],[0,0],[0,1.853],[0,0],[0,0],[0,0],[0,0]],"v":[[-32.934,1.411],[2.421,-2.001],[2.434,-3.073],[32.934,-6.036],[32.684,-0.439],[7.85,2.011],[2.069,2.573],[-32.934,6.036]],"c":true},"ix":2},"nm":"Path 1","mn":"ADBE Vector Shape - Group","hd":false},{"ty":"fl","c":{"a":0,"k":[1,1,1,1],"ix":4},"o":{"a":0,"k":100,"ix":5},"r":1,"bm":0,"nm":"Fill 1","mn":"ADBE Vector Graphic - Fill","hd":false},{"ty":"tr","p":{"a":0,"k":[203.2,477.207],"ix":2},"a":{"a":0,"k":[0,0],"ix":1},"s":{"a":0,"k":[100,100],"ix":3},"r":{"a":0,"k":0,"ix":6},"o":{"a":1,"k":[{"i":{"x":[0.667],"y":[1]},"o":{"x":[0.333],"y":[0]},"t":-74,"s":[0]},{"t":-70.0000028511585,"s":[100]}],"ix":7},"sk":{"a":0,"k":0,"ix":4},"sa":{"a":0,"k":0,"ix":5},"nm":"Transform"}],"nm":"Group 7","np":2,"cix":2,"bm":0,"ix":14,"mn":"ADBE Vector Group","hd":false},{"ty":"gr","it":[{"ind":0,"ty":"sh","ix":1,"ks":{"a":0,"k":{"i":[[0,0],[0,0],[-0.079,0.383],[0,0],[0.427,-1.926],[0,0]],"o":[[0,0],[0.129,-0.344],[0,0],[-0.306,1.914],[0,0],[0,0]],"v":[[-32.607,1.357],[1.418,-1.901],[1.724,-3.018],[32.607,-6.012],[31.498,-0.301],[-32.607,6.012]],"c":true},"ix":2},"nm":"Path 1","mn":"ADBE Vector Shape - Group","hd":false},{"ty":"fl","c":{"a":0,"k":[1,1,1,1],"ix":4},"o":{"a":0,"k":100,"ix":5},"r":1,"bm":0,"nm":"Fill 1","mn":"ADBE Vector Graphic - Fill","hd":false},{"ty":"tr","p":{"a":0,"k":[202.873,486.276],"ix":2},"a":{"a":0,"k":[0,0],"ix":1},"s":{"a":0,"k":[100,100],"ix":3},"r":{"a":0,"k":0,"ix":6},"o":{"a":1,"k":[{"i":{"x":[0.667],"y":[1]},"o":{"x":[0.333],"y":[0]},"t":-76,"s":[0]},{"t":-72.0000029326201,"s":[100]}],"ix":7},"sk":{"a":0,"k":0,"ix":4},"sa":{"a":0,"k":0,"ix":5},"nm":"Transform"}],"nm":"Group 8","np":2,"cix":2,"bm":0,"ix":15,"mn":"ADBE Vector Group","hd":false},{"ty":"gr","it":[{"ind":0,"ty":"sh","ix":1,"ks":{"a":0,"k":{"i":[[0,0],[0,0],[-0.231,0.365],[0,0],[0.715,-1.906],[0,0]],"o":[[0,0],[0.199,-0.355],[0,0],[-0.543,1.974],[0,0],[0,0]],"v":[[-31.586,1.286],[-1.845,-1.599],[-1.188,-2.712],[31.587,-5.913],[29.687,-0.13],[-31.586,5.913]],"c":true},"ix":2},"nm":"Path 1","mn":"ADBE Vector Shape - Group","hd":false},{"ty":"fl","c":{"a":0,"k":[1,1,1,1],"ix":4},"o":{"a":0,"k":100,"ix":5},"r":1,"bm":0,"nm":"Fill 1","mn":"ADBE Vector Graphic - Fill","hd":false},{"ty":"tr","p":{"a":0,"k":[201.852,495.412],"ix":2},"a":{"a":0,"k":[0,0],"ix":1},"s":{"a":0,"k":[100,100],"ix":3},"r":{"a":0,"k":0,"ix":6},"o":{"a":1,"k":[{"i":{"x":[0.667],"y":[1]},"o":{"x":[0.333],"y":[0]},"t":-73,"s":[0]},{"t":-69.0000028104276,"s":[100]}],"ix":7},"sk":{"a":0,"k":0,"ix":4},"sa":{"a":0,"k":0,"ix":5},"nm":"Transform"}],"nm":"Group 9","np":2,"cix":2,"bm":0,"ix":16,"mn":"ADBE Vector Group","hd":false},{"ty":"tr","p":{"a":0,"k":[202.115,426.516],"ix":2},"a":{"a":0,"k":[202.115,426.516],"ix":1},"s":{"a":0,"k":[100,100],"ix":3},"r":{"a":0,"k":0,"ix":6},"o":{"a":0,"k":100,"ix":7},"sk":{"a":0,"k":0,"ix":4},"sa":{"a":0,"k":0,"ix":5},"nm":"Transform"}],"nm":"Group 18","np":16,"cix":2,"bm":0,"ix":1,"mn":"ADBE Vector Group","hd":false}],"ip":-3.00000012219251,"op":1001.00004077157,"st":-79.000003217736,"bm":0},{"ddd":0,"ind":2,"ty":4,"nm":"logo_Tecnosoftware_AI81 Outlines","sr":1,"ks":{"o":{"a":0,"k":100,"ix":11},"r":{"a":0,"k":0,"ix":10},"p":{"a":0,"k":[1500,300,0],"ix":2},"a":{"a":0,"k":[595.5,421,0],"ix":1},"s":{"a":0,"k":[313.591,313.591,100],"ix":6}},"ao":0,"shapes":[{"ty":"gr","it":[{"ty":"gr","it":[{"ind":0,"ty":"sh","ix":1,"ks":{"a":0,"k":{"i":[[0,0],[-1.117,-0.171],[-2.756,0],[-3.968,0.156],[-4.793,0],[0,0],[-3.176,-0.413],[0,-0.943],[0,0],[0,0],[0.029,-0.333],[0,0],[0.69,0.059],[0.403,1.087],[0,0],[1.09,1.321],[1.039,0.028],[1.352,0.119],[2.842,0],[2.56,-0.106],[0,-4.816],[0,0],[0,0],[-0.49,0],[-2.022,0.195],[-0.47,0.351],[-0.371,0.873],[-0.705,3.516],[0,0],[0,0],[0,-1.284],[0.043,-0.841],[0,-0.482],[-0.084,-1.668],[0,-0.819],[0,0],[0,0],[0.299,1.404],[0.42,0.65],[0.75,0.246],[3.41,0],[2.017,-0.231],[0,0],[-0.119,-2.207],[0,0],[-0.731,-0.396],[-5.597,0],[-2.578,0.593],[-1.352,1.457],[-1.198,3.38],[-0.532,0],[-0.594,-0.021],[0.049,-0.463],[0,0],[0,0],[0,0],[1.02,0],[6.465,0.274],[6.418,0],[4.661,-0.288],[0,0],[0,0],[0,0],[-1.518,0.179],[-1.057,0.564],[0,1.225],[0.03,1.146],[0,0],[0,0],[0,0],[0,0],[0,0],[0,0],[0.058,0.412],[0.541,0.089],[0.506,0.11],[1.402,0.06],[0.672,0.081]],"o":[[1.52,0.09],[2.094,0.306],[0.967,0],[5.942,-0.257],[0,0],[1.623,0],[0.48,0.564],[0,0],[0,0],[0,0.169],[0,0],[-0.207,0],[-0.24,-0.551],[0,0],[-0.615,-1.264],[-0.666,-0.188],[-0.266,-0.037],[-2.48,-0.224],[-3.248,0],[-0.074,0.705],[0,0],[0,0],[0.664,0.088],[4.782,0],[2.037,-0.196],[0.485,-0.338],[0.242,-0.603],[0,0],[0,0],[0.107,2.49],[0,2.937],[-0.043,0.843],[0,0.752],[0.072,1.657],[0,0],[0,0],[-0.101,-0.436],[-0.525,-2.594],[-0.317,-0.503],[-0.53,-0.203],[-4.038,0],[0,0],[0,3.329],[0,0],[0,1.074],[1.086,0.593],[3.707,0],[1.787,-0.421],[1.813,-1.874],[0.822,-0.095],[0.293,0],[-0.082,0.704],[0,0],[0,0],[0,0],[-1.746,0.078],[-1.494,0],[-4.562,-0.201],[-3.203,0],[0,0],[0,0],[0,0],[0.512,-0.135],[2.762,-0.341],[0.293,-0.81],[0,-0.48],[0,0],[0,0],[0,0],[0,0],[0,0],[0,0],[0,-0.131],[-0.27,-0.304],[-0.28,-0.04],[-1.519,-0.339],[-0.508,-0.027],[0,0]],"v":[[-26.523,-27.332],[-22.567,-26.946],[-15.272,-26.484],[-7.876,-26.731],[8.23,-27.117],[15.458,-27.191],[22.65,-26.575],[23.367,-24.312],[23.367,-15.654],[23.447,-13.93],[23.408,-13.182],[21.769,-13.086],[20.415,-13.182],[19.456,-15.654],[17.857,-18.631],[15.302,-22.503],[12.734,-22.826],[10.306,-23.047],[2.316,-23.381],[-6.397,-23.208],[-6.52,-14.944],[-6.471,-7.892],[-6.471,-2.604],[-4.753,-2.471],[5.449,-2.761],[9.21,-3.586],[10.505,-5.413],[11.906,-11.585],[12.415,-11.62],[14.742,-11.585],[14.906,-5.921],[14.843,-0.253],[14.787,1.727],[14.906,5.359],[15.009,9.071],[15.009,9.986],[12.179,9.986],[11.585,7.217],[10.148,2.356],[8.539,1.225],[2.619,0.931],[-6.471,1.27],[-6.471,2.689],[-6.303,10.999],[-6.397,20.067],[-5.307,22.252],[4.71,23.131],[14.132,22.252],[18.849,19.44],[23.367,11.552],[25.408,11.418],[26.73,11.457],[26.531,13.215],[26.294,14.481],[24.837,22.417],[24.136,27.206],[20.005,27.332],[8.058,26.912],[-8.419,26.612],[-20.206,27.04],[-21.889,27.04],[-26.731,27.206],[-26.731,24.305],[-23.684,23.845],[-17.946,22.504],[-17.497,19.44],[-17.544,17.007],[-17.497,15.711],[-17.62,-0.124],[-17.581,-4.858],[-17.786,-11.585],[-17.747,-16.332],[-18.098,-21.541],[-18.182,-22.365],[-19.389,-22.966],[-20.573,-23.208],[-24.969,-23.804],[-26.731,-23.963]],"c":true},"ix":2},"nm":"Path 1","mn":"ADBE Vector Shape - Group","hd":false},{"ty":"fl","c":{"a":1,"k":[{"i":{"x":[0.667],"y":[1]},"o":{"x":[0.333],"y":[0]},"t":-33,"s":[0.004342260548,0.390701174269,0.284159581801,1]},{"t":-28.0000011404634,"s":[1,1,1,1]}],"ix":4},"o":{"a":0,"k":100,"ix":5},"r":1,"bm":0,"nm":"Fill 2","mn":"ADBE Vector Graphic - Fill","hd":false},{"ty":"tr","p":{"a":0,"k":[1014.48,431.881],"ix":2},"a":{"a":0,"k":[0,0],"ix":1},"s":{"a":1,"k":[{"i":{"x":[0.667,0.667],"y":[1,1]},"o":{"x":[0.333,0.333],"y":[0,0]},"t":-33,"s":[100,0]},{"t":-28.0000011404634,"s":[100,100]}],"ix":3},"r":{"a":0,"k":0,"ix":6},"o":{"a":0,"k":100,"ix":7},"sk":{"a":0,"k":0,"ix":4},"sa":{"a":0,"k":0,"ix":5},"nm":"Transform"}],"nm":"Group 17","np":2,"cix":2,"bm":0,"ix":1,"mn":"ADBE Vector Group","hd":false},{"ty":"gr","it":[{"ind":0,"ty":"sh","ix":1,"ks":{"a":0,"k":{"i":[[0,0],[-0.59,0],[-1.889,1.706],[0,2.849],[0.461,1.561],[0.701,0.753],[1.609,0.562],[2.574,0],[0.873,-0.13],[0,0],[0,0],[0,0],[0,0],[0.027,-2.05]],"o":[[1.287,0.052],[4.527,0],[1.904,-1.705],[0,-1.756],[-0.468,-1.542],[-0.978,-1.086],[-1.164,-0.414],[-1.219,0],[0,0],[0,0],[0,0],[0,0],[-0.045,1.278],[0,0]],"v":[[-9.354,-2.414],[-6.554,-2.327],[3.071,-4.891],[5.909,-11.734],[5.211,-16.715],[3.477,-20.172],[-0.396,-22.658],[-6.003,-23.281],[-9.158,-23.072],[-9.234,-22.272],[-9.158,-16.595],[-9.268,-13.169],[-9.234,-8.581],[-9.354,-3.585]],"c":true},"ix":2},"nm":"Path 1","mn":"ADBE Vector Shape - Group","hd":false},{"ind":1,"ty":"sh","ix":2,"ks":{"a":0,"k":{"i":[[0,0.195],[-0.084,0.559],[-1.36,0.18],[-1.101,0.419],[-0.024,0.265],[0,2.296],[0,0],[0,0],[0,0],[0,0],[0,2.655],[0.129,1.63],[0,0],[0.723,0.148],[0,0],[0,0],[-1.117,0],[-1.864,0.031],[-0.153,0],[0,0],[0,0],[-3.467,0],[-3.221,-2.919],[0,-3.783],[1.737,-2.321],[3.617,-1.192],[-0.537,-0.786],[-0.695,-1.184],[0,0],[-0.496,-0.482],[-1.545,-0.576],[-0.631,-0.474],[0,-0.366],[0.021,-0.394],[0,0],[0,0],[0,0],[0,0],[1.254,0],[0,0],[1.572,-0.201],[0.436,-0.058],[0,0],[0.457,1.037],[2.85,5.945],[0.527,0.365],[1.937,0],[1.277,-0.067],[0,-1.111],[0,0],[0,0],[-1.199,-0.247],[-1.488,-0.627],[0.112,-0.698],[0.135,0],[0,0],[1.059,0],[0.295,-0.015],[0,0],[1.399,0],[0,0]],"o":[[0,-0.306],[0.684,-0.398],[1.371,-0.173],[0.121,-0.561],[0.049,-0.385],[0,0],[0,0],[0,0],[0,0],[0.086,-3.042],[0,-5.823],[0,0],[-2.15,-0.13],[0,0],[0,0],[1.328,-0.228],[0.615,0],[1.927,0.168],[0,0],[0,0],[3.113,-0.326],[5.449,0],[3.222,2.937],[0,2.82],[-1.738,2.307],[0.33,0.568],[1.115,1.665],[0,0],[1.592,2.882],[0.488,0.495],[1.207,0.491],[0.164,0.485],[0,0.243],[0,0],[0,0],[0,0],[0,0],[-0.854,-0.146],[0,0],[-0.291,0],[-0.727,0.094],[0,0],[-1.12,-2.094],[-1.164,-2.733],[-1.334,-2.735],[-0.809,-0.593],[-0.543,0],[-0.07,0.815],[0,0],[0,0],[0.752,0.491],[2.066,0.457],[0,1.359],[-0.506,-0.024],[0,0],[-5.73,-0.524],[-0.699,0],[0,0],[-1.688,0.2],[0,0],[-0.047,-0.697]],"v":[[-27.449,26.043],[-27.326,24.749],[-24.255,23.879],[-20.57,22.979],[-20.345,21.754],[-20.257,17.746],[-20.296,8.371],[-20.138,3.341],[-20.221,-0.572],[-20.138,-2.84],[-20.017,-11.389],[-20.221,-22.569],[-22.582,-23.072],[-26.89,-23.495],[-26.97,-26.008],[-26.814,-26.474],[-23.138,-26.809],[-19.421,-26.848],[-16.304,-26.602],[-14.181,-26.72],[-9.189,-26.978],[0.678,-27.469],[13.701,-23.098],[18.534,-13.031],[15.926,-5.331],[7.896,-0.096],[9.176,1.954],[11.887,6.242],[18.256,17.104],[21.389,22.159],[24.448,23.768],[27.204,25.207],[27.448,26.465],[27.404,27.431],[26.323,27.431],[25.53,27.469],[23.448,27.182],[21.813,27.182],[18.655,26.969],[14.663,26.922],[11.865,27.221],[10.137,27.431],[8.786,24.655],[6.424,19.966],[0.397,6.987],[-2.392,2.332],[-6.51,1.444],[-9.234,1.534],[-9.354,4.427],[-9.158,13.746],[-9.396,21.63],[-6.47,22.727],[-1.122,24.333],[-1.281,27.431],[-2.238,27.389],[-3.875,27.469],[-14.066,26.678],[-15.548,26.707],[-21.049,27.092],[-25.658,27.389],[-27.376,27.389]],"c":true},"ix":2},"nm":"Path 2","mn":"ADBE Vector Shape - Group","hd":false},{"ty":"mm","mm":1,"nm":"Merge Paths 1","mn":"ADBE Vector Filter - Merge","hd":false},{"ty":"fl","c":{"a":1,"k":[{"i":{"x":[0.667],"y":[1]},"o":{"x":[0.333],"y":[0]},"t":-35,"s":[0.004342260548,0.390701174269,0.284159581801,1]},{"t":-30.0000012219251,"s":[1,1,1,1]}],"ix":4},"o":{"a":0,"k":100,"ix":5},"r":1,"bm":0,"nm":"Fill 2","mn":"ADBE Vector Graphic - Fill","hd":false},{"ty":"tr","p":{"a":0,"k":[959.929,431.572],"ix":2},"a":{"a":0,"k":[0,0],"ix":1},"s":{"a":1,"k":[{"i":{"x":[0.667,0.667],"y":[1,1]},"o":{"x":[0.333,0.333],"y":[0,0]},"t":-35,"s":[100,0]},{"t":-30.0000012219251,"s":[100,100]}],"ix":3},"r":{"a":0,"k":0,"ix":6},"o":{"a":0,"k":100,"ix":7},"sk":{"a":0,"k":0,"ix":4},"sa":{"a":0,"k":0,"ix":5},"nm":"Transform"}],"nm":"Group 18","np":4,"cix":2,"bm":0,"ix":2,"mn":"ADBE Vector Group","hd":false},{"ty":"gr","it":[{"ind":0,"ty":"sh","ix":1,"ks":{"a":0,"k":{"i":[[0,0],[-1.111,0],[0,0],[1.276,3.326],[0.793,1.735]],"o":[[6.215,0.072],[0,0],[-0.803,-2.482],[-1.279,-3.303],[0,0]],"v":[[-9.396,4.073],[1.608,4.198],[2.614,4.146],[-0.5,-4.573],[-3.619,-12.137]],"c":true},"ix":2},"nm":"Path 1","mn":"ADBE Vector Shape - Group","hd":false},{"ind":1,"ty":"sh","ix":2,"ks":{"a":0,"k":{"i":[[0,0],[0,0],[-1.285,0.255],[-0.441,0.348],[-0.638,1.276],[0,0],[0,0],[0,0],[0,0],[0,0],[0,0],[-1.259,-3.451],[-0.902,-2.175],[-0.943,-2.637],[-0.981,-2.16],[-0.258,-0.197],[-1.076,-0.151],[-1.252,-0.52],[0,-0.452],[0.037,-0.43],[2.378,0.198],[1.892,0],[0.93,-0.062],[0,0],[0,0],[-0.074,0.894],[0,0],[-0.225,0.214],[0,0.373],[0.133,0.391],[0,0],[0,0],[0,0],[1.783,-5.233],[0,-0.52],[-0.369,-0.311],[-1.743,-0.224],[-1.651,-0.245],[0,-0.4],[0.053,-0.336],[6.233,0.489],[0,0],[1.777,0]],"o":[[0,0],[0.518,-0.167],[2.051,-0.415],[0.436,-0.338],[0,0],[0,0],[0,0],[0,0],[0,0],[0,0],[1.574,3.671],[1.25,3.447],[0.533,1.323],[0.481,1.428],[0.535,1.165],[0.477,0.423],[1.086,0.141],[0.135,0.917],[0,0.194],[-1.963,0],[-2.375,-0.196],[-2.102,0],[0,0],[0,0],[0,-0.98],[0,0],[1.326,-0.363],[0.27,-0.278],[0,-0.353],[0,0],[0,0],[0,0],[-0.559,1.335],[-0.502,1.492],[0,0.729],[0.619,0.53],[0.242,0.048],[0.021,1],[0,0.318],[-1.648,0],[0,0],[-1.957,0.334],[0,0]],"v":[[-28.181,27.669],[-28.117,24.805],[-25.429,24.168],[-21.701,23.038],[-20.082,20.611],[-12.001,-1.581],[-2.556,-27.669],[-0.017,-27.669],[1.792,-27.669],[2.157,-26.909],[9.094,-9.624],[13.334,1.064],[16.559,9.517],[18.758,15.441],[20.95,20.819],[22.141,22.872],[24.477,23.716],[27.983,24.688],[28.182,26.74],[28.137,27.669],[21.622,27.367],[15.233,27.061],[10.682,27.159],[3.891,27.536],[1.934,27.616],[2.051,24.805],[6.493,23.794],[8.809,22.953],[9.202,21.984],[9.004,20.854],[7.416,16.743],[4.286,8.522],[-10.97,8.475],[-14.488,18.332],[-15.251,21.357],[-14.689,22.915],[-11.167,24.052],[-8.335,24.509],[-8.292,26.612],[-8.375,27.576],[-20.201,26.85],[-21.847,27.159],[-27.466,27.669]],"c":true},"ix":2},"nm":"Path 2","mn":"ADBE Vector Shape - Group","hd":false},{"ty":"mm","mm":1,"nm":"Merge Paths 1","mn":"ADBE Vector Filter - Merge","hd":false},{"ty":"fl","c":{"a":1,"k":[{"i":{"x":[0.667],"y":[1]},"o":{"x":[0.333],"y":[0]},"t":-37,"s":[0.004342260548,0.390701174269,0.284159581801,1]},{"t":-32.0000013033867,"s":[1,1,1,1]}],"ix":4},"o":{"a":0,"k":100,"ix":5},"r":1,"bm":0,"nm":"Fill 2","mn":"ADBE Vector Graphic - Fill","hd":false},{"ty":"tr","p":{"a":0,"k":[902.682,431.218],"ix":2},"a":{"a":0,"k":[0,0],"ix":1},"s":{"a":1,"k":[{"i":{"x":[0.667,0.667],"y":[1,1]},"o":{"x":[0.333,0.333],"y":[0,0]},"t":-37,"s":[100,0]},{"t":-32.0000013033867,"s":[100,100]}],"ix":3},"r":{"a":0,"k":0,"ix":6},"o":{"a":0,"k":100,"ix":7},"sk":{"a":0,"k":0,"ix":4},"sa":{"a":0,"k":0,"ix":5},"nm":"Transform"}],"nm":"Group 19","np":4,"cix":2,"bm":0,"ix":3,"mn":"ADBE Vector Group","hd":false},{"ty":"gr","it":[{"ind":0,"ty":"sh","ix":1,"ks":{"a":0,"k":{"i":[[0.598,0.256],[0.4,0.176],[0,0],[-0.177,0],[-2.209,-0.07],[-0.264,0],[-1.282,0.079],[0,0],[-0.047,-0.203],[0,0],[0.469,-0.251],[0,-0.392],[-0.275,-0.557],[-0.264,-0.818],[-2.106,-5.285],[0,0],[-2.885,6.3],[0,0],[0.799,1.807],[0.174,0.525],[0.272,0.544],[0.554,0.365],[2.113,0.538],[0,0],[-1.488,-0.077],[-0.613,0],[0,0],[0,0],[-0.235,0],[0,0],[0,0],[0.093,-0.277],[0.985,-0.113],[0.272,-0.256],[0,-0.33],[-0.562,-1.201],[-0.392,-1.092],[-0.716,-1.643],[0,0],[-0.402,1.335],[0,0.188],[0,0],[0.274,0.145],[1.597,0.428],[0,0.275],[-0.08,0.621],[-4.109,-0.128],[-0.66,0],[-0.422,0.024],[-0.484,0],[0,0],[0,0],[0,0],[0.556,-0.384],[0.512,-0.905],[3.595,-7.825],[0,0],[0,0],[0,0],[-0.186,-0.501],[0,0],[0,0],[0,0],[0,0.223],[0,0],[0.561,0.153],[0.428,0.277],[0,0.223],[-0.192,0.366],[0,0],[0,0],[0,0],[0,0],[0,-0.398],[0.184,-0.313],[0.405,-0.141],[0.4,-0.505],[0.537,-1.531],[2.465,-6.069],[4.883,-13.274],[0,0],[0.322,0.703],[0.144,0.471],[0,0],[0.467,0.867],[0.125,0.251],[2.769,-5.48],[1.278,-3.073],[0,0],[2.801,6.37],[0,0],[0.576,0.62]],"o":[[-0.205,-0.081],[0,0],[0.324,-0.167],[2.209,0.157],[0.906,0.039],[0.951,0],[0,0],[0.191,0.106],[0,0],[-0.51,0.333],[-1.072,0.613],[0,0.357],[0.152,0.337],[0.457,1.363],[0,0],[1.362,-2.659],[0,0],[-1.082,-2.771],[-0.271,-0.574],[-0.166,-0.275],[-0.273,-0.545],[-0.573,-0.35],[0,0],[0.855,0],[2.16,0.18],[0,0],[0,0],[0.137,0.03],[0,0],[0,0],[0,0.167],[-0.461,0.144],[-0.695,0.063],[-0.285,0.245],[0,0.84],[0.241,0.536],[1.34,3.582],[0,0],[1.286,-2.788],[0.078,-0.272],[0,0],[-0.308,-0.369],[-0.66,-0.307],[-0.055,-0.526],[0,-0.322],[0.871,0],[2.418,0.096],[0.569,0],[0.434,-0.004],[0,0],[0,0],[0,0],[-2.881,0.872],[-0.555,0.399],[-1.334,2.461],[0,0],[0,0],[0,0],[0.459,1.058],[0,0],[0,0],[0,0],[0.047,-0.231],[0,0],[-0.91,-0.305],[-0.572,-0.149],[-0.08,-0.928],[0,-0.235],[0,0],[0,0],[0,0],[0,0],[0.08,0.511],[0,0.493],[-0.137,0.191],[-1.103,0.562],[-0.299,0.337],[-2.311,6.559],[-2.457,6.075],[0,0],[-0.268,-1.004],[-0.76,-1.815],[0,0],[-0.723,-1.793],[-0.07,-0.132],[-0.051,0.14],[-2.774,5.476],[0,0],[-0.951,-3.084],[0,0],[-1.363,-3.211],[-0.207,-0.22]],"v":[[-35.703,-24.578],[-36.614,-24.96],[-36.815,-27.558],[-36.056,-27.813],[-29.421,-27.479],[-27.665,-27.427],[-24.311,-27.558],[-19.12,-27.813],[-18.755,-27.346],[-19.07,-25.411],[-20.546,-24.533],[-22.148,-23.019],[-21.742,-21.641],[-21.116,-19.923],[-17.278,-9.929],[-6.927,15.433],[-0.575,1.993],[-6.417,-12.783],[-9.251,-19.633],[-9.927,-21.304],[-10.581,-22.54],[-11.815,-23.887],[-15.837,-25.212],[-15.684,-27.725],[-12.163,-27.607],[-8.007,-27.346],[-2.417,-27.427],[4.497,-27.852],[5.06,-27.813],[5.097,-26.382],[5.097,-25.883],[4.939,-25.212],[2.78,-24.832],[1.323,-24.361],[0.894,-23.488],[1.741,-20.424],[2.694,-17.989],[5.776,-10.142],[8.569,-16.224],[11.094,-22.402],[11.202,-23.1],[11.202,-23.361],[10.323,-24.116],[6.938,-25.212],[6.857,-26.416],[6.972,-27.813],[14.451,-27.607],[19.071,-27.479],[20.55,-27.507],[21.913,-27.511],[21.99,-27.18],[21.868,-25.289],[21.794,-25.078],[16.641,-23.199],[15.04,-21.261],[7.65,-5.819],[7.814,-5.435],[10.368,0.775],[14.719,11.571],[15.681,13.921],[20.708,0.07],[27.749,-18.782],[28.868,-22.303],[28.944,-22.977],[28.829,-23.702],[26.61,-24.39],[25.115,-25.039],[24.99,-26.756],[25.273,-27.642],[25.917,-27.725],[31.905,-27.479],[35.855,-27.725],[36.698,-27.607],[36.814,-26.253],[36.54,-25.039],[35.743,-24.533],[33.503,-22.946],[32.259,-20.137],[25.086,-1.2],[14.083,27.817],[10.105,27.852],[9.211,25.289],[7.855,21.852],[3.423,11.101],[1.657,7.117],[1.344,6.521],[-2.891,14.949],[-8.968,27.761],[-13.044,27.817],[-18.677,13.628],[-31.581,-18.118],[-34.492,-23.874]],"c":true},"ix":2},"nm":"Path 1","mn":"ADBE Vector Shape - Group","hd":false},{"ty":"fl","c":{"a":1,"k":[{"i":{"x":[0.667],"y":[1]},"o":{"x":[0.333],"y":[0]},"t":-39,"s":[0.004342260548,0.390701174269,0.284159581801,1]},{"t":-34.0000013848484,"s":[1,1,1,1]}],"ix":4},"o":{"a":0,"k":100,"ix":5},"r":1,"bm":0,"nm":"Fill 2","mn":"ADBE Vector Graphic - Fill","hd":false},{"ty":"tr","p":{"a":0,"k":[839.69,432.577],"ix":2},"a":{"a":0,"k":[0,0],"ix":1},"s":{"a":1,"k":[{"i":{"x":[0.667,0.667],"y":[1,1]},"o":{"x":[0.333,0.333],"y":[0,0]},"t":-39,"s":[100,0]},{"t":-34.0000013848484,"s":[100,100]}],"ix":3},"r":{"a":0,"k":0,"ix":6},"o":{"a":0,"k":100,"ix":7},"sk":{"a":0,"k":0,"ix":4},"sa":{"a":0,"k":0,"ix":5},"nm":"Transform"}],"nm":"Group 20","np":2,"cix":2,"bm":0,"ix":4,"mn":"ADBE Vector Group","hd":false},{"ty":"gr","it":[{"ind":0,"ty":"sh","ix":1,"ks":{"a":0,"k":{"i":[[-1.465,5.445],[-0.186,0.564],[0,0],[-0.078,-0.148],[-0.391,-0.428],[-3.308,0],[-1.592,0.03],[0,0],[0,0],[0,0],[0,0],[0,0],[-0.404,1.119],[-0.18,0.456],[0,0],[-0.528,-0.031],[0,-3.894],[0,0],[0,0],[0.095,-0.532],[0.832,-0.093],[0.818,2.08],[0.219,0.23],[0.424,0.115],[5.035,0],[1.121,-0.092],[0,-0.697],[0,0],[0,0],[0,0],[0,0],[-0.324,-0.979],[-1.156,-0.162],[-1.769,-0.408],[-0.611,-0.259],[0,-0.222],[0.088,-0.468],[0.373,0],[1.913,0.205],[5.035,0],[3.881,-0.346],[0.454,0],[0.026,0.235],[0,0],[0,0],[-1.635,0.394],[-1.065,0.557],[-0.064,0.88],[0,7.342],[0,0],[0.164,0.94],[0.125,0.118],[0.25,0.04],[4.549,0],[0.849,-0.494],[2.282,-3.102],[0.314,0],[0.358,0.429]],"o":[[0.424,-1.593],[0,0],[0.186,0.307],[0.742,1.362],[0.351,0.083],[2.043,0],[0,0],[0,0],[0,0],[0,0],[0,0],[0.344,-0.258],[0.112,-0.252],[0,0],[0.285,0],[0.021,1.94],[0,0],[0,0],[0,0.726],[-1.094,0.357],[-0.696,-1.101],[-0.805,-2.076],[-0.322,-0.367],[-0.643,-0.125],[-0.738,0],[-0.141,1.1],[0,0],[0,0],[0,0],[0,0],[0,1.942],[0.426,0.198],[0.209,0.04],[0.789,0.205],[0.139,1.002],[0,0.266],[-0.57,0.031],[-2.754,0],[-1.927,-0.22],[-0.793,0],[-1.527,0.106],[-0.025,-0.416],[0,0],[0,0],[0.578,-0.818],[2.761,-0.693],[0.259,-0.537],[0.166,-3.346],[0,0],[0,-4.359],[-0.059,-0.251],[-0.15,-0.118],[-0.822,-0.092],[-2.522,0],[-1.155,0.709],[-0.67,0.895],[-1.217,-0.673],[0.834,-1.824]],"v":[[-23.49,-25.116],[-22.568,-28.357],[-20.088,-28.357],[-19.691,-27.672],[-17.98,-24.996],[-12.5,-24.867],[-7.029,-24.913],[-6.224,-24.996],[-1.388,-25.046],[7.635,-24.996],[19.981,-24.996],[22.338,-25.339],[23.455,-27.383],[23.889,-28.439],[25.645,-28.479],[26.856,-28.439],[26.883,-19.703],[26.928,-15.973],[26.883,-13.832],[26.733,-11.939],[23.858,-11.262],[21.59,-16.017],[20.051,-19.456],[18.936,-20.178],[10.428,-20.387],[7.635,-20.221],[7.434,-17.53],[7.473,-11.909],[7.473,0.44],[7.594,13.743],[7.561,19.199],[8.037,23.573],[10.408,24.113],[13.381,24.78],[15.502,25.462],[15.698,27.305],[15.58,28.401],[14.149,28.441],[7.156,28.137],[-3.271,27.815],[-10.299,28.326],[-13.26,28.479],[-13.34,27.508],[-13.377,26.552],[-13.377,26.219],[-10.06,24.409],[-4.306,22.522],[-3.824,20.418],[-3.554,4.376],[-3.754,-11.479],[-3.988,-19.419],[-4.26,-19.98],[-4.834,-20.221],[-12.896,-20.387],[-17.929,-19.625],[-23.084,-13.923],[-24.564,-12.574],[-26.928,-14.208]],"c":true},"ix":2},"nm":"Path 1","mn":"ADBE Vector Shape - Group","hd":false},{"ty":"fl","c":{"a":1,"k":[{"i":{"x":[0.667],"y":[1]},"o":{"x":[0.333],"y":[0]},"t":-41,"s":[0.004342260548,0.390701174269,0.284159581801,1]},{"t":-36.0000014663101,"s":[1,1,1,1]}],"ix":4},"o":{"a":0,"k":100,"ix":5},"r":1,"bm":0,"nm":"Fill 2","mn":"ADBE Vector Graphic - Fill","hd":false},{"ty":"tr","p":{"a":0,"k":[773.59,430.561],"ix":2},"a":{"a":0,"k":[0,0],"ix":1},"s":{"a":1,"k":[{"i":{"x":[0.667,0.667],"y":[1,1]},"o":{"x":[0.333,0.333],"y":[0,0]},"t":-41,"s":[100,0]},{"t":-36.0000014663101,"s":[100,100]}],"ix":3},"r":{"a":0,"k":0,"ix":6},"o":{"a":0,"k":100,"ix":7},"sk":{"a":0,"k":0,"ix":4},"sa":{"a":0,"k":0,"ix":5},"nm":"Transform"}],"nm":"Group 21","np":2,"cix":2,"bm":0,"ix":5,"mn":"ADBE Vector Group","hd":false},{"ty":"gr","it":[{"ind":0,"ty":"sh","ix":1,"ks":{"a":0,"k":{"i":[[0.186,0],[0.637,0.034],[0,0],[-1.352,0.269],[-1.357,0.366],[0,0],[0,1.177],[0,0],[0,0],[0,0],[0,0],[0,0],[0,0],[2.178,0.391],[1.017,0.33],[0,0],[0,0],[0,0],[-6.201,0],[-3.373,0.164],[0,0],[0,0],[0,0],[0,0],[0,0],[-0.521,0.065],[-0.449,0.022],[-0.048,-0.836],[0,0],[0.168,-0.442],[0.438,0],[0.319,0.247],[0.467,1.086],[0.783,0.531],[3.59,0],[0,0],[1.361,-0.252],[0.551,-0.211],[0,-1.021],[0,0],[0,0],[-0.18,-0.668],[-0.159,-0.034],[0,0],[0,0],[-2.195,0.293],[-0.357,0.253],[-0.291,0.673],[-0.131,2.656],[-0.588,0.034],[-0.139,0],[-0.877,-0.079],[0,0],[0.052,-1.026],[0,0],[0,-3.862],[0.031,-0.58],[0.299,0],[0.834,0.174],[0.295,1.007],[0.722,0.355],[6.744,0],[1.303,-0.196],[0,-1.531],[0,0],[-0.444,-0.526],[-1.709,-0.336],[0,0],[-0.904,-0.269],[0,0],[0,-0.402],[0.078,-0.649],[0,0],[0,0],[0,0],[5.336,0],[1.333,-0.17]],"o":[[-1.73,0],[0,0],[0.582,-0.152],[1.361,-0.284],[0,0],[0.262,-1.127],[0,0],[0,0],[0,0],[0,0],[0,0],[0,0],[-0.398,-0.385],[-0.535,-0.126],[0,0],[0,0],[0,0],[3.201,0.344],[3.117,0],[0,0],[0,0],[0,0],[0,0],[0,0],[0.319,0],[0.522,-0.053],[0.162,0.842],[0,0],[0,0.826],[-0.959,0.15],[-0.552,0],[-0.154,-0.175],[-1.112,-2.819],[-0.789,-0.505],[0,0],[-2.342,0.04],[-0.284,0.059],[-0.35,0.649],[0,0],[0,0],[0,2.926],[0.24,0.163],[0,0],[0,0],[1.057,0],[1.528,-0.185],[0.627,-0.445],[0.283,-0.686],[0.135,0],[0.371,-0.033],[0.291,0],[0,0],[-0.008,1.439],[0,0],[0.031,0.285],[0,0.247],[-0.52,0.112],[-0.225,0],[-0.243,-0.533],[-0.615,-2.225],[-1.282,-0.674],[-0.995,0],[-0.188,1.171],[0,0],[0.019,2.318],[0.299,0.332],[0,0],[1.205,0.079],[0,0],[0.113,0.732],[0,0.423],[0,0],[0,0],[0,0],[-0.64,-0.032],[-1.455,0],[-2.108,0.253]],"v":[[-19.18,27.453],[-22.731,27.405],[-22.66,24.353],[-19.742,23.722],[-15.659,22.753],[-14.903,22.252],[-14.502,18.811],[-14.502,18.556],[-14.664,8.859],[-14.625,4.796],[-14.789,-1.188],[-14.709,-8.332],[-15.188,-22.382],[-19.055,-23.545],[-21.381,-24.222],[-22.332,-24.472],[-22.332,-27.424],[-17.067,-27.211],[-2.981,-26.694],[6.754,-26.954],[7.517,-26.996],[9.486,-26.954],[10.283,-26.996],[11.945,-26.996],[19.091,-27.24],[20.353,-27.331],[21.808,-27.452],[22.134,-24.943],[22.73,-17.037],[22.49,-15.123],[20.384,-14.904],[19.091,-15.279],[18.166,-17.172],[15.326,-22.2],[8.763,-22.957],[3.267,-22.807],[-2.285,-22.382],[-3.557,-21.96],[-4.082,-19.466],[-3.963,-14.462],[-4.082,-8.749],[-3.797,-3.356],[-3.203,-3.058],[-0.375,-3.027],[4.425,-3.027],[9.306,-3.453],[12.113,-4.112],[13.486,-5.809],[14.097,-10.83],[15.179,-10.871],[15.939,-10.909],[17.697,-10.792],[17.457,-4.079],[17.338,-0.383],[17.418,0.537],[17.457,6.762],[17.418,8.01],[16.201,8.182],[14.629,7.933],[13.83,5.626],[11.84,1.766],[-0.205,0.756],[-3.635,1.052],[-3.91,5.114],[-3.713,17.715],[-3.006,21.998],[-0.004,23.005],[0.793,23.094],[3.949,23.625],[5.023,23.893],[5.183,25.59],[5.064,27.201],[4.306,27.161],[3.07,27.201],[-2.602,26.864],[-11.557,26.825],[-15.742,27.074]],"c":true},"ix":2},"nm":"Path 1","mn":"ADBE Vector Shape - Group","hd":false},{"ty":"fl","c":{"a":1,"k":[{"i":{"x":[0.667],"y":[1]},"o":{"x":[0.333],"y":[0]},"t":-43,"s":[0.004342260548,0.390701174269,0.284159581801,1]},{"t":-38.0000015477717,"s":[1,1,1,1]}],"ix":4},"o":{"a":0,"k":100,"ix":5},"r":1,"bm":0,"nm":"Fill 2","mn":"ADBE Vector Graphic - Fill","hd":false},{"ty":"tr","p":{"a":0,"k":[721.56,431.761],"ix":2},"a":{"a":0,"k":[0,0],"ix":1},"s":{"a":1,"k":[{"i":{"x":[0.667,0.667],"y":[1,1]},"o":{"x":[0.333,0.333],"y":[0,0]},"t":-43,"s":[100,0]},{"t":-38.0000015477717,"s":[100,100]}],"ix":3},"r":{"a":0,"k":0,"ix":6},"o":{"a":0,"k":100,"ix":7},"sk":{"a":0,"k":0,"ix":4},"sa":{"a":0,"k":0,"ix":5},"nm":"Transform"}],"nm":"Group 22","np":2,"cix":2,"bm":0,"ix":6,"mn":"ADBE Vector Group","hd":false},{"ty":"gr","it":[{"ind":0,"ty":"sh","ix":1,"ks":{"a":0,"k":{"i":[[4.197,0],[1.783,-1.133],[0.911,-1.368],[0.641,-2.759],[0,-3.952],[-0.183,-1.032],[-0.113,-0.807],[-0.32,-0.952],[-0.473,-0.854],[-1.567,-1.388],[-1.509,-0.584],[-1.511,0],[-2.455,1.403],[-1.472,3.396],[0,5.432],[0.289,3.823],[0,0],[0.18,0.92],[2.777,2.419]],"o":[[-2.322,0],[-1.793,1.143],[-1.507,2.324],[-0.635,2.755],[0,2.395],[0.049,0.325],[0.246,2.08],[1.153,3.559],[0.801,1.418],[0.801,0.728],[1.52,0.613],[2.871,0],[2.459,-1.423],[1.504,-3.382],[0,-2.232],[0,0],[-0.078,-0.234],[-0.986,-4.596],[-2.781,-2.404]],"v":[[-1.446,-23.95],[-7.593,-22.247],[-11.633,-18.496],[-14.859,-10.868],[-15.813,-0.811],[-15.539,4.353],[-15.297,6.065],[-14.461,10.602],[-12.031,17.205],[-8.477,21.436],[-5.01,23.419],[-0.458,24.339],[7.539,22.223],[13.456,15.007],[15.701,1.785],[15.268,-7.318],[15.063,-8.113],[14.67,-9.839],[9.021,-20.341]],"c":true},"ix":2},"nm":"Path 1","mn":"ADBE Vector Shape - Group","hd":false},{"ind":1,"ty":"sh","ix":2,"ks":{"a":0,"k":{"i":[[0.846,3.357],[0,2.883],[-1.274,3.501],[-1.674,2.099],[-2.529,1.636],[-2.635,0.721],[-3.25,0],[-4.08,-2.195],[-2.34,-3.72],[0,-5.315],[5.115,-5.661],[9.127,0],[1.972,0.297],[1.12,0.407],[0.242,0.104],[1.75,1.814],[1.228,2.299]],"o":[[-0.56,-2.16],[0,-3.47],[0.927,-2.512],[1.68,-2.103],[2.524,-1.639],[2.642,-0.707],[5.543,0],[4.054,2.17],[3.029,4.833],[0,7.926],[-5.129,5.655],[-2.259,0],[-1.494,-0.221],[-2.033,-0.688],[-2.899,-1.741],[-1.768,-1.819],[-0.666,-1.279]],"v":[[-27.799,7.031],[-28.646,-0.516],[-26.726,-10.973],[-22.82,-17.895],[-16.502,-23.509],[-8.766,-27.035],[0.062,-28.102],[14.482,-24.822],[24.096,-15.97],[28.646,-0.73],[20.964,19.632],[-0.417,28.102],[-6.765,27.647],[-10.672,26.714],[-14.065,25.516],[-21.052,20.182],[-25.529,14.003]],"c":true},"ix":2},"nm":"Path 2","mn":"ADBE Vector Shape - Group","hd":false},{"ty":"mm","mm":1,"nm":"Merge Paths 1","mn":"ADBE Vector Filter - Merge","hd":false},{"ty":"fl","c":{"a":1,"k":[{"i":{"x":[0.667],"y":[1]},"o":{"x":[0.333],"y":[0]},"t":-45,"s":[0.004342260548,0.390701174269,0.284159581801,1]},{"t":-40.0000016292334,"s":[1,1,1,1]}],"ix":4},"o":{"a":0,"k":100,"ix":5},"r":1,"bm":0,"nm":"Fill 2","mn":"ADBE Vector Graphic - Fill","hd":false},{"ty":"tr","p":{"a":0,"k":[663.946,431.566],"ix":2},"a":{"a":0,"k":[0,0],"ix":1},"s":{"a":1,"k":[{"i":{"x":[0.667,0.667],"y":[1,1]},"o":{"x":[0.333,0.333],"y":[0,0]},"t":-45,"s":[100,0]},{"t":-40.0000016292334,"s":[100,100]}],"ix":3},"r":{"a":0,"k":0,"ix":6},"o":{"a":0,"k":100,"ix":7},"sk":{"a":0,"k":0,"ix":4},"sa":{"a":0,"k":0,"ix":5},"nm":"Transform"}],"nm":"Group 23","np":4,"cix":2,"bm":0,"ix":7,"mn":"ADBE Vector Group","hd":false},{"ty":"gr","it":[{"ind":0,"ty":"sh","ix":1,"ks":{"a":0,"k":{"i":[[-2.506,-0.469],[-2.516,-0.911],[-0.211,-1.937],[0,-1.588],[0.108,-0.582],[0,0],[0,0],[0,0],[1.176,1.32],[2.737,0],[1.53,-1.423],[0,-2.144],[-1.51,-1.641],[-4.856,-1.516],[-2.306,-1.117],[-1.189,-1.315],[-0.592,-1.623],[0,-2.419],[0.932,-2.544],[1.115,-1.212],[1.683,-1.124],[1.793,-0.504],[2.826,0],[2.582,0.547],[0,0],[0.35,0.311],[0.098,0.411],[0,0],[0.133,3.528],[0,0.757],[0,0],[0,0],[-0.364,-0.647],[-0.988,-0.887],[-1.379,-0.513],[-1.625,0],[-1.736,0.648],[-1.054,1.474],[0,1.679],[1.845,1.757],[4.901,1.809],[1.894,1.427],[1.097,2.394],[0,2.213],[-3.044,3.105],[-5.912,0]],"o":[[1.52,0.294],[0.256,0.946],[0.314,2.878],[0,0.504],[0,0],[0,0],[0,0],[-1.185,-3.695],[-2.016,-2.236],[-2.607,0],[-1.527,1.454],[0,1.789],[1.486,1.663],[1.625,0.501],[2.311,1.113],[1.6,1.744],[0.6,1.6],[0,2.638],[-0.504,1.361],[-0.797,0.833],[-1.676,1.132],[-1.805,0.504],[-1.865,0],[0,0],[-1.342,-0.383],[-0.134,-0.107],[0,0],[0,-0.307],[-0.059,-1.815],[0,0],[0,0],[1.273,3.117],[0.83,1.417],[1.002,0.892],[1.388,0.519],[1.436,0],[1.723,-0.63],[1.045,-1.475],[0,-2.076],[-1.108,-1.097],[-4.906,-1.834],[-1.895,-1.426],[-1.092,-2.391],[0,-4.451],[3.023,-3.108],[1.283,0]],"v":[[6.188,-27.498],[12.231,-25.72],[12.948,-21.4],[13.424,-14.691],[13.262,-13.052],[12.87,-12.92],[9.985,-13.135],[9.514,-13.219],[5.987,-20.739],[-1.156,-24.087],[-7.373,-21.941],[-9.679,-16.562],[-7.39,-11.411],[2.12,-6.66],[8.01,-4.233],[13.262,-0.598],[16.557,4.437],[17.456,10.453],[16.059,18.22],[13.622,22.051],[9.907,25],[4.696,27.46],[-2.24,28.216],[-8.9,27.386],[-13.697,25.902],[-16.226,24.853],[-16.579,24.057],[-16.579,23.588],[-16.778,17.843],[-16.86,13.989],[-16.86,12.389],[-13.14,12.3],[-10.677,17.951],[-7.943,21.423],[-4.376,23.525],[0.137,24.31],[4.889,23.343],[9.053,20.173],[10.625,15.44],[7.866,9.688],[-1.156,5.323],[-11.347,0.44],[-15.823,-5.295],[-17.456,-12.202],[-12.896,-23.541],[0.52,-28.216]],"c":true},"ix":2},"nm":"Path 1","mn":"ADBE Vector Shape - Group","hd":false},{"ty":"fl","c":{"a":1,"k":[{"i":{"x":[0.667],"y":[1]},"o":{"x":[0.333],"y":[0]},"t":-46,"s":[0.004342260548,0.390701174269,0.284159581801,1]},{"t":-41.0000016699642,"s":[1,1,1,1]}],"ix":4},"o":{"a":0,"k":100,"ix":5},"r":1,"bm":0,"nm":"Fill 2","mn":"ADBE Vector Graphic - Fill","hd":false},{"ty":"tr","p":{"a":0,"k":[611.517,431.501],"ix":2},"a":{"a":0,"k":[0,0],"ix":1},"s":{"a":1,"k":[{"i":{"x":[0.667,0.667],"y":[1,1]},"o":{"x":[0.333,0.333],"y":[0,0]},"t":-47,"s":[100,0]},{"t":-42.0000017106951,"s":[100,100]}],"ix":3},"r":{"a":0,"k":0,"ix":6},"o":{"a":0,"k":100,"ix":7},"sk":{"a":0,"k":0,"ix":4},"sa":{"a":0,"k":0,"ix":5},"nm":"Transform"}],"nm":"Group 24","np":2,"cix":2,"bm":0,"ix":8,"mn":"ADBE Vector Group","hd":false},{"ty":"gr","it":[{"ind":0,"ty":"sh","ix":1,"ks":{"a":0,"k":{"i":[[4.186,0],[1.786,-1.133],[0.895,-1.368],[0.64,-2.759],[0,-3.952],[-0.176,-1.032],[-0.109,-0.807],[-0.32,-0.952],[-0.48,-0.854],[-1.563,-1.388],[-1.51,-0.584],[-1.515,0],[-2.451,1.403],[-1.479,3.396],[0,5.432],[0.289,3.823],[0,0],[0.185,0.92],[2.789,2.419]],"o":[[-2.32,0],[-1.781,1.143],[-1.522,2.324],[-0.639,2.755],[0,2.395],[0.06,0.325],[0.235,2.08],[1.147,3.559],[0.807,1.418],[0.808,0.728],[1.516,0.613],[2.871,0],[2.47,-1.423],[1.488,-3.382],[0,-2.232],[0,0],[-0.088,-0.234],[-0.99,-4.596],[-2.774,-2.404]],"v":[[-1.443,-23.95],[-7.602,-22.247],[-11.625,-18.496],[-14.859,-10.868],[-15.815,-0.811],[-15.539,4.353],[-15.297,6.065],[-14.461,10.602],[-12.031,17.205],[-8.479,21.436],[-5.005,23.419],[-0.452,24.339],[7.542,22.223],[13.469,15.007],[15.703,1.785],[15.276,-7.318],[15.07,-8.113],[14.67,-9.839],[9.018,-20.341]],"c":true},"ix":2},"nm":"Path 1","mn":"ADBE Vector Shape - Group","hd":false},{"ind":1,"ty":"sh","ix":2,"ks":{"a":0,"k":{"i":[[0.851,3.357],[0,2.883],[-1.276,3.501],[-1.677,2.099],[-2.525,1.636],[-2.634,0.721],[-3.242,0],[-4.067,-2.195],[-2.35,-3.72],[0,-5.315],[5.119,-5.661],[9.129,0],[1.975,0.297],[1.117,0.407],[0.237,0.104],[1.752,1.814],[1.225,2.299]],"o":[[-0.561,-2.16],[0,-3.47],[0.924,-2.512],[1.673,-2.103],[2.526,-1.639],[2.64,-0.707],[5.534,0],[4.08,2.17],[3.033,4.833],[0,7.926],[-5.127,5.655],[-2.26,0],[-1.474,-0.221],[-2.021,-0.688],[-2.902,-1.741],[-1.76,-1.819],[-0.67,-1.279]],"v":[[-27.797,7.031],[-28.645,-0.516],[-26.719,-10.973],[-22.809,-17.895],[-16.507,-23.509],[-8.758,-27.035],[0.062,-28.102],[14.474,-24.822],[24.099,-15.97],[28.644,-0.73],[20.961,19.632],[-0.414,28.102],[-6.773,27.647],[-10.672,26.714],[-14.067,25.516],[-21.049,20.182],[-25.525,14.003]],"c":true},"ix":2},"nm":"Path 2","mn":"ADBE Vector Shape - Group","hd":false},{"ty":"mm","mm":1,"nm":"Merge Paths 1","mn":"ADBE Vector Filter - Merge","hd":false},{"ty":"fl","c":{"a":1,"k":[{"i":{"x":[0.667],"y":[1]},"o":{"x":[0.333],"y":[0]},"t":-49,"s":[0.004342260548,0.390701174269,0.284159581801,1]},{"t":-44.0000017921567,"s":[1,1,1,1]}],"ix":4},"o":{"a":0,"k":100,"ix":5},"r":1,"bm":0,"nm":"Fill 2","mn":"ADBE Vector Graphic - Fill","hd":false},{"ty":"tr","p":{"a":0,"k":[557.498,431.566],"ix":2},"a":{"a":0,"k":[0,0],"ix":1},"s":{"a":1,"k":[{"i":{"x":[0.667,0.667],"y":[1,1]},"o":{"x":[0.333,0.333],"y":[0,0]},"t":-49,"s":[100,0]},{"t":-44.0000017921567,"s":[100,100]}],"ix":3},"r":{"a":0,"k":0,"ix":6},"o":{"a":0,"k":100,"ix":7},"sk":{"a":0,"k":0,"ix":4},"sa":{"a":0,"k":0,"ix":5},"nm":"Transform"}],"nm":"Group 25","np":4,"cix":2,"bm":0,"ix":9,"mn":"ADBE Vector Group","hd":false},{"ty":"gr","it":[{"ind":0,"ty":"sh","ix":1,"ks":{"a":0,"k":{"i":[[1.154,0.502],[2.912,0.481],[0,0],[0,0],[0,0],[-0.612,0],[-1.545,-0.048],[-0.234,0],[-1.438,0.056],[-0.181,0],[-0.534,-0.03],[-2.572,-2.825],[-16.274,-16.945],[0,0],[0,0],[0.127,1.674],[0.017,2.32],[0.158,1.873],[0,0.566],[0.342,0.396],[1.991,0.299],[0.719,0.398],[0,0],[0,0],[0,0],[0,0],[-0.542,0],[0,0],[0.648,-0.167],[0.264,-0.161],[0.103,-0.183],[0,-0.698],[-0.059,-0.996],[0,-1.834],[-0.187,-2.34],[-0.026,-0.943],[0,0],[0,-0.425],[0,0],[0,0],[0,0],[0,-0.226],[0,0],[0,0],[0,0],[0,0],[0,0],[0,0],[2.671,2.544],[0,0],[0,0],[0,-1.009],[0,0],[0,0],[-0.206,-2.683],[-0.079,-0.281],[-0.244,-0.56],[-3.481,-0.194],[-0.451,-0.126],[0,0],[0,0],[4.527,0.42],[1.415,-0.109],[0.13,0],[0.559,0.111],[0,0.482],[-0.027,0.701],[-0.481,0],[-0.875,-0.05],[-0.406,0.346],[-0.05,1.546],[0,0.983],[0,0],[0,0],[0,0],[0.379,1.254],[0.446,0.468]],"o":[[-0.687,-0.317],[0,0],[0,0],[0,0],[1.6,-0.087],[0.314,0],[0.347,0.018],[0.244,0],[1.435,-0.051],[0.29,0],[4.1,3.922],[2.583,2.823],[0,0],[0,0],[-0.076,-2.847],[-0.145,-1.659],[-0.034,-2.295],[-0.319,-3.672],[-0.026,-1.817],[-0.554,-0.61],[-1.479,-0.258],[0,0],[0,0],[0,0],[0,0],[0.591,-0.026],[0,0],[-0.625,0.334],[-1.704,0.414],[-1.358,0.819],[-0.246,0.33],[0,0.167],[0.019,0.516],[0.031,4.06],[0.055,0.758],[0,0],[0.029,1.044],[0,0],[0,0],[0,0],[0.093,1.146],[0,0],[0,0],[0,0],[0,0],[0,0],[0,0],[-3.25,-3.357],[0,0],[0,0],[0.034,0.943],[0,0],[0,0],[0.084,2.293],[0.059,0.719],[0.08,0.304],[1.046,0.39],[0.243,0.055],[0,0],[0,0],[-0.852,0],[-4.235,0.051],[-1.407,0.111],[-0.32,0],[-0.054,-0.643],[0,-0.307],[0.748,-0.134],[0.159,0],[2.243,0],[0.414,-0.345],[0.188,-4.45],[0,0],[0,0],[0,0],[-0.022,-3.239],[-0.161,-0.642],[-0.932,-1.002]],"v":[[-27.627,-23.33],[-33.024,-24.517],[-33.185,-27.45],[-29.781,-27.45],[-28.627,-27.492],[-25.305,-27.621],[-22.516,-27.533],[-21.638,-27.492],[-19.122,-27.579],[-16.682,-27.661],[-15.445,-27.621],[-5.415,-17.501],[22.872,12.169],[22.872,11.111],[22.719,6.251],[22.396,-0.527],[22.159,-6.492],[21.879,-12.758],[21.393,-19.101],[20.831,-22.417],[17.005,-23.793],[13.722,-24.768],[13.76,-27.235],[14.801,-27.366],[22.675,-27.621],[31.458,-27.865],[33.146,-27.912],[33.185,-25.181],[31.297,-24.425],[28.349,-23.551],[26.149,-22.071],[25.789,-20.528],[25.87,-18.766],[25.904,-15.245],[26.229,-5.627],[26.347,-3.061],[26.781,11.667],[26.833,13.862],[26.833,19.021],[26.951,21.205],[26.833,23.471],[26.992,25.525],[26.992,27.739],[22.396,27.912],[17.637,22.752],[7.927,12.637],[1.132,5.511],[-3.856,0.131],[-12.731,-8.734],[-19.238,-14.895],[-18.882,0.721],[-18.837,3.656],[-18.882,6.635],[-18.645,12.135],[-18.203,19.617],[-18.005,21.128],[-17.522,22.424],[-10.731,23.302],[-9.691,23.584],[-9.534,26.995],[-11.087,27.04],[-19.158,26.408],[-27.627,26.655],[-29.945,26.828],[-31.263,26.655],[-31.336,24.983],[-31.3,23.471],[-29.464,23.255],[-27.908,23.341],[-23.935,22.814],[-23.233,19.982],[-22.961,11.837],[-22.961,9.527],[-22.877,-4.109],[-22.997,-12.642],[-23.595,-19.386],[-24.507,-21.069]],"c":true},"ix":2},"nm":"Path 1","mn":"ADBE Vector Shape - Group","hd":false},{"ty":"fl","c":{"a":1,"k":[{"i":{"x":[0.667],"y":[1]},"o":{"x":[0.333],"y":[0]},"t":-51,"s":[0.004342260548,0.390701174269,0.284159581801,1]},{"t":-46.0000018736184,"s":[1,1,1,1]}],"ix":4},"o":{"a":0,"k":100,"ix":5},"r":1,"bm":0,"nm":"Fill 2","mn":"ADBE Vector Graphic - Fill","hd":false},{"ty":"tr","p":{"a":0,"k":[489.667,432.385],"ix":2},"a":{"a":0,"k":[0,0],"ix":1},"s":{"a":1,"k":[{"i":{"x":[0.667,0.667],"y":[1,1]},"o":{"x":[0.333,0.333],"y":[0,0]},"t":-51,"s":[100,0]},{"t":-46.0000018736184,"s":[100,100]}],"ix":3},"r":{"a":0,"k":0,"ix":6},"o":{"a":0,"k":100,"ix":7},"sk":{"a":0,"k":0,"ix":4},"sa":{"a":0,"k":0,"ix":5},"nm":"Transform"}],"nm":"Group 26","np":2,"cix":2,"bm":0,"ix":10,"mn":"ADBE Vector Group","hd":false},{"ty":"gr","it":[{"ind":0,"ty":"sh","ix":1,"ks":{"a":0,"k":{"i":[[-2.538,-0.712],[-1.073,-3.949],[-0.022,-2.016],[0,0],[2.711,1.663],[3.361,0],[2.54,-3.394],[0,-8.191],[-0.591,-2.008],[-1.466,-2.073],[-1.814,-0.927],[-2.658,0],[-2.73,1.898],[-2.504,3.798],[-1.593,0.034],[0.245,-1.137],[0.531,-3.094],[0,0],[0,0],[2.935,-0.672],[4.293,0],[2.912,0.635],[2.076,1.395],[1.736,2.358],[0.843,2.771],[0,3.452],[-5.246,5.435],[-8.128,0],[-2.926,-0.357]],"o":[[0.345,0.833],[0.478,1.788],[0,0],[-2.553,-3.793],[-2.725,-1.66],[-4.124,0],[-3.437,4.596],[0,4.748],[0.952,3.272],[1.115,1.572],[2.34,1.259],[2.929,0],[2.727,-1.915],[0.983,-0.186],[-0.105,1.071],[-0.071,0.437],[0,0],[0,0],[-1.626,1.318],[-2.947,0.649],[-3.264,0],[-2.912,-0.66],[-3.038,-2.019],[-1.728,-2.348],[-0.837,-2.773],[0,-8.32],[5.234,-5.426],[3.296,0],[2.907,0.345]],"v":[[20.836,-26.085],[22.952,-18.908],[23.703,-13.209],[20.068,-13.209],[12.166,-21.41],[3.051,-23.914],[-6.935,-18.828],[-12.087,0.354],[-11.206,10.516],[-7.571,18.533],[-3.179,22.269],[4.328,24.156],[12.816,21.297],[20.673,12.731],[24.545,12.4],[24.021,15.707],[23.104,21.016],[22.752,22.282],[22.192,24.233],[15.341,27.21],[4.486,28.186],[-4.796,27.224],[-12.285,24.156],[-19.442,17.603],[-23.3,9.92],[-24.545,0.601],[-16.696,-20.057],[3.337,-28.186],[12.668,-27.664]],"c":true},"ix":2},"nm":"Path 1","mn":"ADBE Vector Shape - Group","hd":false},{"ty":"fl","c":{"a":1,"k":[{"i":{"x":[0.667],"y":[1]},"o":{"x":[0.333],"y":[0]},"t":-53,"s":[0.004342260548,0.390701174269,0.284159581801,1]},{"t":-48.0000019550801,"s":[1,1,1,1]}],"ix":4},"o":{"a":0,"k":100,"ix":5},"r":1,"bm":0,"nm":"Fill 2","mn":"ADBE Vector Graphic - Fill","hd":false},{"ty":"tr","p":{"a":0,"k":[429.086,431.531],"ix":2},"a":{"a":0,"k":[0,0],"ix":1},"s":{"a":1,"k":[{"i":{"x":[0.667,0.667],"y":[1,1]},"o":{"x":[0.333,0.333],"y":[0,0]},"t":-53,"s":[100,0]},{"t":-48.0000019550801,"s":[100,100]}],"ix":3},"r":{"a":0,"k":0,"ix":6},"o":{"a":0,"k":100,"ix":7},"sk":{"a":0,"k":0,"ix":4},"sa":{"a":0,"k":0,"ix":5},"nm":"Transform"}],"nm":"Group 27","np":2,"cix":2,"bm":0,"ix":11,"mn":"ADBE Vector Group","hd":false},{"ty":"gr","it":[{"ind":0,"ty":"sh","ix":1,"ks":{"a":0,"k":{"i":[[0,0],[-1.12,-0.171],[-2.771,0],[-3.966,0.156],[-4.794,0],[0,0],[-3.166,-0.413],[0,-0.943],[0,0],[0,0],[0.027,-0.333],[0,0],[0.695,0.059],[0.409,1.087],[0,0],[1.081,1.321],[1.033,0.028],[1.358,0.119],[2.852,0],[2.559,-0.106],[0,-4.816],[0,0],[0,0],[-0.473,0],[-2.024,0.195],[-0.477,0.351],[-0.374,0.873],[-0.689,3.516],[0,0],[0,0],[0,-1.284],[0.043,-0.841],[0,-0.482],[-0.078,-1.668],[0,-0.819],[0,0],[0,0],[0.297,1.404],[0.433,0.65],[0.747,0.246],[3.415,0],[2.027,-0.231],[0,0],[-0.098,-2.207],[0,0],[-0.721,-0.396],[-5.597,0],[-2.585,0.593],[-1.354,1.457],[-1.204,3.38],[-0.531,0],[-0.581,-0.021],[0.045,-0.463],[0,0],[0,0],[0,0],[1.011,0],[6.475,0.274],[6.425,0],[4.66,-0.288],[0,0],[0,0],[0,0],[-1.517,0.179],[-1.061,0.564],[0,1.225],[0.04,1.146],[0,0],[0,0],[0,0],[0,0],[0,0],[0,0],[0.054,0.412],[0.532,0.089],[0.511,0.11],[1.411,0.06],[0.663,0.081]],"o":[[1.51,0.09],[2.106,0.306],[0.959,0],[5.938,-0.257],[0,0],[1.624,0],[0.481,0.564],[0,0],[0,0],[0,0.169],[0,0],[-0.217,0],[-0.236,-0.551],[0,0],[-0.613,-1.264],[-0.67,-0.188],[-0.261,-0.037],[-2.48,-0.224],[-3.249,0],[-0.083,0.705],[0,0],[0,0],[0.67,0.088],[4.775,0],[2.023,-0.196],[0.478,-0.338],[0.238,-0.603],[0,0],[0,0],[0.096,2.49],[0,2.937],[-0.035,0.843],[0,0.752],[0.08,1.657],[0,0],[0,0],[-0.096,-0.436],[-0.534,-2.594],[-0.32,-0.503],[-0.537,-0.203],[-4.024,0],[0,0],[0,3.329],[0,0],[0,1.074],[1.083,0.593],[3.707,0],[1.784,-0.421],[1.815,-1.874],[0.812,-0.095],[0.293,0],[-0.08,0.704],[0,0],[0,0],[0,0],[-1.732,0.078],[-1.492,0],[-4.554,-0.201],[-3.21,0],[0,0],[0,0],[0,0],[0.504,-0.135],[2.773,-0.341],[0.29,-0.81],[0,-0.48],[0,0],[0,0],[0,0],[0,0],[0,0],[0,0],[0,-0.131],[-0.275,-0.304],[-0.287,-0.04],[-1.517,-0.339],[-0.508,-0.027],[0,0]],"v":[[-26.516,-27.332],[-22.571,-26.946],[-15.259,-26.484],[-7.87,-26.731],[8.227,-27.117],[15.464,-27.191],[22.649,-26.575],[23.379,-24.312],[23.379,-15.654],[23.449,-13.93],[23.406,-13.182],[21.766,-13.086],[20.413,-13.182],[19.444,-15.654],[17.857,-18.631],[15.307,-22.503],[12.744,-22.826],[10.309,-23.047],[2.315,-23.381],[-6.395,-23.208],[-6.512,-14.944],[-6.478,-7.892],[-6.478,-2.604],[-4.755,-2.471],[5.457,-2.761],[9.221,-3.586],[10.505,-5.413],[11.902,-11.585],[12.429,-11.62],[14.741,-11.585],[14.904,-5.921],[14.835,-0.253],[14.78,1.727],[14.904,5.359],[15.026,9.071],[15.026,9.986],[12.182,9.986],[11.581,7.217],[10.146,2.356],[8.543,1.225],[2.613,0.931],[-6.478,1.27],[-6.478,2.689],[-6.322,10.999],[-6.395,20.067],[-5.314,22.252],[4.713,23.131],[14.148,22.252],[18.85,19.44],[23.379,11.552],[25.408,11.418],[26.727,11.457],[26.532,13.215],[26.287,14.481],[24.838,22.417],[24.132,27.206],[20.012,27.332],[8.055,26.912],[-8.416,26.612],[-20.208,27.04],[-21.892,27.04],[-26.727,27.206],[-26.727,24.305],[-23.691,23.845],[-17.942,22.504],[-17.504,19.44],[-17.547,17.007],[-17.504,15.711],[-17.622,-0.124],[-17.578,-4.858],[-17.778,-11.585],[-17.734,-16.332],[-18.098,-21.541],[-18.176,-22.365],[-19.372,-22.966],[-20.577,-23.208],[-24.975,-23.804],[-26.727,-23.963]],"c":true},"ix":2},"nm":"Path 1","mn":"ADBE Vector Shape - Group","hd":false},{"ty":"fl","c":{"a":1,"k":[{"i":{"x":[0.667],"y":[1]},"o":{"x":[0.333],"y":[0]},"t":-55,"s":[0.004342260548,0.390701174269,0.284159581801,1]},{"t":-50.0000020365418,"s":[1,1,1,1]}],"ix":4},"o":{"a":0,"k":100,"ix":5},"r":1,"bm":0,"nm":"Fill 2","mn":"ADBE Vector Graphic - Fill","hd":false},{"ty":"tr","p":{"a":0,"k":[371.056,431.881],"ix":2},"a":{"a":0,"k":[0,0],"ix":1},"s":{"a":1,"k":[{"i":{"x":[0.667,0.667],"y":[1,1]},"o":{"x":[0.333,0.333],"y":[0,0]},"t":-55,"s":[100,0]},{"t":-50.0000020365418,"s":[100,100]}],"ix":3},"r":{"a":0,"k":0,"ix":6},"o":{"a":0,"k":100,"ix":7},"sk":{"a":0,"k":0,"ix":4},"sa":{"a":0,"k":0,"ix":5},"nm":"Transform"}],"nm":"Group 28","np":2,"cix":2,"bm":0,"ix":12,"mn":"ADBE Vector Group","hd":false},{"ty":"gr","it":[{"ind":0,"ty":"sh","ix":1,"ks":{"a":0,"k":{"i":[[-1.463,5.445],[-0.172,0.564],[0,0],[-0.08,-0.148],[-0.399,-0.428],[-3.302,0],[-1.6,0.03],[0,0],[0,0],[0,0],[0,0],[0,0],[-0.397,1.119],[-0.186,0.456],[0,0],[-0.527,-0.031],[0,-3.894],[0,0],[0,0],[0.102,-0.532],[0.825,-0.093],[0.816,2.08],[0.213,0.23],[0.42,0.115],[5.013,0],[1.119,-0.092],[0,-0.697],[0,0],[0,0],[0,0],[0,0],[-0.322,-0.979],[-1.147,-0.162],[-1.767,-0.408],[-0.615,-0.259],[0,-0.222],[0.078,-0.468],[0.369,0],[1.923,0.205],[5.047,0],[3.887,-0.346],[0.455,0],[0.024,0.235],[0,0],[0,0],[-1.628,0.394],[-1.064,0.557],[-0.059,0.88],[0,7.342],[0,0],[0.157,0.94],[0.129,0.118],[0.241,0.04],[4.556,0],[0.854,-0.494],[2.304,-3.102],[0.318,0],[0.334,0.429]],"o":[[0.426,-1.593],[0,0],[0.187,0.307],[0.748,1.362],[0.343,0.083],[2.05,0],[0,0],[0,0],[0,0],[0,0],[0,0],[0.344,-0.258],[0.101,-0.252],[0,0],[0.267,0],[0.029,1.94],[0,0],[0,0],[0,0.726],[-1.093,0.357],[-0.699,-1.101],[-0.811,-2.076],[-0.312,-0.367],[-0.643,-0.125],[-0.747,0],[-0.129,1.1],[0,0],[0,0],[0,0],[0,0],[0,1.942],[0.428,0.198],[0.222,0.04],[0.806,0.205],[0.128,1.002],[0,0.266],[-0.596,0.031],[-2.741,0],[-1.913,-0.22],[-0.798,0],[-1.52,0.106],[-0.021,-0.416],[0,0],[0,0],[0.589,-0.818],[2.764,-0.693],[0.263,-0.537],[0.182,-3.346],[0,0],[0,-4.359],[-0.062,-0.251],[-0.142,-0.118],[-0.825,-0.092],[-2.499,0],[-1.133,0.709],[-0.653,0.895],[-1.226,-0.673],[0.816,-1.824]],"v":[[-23.494,-25.116],[-22.579,-28.357],[-20.095,-28.357],[-19.701,-27.672],[-17.979,-24.996],[-12.508,-24.867],[-7.029,-24.913],[-6.23,-24.996],[-1.395,-25.046],[7.63,-24.996],[19.97,-24.996],[22.333,-25.339],[23.449,-27.383],[23.887,-28.439],[25.648,-28.479],[26.845,-28.439],[26.879,-19.703],[26.924,-15.973],[26.879,-13.832],[26.733,-11.939],[23.854,-11.262],[21.586,-16.017],[20.044,-19.456],[18.927,-20.178],[10.432,-20.387],[7.63,-20.221],[7.44,-17.53],[7.471,-11.909],[7.471,0.44],[7.585,13.743],[7.56,19.199],[8.034,23.573],[10.393,24.113],[13.37,24.78],[15.5,25.462],[15.697,27.305],[15.583,28.401],[14.142,28.441],[7.146,28.137],[-3.279,27.815],[-10.305,28.326],[-13.266,28.479],[-13.349,27.508],[-13.389,26.552],[-13.389,26.219],[-10.063,24.409],[-4.318,22.522],[-3.835,20.418],[-3.556,4.376],[-3.762,-11.479],[-3.992,-19.419],[-4.27,-19.98],[-4.835,-20.221],[-12.908,-20.387],[-17.944,-19.625],[-23.102,-13.923],[-24.572,-12.574],[-26.923,-14.208]],"c":true},"ix":2},"nm":"Path 1","mn":"ADBE Vector Shape - Group","hd":false},{"ty":"fl","c":{"a":1,"k":[{"i":{"x":[0.667],"y":[1]},"o":{"x":[0.333],"y":[0]},"t":-56,"s":[0.004342260548,0.390701174269,0.284159581801,1]},{"t":-51.0000020772726,"s":[1,1,1,1]}],"ix":4},"o":{"a":0,"k":100,"ix":5},"r":1,"bm":0,"nm":"Fill 1","mn":"ADBE Vector Graphic - Fill","hd":false},{"ty":"tr","p":{"a":0,"k":[313.529,430.561],"ix":2},"a":{"a":0,"k":[0,0],"ix":1},"s":{"a":1,"k":[{"i":{"x":[0.667,0.667],"y":[1,1]},"o":{"x":[0.333,0.333],"y":[0,0]},"t":-57,"s":[100,0]},{"t":-52.0000021180034,"s":[100,100]}],"ix":3},"r":{"a":0,"k":0,"ix":6},"o":{"a":0,"k":100,"ix":7},"sk":{"a":0,"k":0,"ix":4},"sa":{"a":0,"k":0,"ix":5},"nm":"Transform"}],"nm":"Group 29","np":2,"cix":2,"bm":0,"ix":13,"mn":"ADBE Vector Group","hd":false},{"ty":"tr","p":{"a":0,"k":[663.908,431.255],"ix":2},"a":{"a":0,"k":[663.908,431.255],"ix":1},"s":{"a":0,"k":[100,100],"ix":3},"r":{"a":0,"k":0,"ix":6},"o":{"a":0,"k":100,"ix":7},"sk":{"a":0,"k":0,"ix":4},"sa":{"a":0,"k":0,"ix":5},"nm":"Transform"}],"nm":"Group 17","np":13,"cix":2,"bm":0,"ix":1,"mn":"ADBE Vector Group","hd":false}],"ip":-57.0000023216576,"op":1023.00004166764,"st":-57.0000023216576,"bm":0}],"markers":[]}